fips,county,state_name,state_abbr,svi,ml_risk,nri_risk,nri_eal,nri_sovi,nri_resl,SWND_NORM,HRCN_NORM,TRND_NORM,HWAV_NORM,CWAV_NORM,ISTM_NORM,DRGT_NORM,WFIR_NORM,LTNG_NORM,risk
01001,Autauga County,Alabama,AL,0.2663,1.8071923006873063e-06,0.5756997455470738,0.598700495049505,0.38040712470000004,0.551208651399491,0.5300123762376238,0.7930074257425742,0.7481435643564357,0.8641707920792079,0.30136138613861385,0.47060643564356436,0.4712252475247525,0.47215346534653463,0.8217821782178217,0.0384
01003,Baldwin County,Alabama,AL,0.3487,2.062035281668679e-06,0.9672391857506362,0.9662747524752477,0.4424300254,0.9300254452926208,0.8551980198019802,0.994430693069307,0.9303836633663366,0.9248143564356436,0.8084777227722773,0.5198019801980198,0.7521658415841584,0.9102722772277227,0.9888613861386139,0.073
01005,Barbour County,Alabama,AL,0.9927,1.6952979612087767e-06,0.481234096692112,0.30538366336633666,0.9637404580000001,0.1116412213740458,0.3183787128712871,0.8514851485148515,0.7920792079207921,0.7057549504950495,0.16181930693069307,0.3462252475247525,0.7085396039603961,0.5024752475247525,0.6875,0.067
01007,Bibb County,Alabama,AL,0.8451,1.5855049570495616e-06,0.3912213740458015,0.3100247524752475,0.7525445293,0.22169211195928754,0.1859529702970297,0.6296410891089109,0.7778465346534653,0.6116955445544554,0.4130569306930693,0.3369430693069307,0.3567450495049505,0.5006188118811881,0.5399133663366337,0.0541
01009,Blount County,Alabama,AL,0.6166,0.062442337209736576,0.6847964376590331,0.6234529702970297,0.6933842239000001,0.15648854961832065,0.7945544554455446,0.7255569306930693,0.9223391089108911,0.7060643564356436,0.6451113861386139,0.49504950495049505,0.5640470297029703,0.6599628712871287,0.8038366336633663,0.0732
01011,Bullock County,Alabama,AL,0.8985,1.9609493478617367e-06,0.25254452926208654,0.13551980198019803,0.9755089059,0.33142493638676845,0.5374381188118812,0.8233292079207921,0.5792079207920792,0.5179455445544554,0.125,0.22400990099009901,0.9124381188118812,0.4755569306930693,0.4186262376237624,0.0466
01013,Butler County,Alabama,AL,0.6872,2.3001711339768173e-06,0.45165394402035625,0.32425742574257427,0.9176208651000001,0.5003180661577608,0.7317450495049505,0.8951113861386139,0.6813118811881188,0.5770420792079208,0.3870668316831683,0.17419554455445543,0.3879950495049505,0.32951732673267325,0.849319306930693,0.0443
01015,Calhoun County,Alabama,AL,0.8145,2.2019644316223516e-06,0.8845419847328244,0.8477722772277229,0.8148854962000001,0.4844147582697201,0.8524133663366337,0.806930693069307,0.9826732673267327,0.7914603960396039,0.7629950495049505,0.5857054455445545,0.6231435643564357,0.8202351485148515,0.8094059405940595,0.0859
01017,Chambers County,Alabama,AL,0.8295,0.08314726819837644,0.4723282442748092,0.3870668316831683,0.7942111959,0.41444020356234096,0.33353960396039606,0.7787747524752475,0.681930693069307,0.8341584158415841,0.4034653465346535,0.43780940594059403,0.4037747524752475,0.5297029702970297,0.59375,0.0596
01019,Cherokee County,Alabama,AL,0.406,0.0331927023762609,0.6332697201017812,0.531559405940594,0.8180661578,0.16125954198473283,0.4628712871287129,0.7249381188118812,0.8341584158415841,0.4665841584158416,0.5498143564356436,0.3873762376237624,0.900680693069307,0.6909034653465347,0.4771039603960396,0.0583
01021,Chilton County,Alabama,AL,0.5336,2.2266291385761603e-06,0.5470737913486005,0.53125,0.5260814249,0.2143765903307888,0.3035272277227723,0.6890470297029703,0.8616955445544554,0.692759900990099,0.5139232673267327,0.2896039603960396,0.42945544554455445,0.6426361386138614,0.6556311881188119,0.0535
01023,Choctaw County,Alabama,AL,0.6548,1.947670394215474e-06,0.7061068702290076,0.6172648514851485,0.7970737913000001,0.12786259541984732,0.31683168316831684,0.9207920792079208,0.7843440594059405,0.47988861386138615,0.6212871287128713,0.5396039603960396,0.33601485148514854,0.5374381188118812,0.5587871287128713,0.0718
01025,Clarke County,Alabama,AL,0.8365,2.2158230398858646e-06,0.5340330788804071,0.46132425742574257,0.7410941476,0.35846055979643765,0.31373762376237624,0.9229579207920792,0.6865717821782178,0.6745049504950495,0.5686881188118812,0.26701732673267325,0.2905321782178218,0.45451732673267325,0.6896658415841584,0.0588
01027,Clay County,Alabama,AL,0.6223,0.1233246870401159,0.26685750636132316,0.16986386138613863,0.8940839695,0.49904580152671757,0.2332920792079208,0.7589727722772277,0.6806930693069307,0.4214108910891089,0.47370049504950495,0.2568069306930693,0.3220915841584158,0.71875,0.3152846534653465,0.0432
01029,Cleburne County,Alabama,AL,0.5196,0.09086388012995288,0.2748091603053435,0.17481435643564358,0.8425572519000001,0.08333333333333331,0.26113861386138615,0.7435024752475248,0.7085396039603961,0.37685643564356436,0.42945544554455445,0.2376237623762376,0.49876237623762376,0.6816212871287128,0.26113861386138615,0.0486
01031,Coffee County,Alabama,AL,0.6802,2.191324764767015e-06,0.8342875318066157,0.8112623762376238,0.5957379135,0.4239821882951654,0.7079207920792079,0.9470915841584159,0.9053217821782178,0.6599628712871287,0.6107673267326733,0.6002475247524752,0.5631188118811881,0.5764232673267327,0.8589108910891089,0.0776
01033,Colbert County,Alabama,AL,0.4467,0.021486766627764418,0.806615776081425,0.7663985148514851,0.6981552163000001,0.6806615776081425,0.9647277227722773,0.7032797029702971,0.8793316831683168,0.818069306930693,0.8867574257425742,0.6185024752475248,0.6129331683168316,0.30228960396039606,0.8576732673267327,0.063
01035,Conecuh County,Alabama,AL,0.5122,2.071262340962722e-06,0.3110687022900763,0.18626237623762376,0.9328880407,0.1739821882951654,0.3613861386138614,0.8879950495049505,0.6209777227722773,0.5139232673267327,0.2787747524752475,0.1166460396039604,0.48360148514851486,0.5123762376237624,0.630569306930693,0.0394
01037,Coosa County,Alabama,AL,0.4808,2.505587882936847e-06,0.14567430025445294,0.12902227722772275,0.6208651399,0.36450381679389315,0.24814356435643564,0.6673886138613861,0.38985148514851486,0.4152227722772277,0.23422029702970298,0.13149752475247525,0.22524752475247525,0.6540841584158416,0.24597772277227722,0.0281
01039,Covington County,Alabama,AL,0.7121,2.3001711339768173e-06,0.8244274809160305,0.7518564356435643,0.8673664122,0.40426208651399487,0.4353341584158416,0.9672029702970297,0.8409653465346535,0.7076113861386139,0.5866336633663366,0.3787128712871287,0.5643564356435643,0.5102103960396039,0.9622524752475248,0.0772
01041,Crenshaw County,Alabama,AL,0.685,1.9844413919158026e-06,0.3438295165394402,0.23050742574257427,0.9029898219,0.32665394402035625,0.3917079207920792,0.885519801980198,0.6420173267326733,0.5030940594059405,0.2957920792079208,0.1454207920792079,0.3811881188118812,0.2719678217821782,0.588799504950495,0.0428
01043,Cullman County,Alabama,AL,0.4909,0.019989792317327833,0.8193384223918575,0.7642326732673267,0.7566793893,0.3368320610687023,0.9359529702970297,0.7982673267326733,0.9031559405940595,0.8292079207920792,0.9353341584158416,0.6556311881188119,0.6070544554455446,0.6602722772277227,0.8579826732673267,0.0724
01045,Dale County,Alabama,AL,0.7766,2.3676587063447985e-06,0.6774809160305344,0.5773514851485149,0.8187022901000001,0.15776081424936386,0.44214108910891087,0.9204826732673267,0.8824257425742574,0.681930693069307,0.645730198019802,0.21782178217821782,0.6407797029702971,0.46070544554455445,0.8084777227722773,0.0727
01047,Dallas County,Alabama,AL,0.9189,0.07141411894888719,0.7076972010178118,0.5770420792079208,0.9586513995,0.5,0.6949257425742574,0.8301361386138614,0.8372524752475248,0.8261138613861386,0.45142326732673266,0.4969059405940594,0.7212252475247525,0.4375,0.8771658415841584,0.0766
01049,DeKalb County,Alabama,AL,0.756,0.011760260854838734,0.8037531806615776,0.7366955445544554,0.7468193384,0.13454198473282442,0.9102722772277227,0.7750618811881188,0.8858292079207921,0.6534653465346535,0.8796410891089109,0.6772896039603961,0.8762376237623762,0.744740099009901,0.7407178217821783,0.0854
01051,Elmore County,Alabama,AL,0.4397,2.3001711339768173e-06,0.7216921119592875,0.7119430693069307,0.4907760814,0.6141857506361323,0.6630569306930693,0.817450495049505,0.7626856435643564,0.8703589108910891,0.42976485148514854,0.3771658415841584,0.6101485148514851,0.6290222772277227,0.8335396039603961,0.0548
01053,Escambia County,Alabama,AL,0.8473,2.3001711339768173e-06,0.8501908396946563,0.7747524752475248,0.8969465649,0.2652671755725191,0.749690594059406,0.9746287128712872,0.8350866336633663,0.84375,0.4619430693069307,0.14356435643564355,0.6491336633663366,0.7472153465346535,0.9659653465346535,0.0882
01055,Etowah County,Alabama,AL,0.672,2.3001711339768173e-06,0.8734096692111959,0.8381806930693068,0.7798982188,0.5756997455470738,0.9470915841584159,0.7654702970297029,0.9789603960396039,0.7846534653465347,0.7827970297029703,0.5946782178217822,0.4972153465346535,0.7342202970297029,0.7957920792079208,0.0778
01057,Fayette County,Alabama,AL,0.7458,0.11061320145365197,0.3816793893129771,0.29146039603960394,0.7884860051,0.2404580152671756,0.7289603960396039,0.7329826732673267,0.661819306930693,0.6884282178217822,0.5711633663366337,0.4749381188118812,0.5114480198019802,0.2948638613861386,0.6853341584158416,0.0582
01059,Franklin County,Alabama,AL,0.7576,0.047539676589284326,0.6771628498727735,0.5535272277227723,0.899173028,0.17716284987277356,0.5111386138613861,0.7060643564356436,0.9334777227722773,0.713799504950495,0.84375,0.5389851485148515,0.4176980198019802,0.3941831683168317,0.7054455445544554,0.0748
01061,Geneva County,Alabama,AL,0.5822,2.2788550491566327e-06,0.5337150127226463,0.41398514851485146,0.8765903308,0.29770992366412213,0.37623762376237624,0.9056311881188119,0.5290841584158416,0.5464108910891089,0.5665222772277227,0.33910891089108913,0.7113242574257426,0.3948019801980198,0.7144183168316832,0.0506
01063,Greene County,Alabama,AL,0.9157,2.505587882936847e-06,0.2929389312977099,0.15532178217821782,0.9812340967000001,0.21151399491094142,0.5219678217821783,0.7258663366336634,0.5473391089108911,0.8654084158415841,0.20915841584158415,0.27722772277227725,0.27970297029702973,0.16491336633663367,0.6893564356435643,0.052
01065,Hale County,Alabama,AL,0.8826,0.19964701111221134,0.39090330788804073,0.2577351485148514,0.9061704835000001,0.22646310432569977,0.5281559405940595,0.7676361386138614,0.6909034653465347,0.604269801980198,0.33879950495049505,0.3381806930693069,0.39882425742574257,0.275990099009901,0.9409034653465347,0.0708
01067,Henry County,Alabama,AL,0.6195,2.3001711339768173e-06,0.4204834605597965,0.28991336633663367,0.9338422392,0.4669211195928753,0.2592821782178218,0.8715965346534653,0.7329826732673267,0.4591584158415842,0.505259900990099,0.15377475247524752,0.8168316831683168,0.3558168316831683,0.5841584158415841,0.0408
01069,Houston County,Alabama,AL,0.7175,0.045452276894692216,0.8778625954198473,0.8514851485148515,0.7223282443,0.7595419847328244,0.8768564356435643,0.9542079207920792,0.9603960396039604,0.8050742574257426,0.7685643564356436,0.6120049504950495,0.7831064356435643,0.5324876237623762,0.9402846534653465,0.081
01071,Jackson County,Alabama,AL,0.7194,2.3637321472888244e-06,0.7903944020356234,0.71875,0.7773536896000001,0.27131043256997456,0.8833539603960396,0.6986386138613861,0.9257425742574258,0.5541460396039604,0.8378712871287128,0.687809405940594,0.838180693069307,0.6225247524752475,0.8920173267326733,0.0777
01073,Jefferson County,Alabama,AL,0.7251,0.057012656574453834,0.9761450381679388,0.9693688118811881,0.5620229008,0.7999363867684478,0.9761757425742574,0.8264232673267327,0.9956683168316832,0.9771039603960396,0.9854579207920792,0.885519801980198,0.2880569306930693,0.7964108910891089,0.995049504950495,0.0929
01075,Lamar County,Alabama,AL,0.4731,2.3001711339768173e-06,0.3139312977099237,0.2472153465346535,0.7490458015,0.2547709923664122,0.39603960396039606,0.7168935643564357,0.6280940594059405,0.5213490099009901,0.5470297029702971,0.47215346534653463,0.39542079207920794,0.2676361386138614,0.8951113861386139,0.0362
01077,Lauderdale County,Alabama,AL,0.4919,0.010488441615112762,0.8549618320610687,0.8480816831683168,0.4685114504,0.6103689567430025,0.9421410891089109,0.7116336633663366,0.9220297029702971,0.8521039603960396,0.937190594059406,0.6649133663366337,0.5495049504950495,0.25866336633663367,0.8709777227722773,0.0703
01079,Lawrence County,Alabama,AL,0.3624,2.3312921436921928e-06,0.6930661577608143,0.6166460396039602,0.7872137404999999,0.3256997455470738,0.7063737623762376,0.7252475247524752,0.9056311881188119,0.8227103960396039,0.8047648514851485,0.5136138613861386,0.7354579207920792,0.3496287128712871,0.8459158415841584,0.0546
01081,Lee County,Alabama,AL,0.6446,2.3475749991214394e-06,0.7970737913486005,0.7998143564356436,0.4268447837,0.5200381679389313,0.7892945544554455,0.8678836633663366,0.7633044554455446,0.9229579207920792,0.19028465346534654,0.619740099009901,0.7998143564356436,0.7314356435643564,0.9099628712871287,0.0711
01083,Limestone County,Alabama,AL,0.3233,0.024379566942606783,0.799618320610687,0.8288985148514851,0.2375954198,0.7617684478371501,0.5550742574257426,0.7048267326732673,0.8849009900990099,0.7329826732673267,0.9393564356435643,0.6840965346534653,0.7592821782178217,0.27784653465346537,0.5733292079207921,0.0585
01085,Lowndes County,Alabama,AL,0.9042,0.0,0.2907124681933842,0.14975247524752475,0.9961832061,0.26653944020356235,0.6816212871287128,0.7880569306930693,0.6797648514851485,0.7366955445544554,0.16367574257425743,0.24566831683168316,0.5355816831683168,0.33353960396039606,0.49226485148514854,0.0499
01087,Macon County,Alabama,AL,0.9656,2.9164213808569066e-06,0.2385496183206107,0.14232673267326731,0.9246183206,0.5578880407124682,0.2728960396039604,0.7691831683168316,0.4941212871287129,0.6120049504950495,0.08663366336633663,0.3118811881188119,0.7227722772277227,0.5411509900990099,0.599009900990099,0.0436
01089,Madison County,Alabama,AL,0.3509,0.006661770994613709,0.9456106870229009,0.9520420792079208,0.266221374,0.8368320610687023,0.9749381188118812,0.780940594059406,0.9851485148514851,0.9443069306930693,0.9668935643564357,0.9124381188118812,0.6163366336633663,0.3780940594059406,0.9696782178217822,0.072
01091,Marengo County,Alabama,AL,0.6691,2.3001711339768173e-06,0.5216284987277354,0.36509900990099015,0.9688295164999999,0.35368956743002544,0.8347772277227723,0.8326113861386139,0.7951732673267327,0.7221534653465347,0.46751237623762376,0.43935643564356436,0.5476485148514851,0.40501237623762376,0.713180693069307,0.051
01093,Marion County,Alabama,AL,0.6946,2.3001711339768173e-06,0.6914758269720102,0.541769801980198,0.9510178117,0.09605597964376593,0.6398514851485149,0.7599009900990099,0.9093440594059405,0.6881188118811881,0.7818688118811881,0.5430074257425742,0.39294554455445546,0.3879950495049505,0.9795792079207921,0.0721
01095,Marshall County,Alabama,AL,0.6201,2.7514023102637443e-05,0.8730916030534351,0.8375618811881188,0.7534987277,0.3902671755725191,0.9715346534653465,0.7698019801980198,0.9786509900990099,0.8146658415841584,0.8613861386138614,0.755259900990099,0.5538366336633663,0.6417079207920792,0.8892326732673267,0.0799
01097,Mobile County,Alabama,AL,0.8304,0.14276420257246533,0.9802798982188295,0.9764851485148515,0.5394402036,0.7967557251908397,0.8137376237623762,0.9956683168316832,0.9470915841584159,0.9610148514851485,0.8632425742574258,0.8152846534653465,0.8660272277227723,0.9365717821782178,0.9848391089108911,0.1041
01099,Monroe County,Alabama,AL,0.7416,2.3001711339768173e-06,0.4866412213740458,0.3626237623762376,0.8781806616,0.23536895674300257,0.33910891089108913,0.9105816831683168,0.6166460396039604,0.6064356435643564,0.43285891089108913,0.21658415841584158,0.6225247524752475,0.4381188118811881,0.823019801980198,0.055
01101,Montgomery County,Alabama,AL,0.929,2.3001711339768173e-06,0.9182569974554707,0.895111386138614,0.7134223919,0.7245547073791349,0.9585396039603961,0.905940594059406,0.9668935643564357,0.9665841584158416,0.23793316831683167,0.698019801980198,0.5798267326732673,0.5293935643564357,0.9712252475247525,0.0898
01103,Morgan County,Alabama,AL,0.6787,0.027362922550285045,0.8883587786259542,0.870358910891089,0.608778626,0.4793256997455471,0.9074876237623762,0.7626856435643564,0.9839108910891089,0.8852103960396039,0.8418935643564357,0.750309405940594,0.49257425742574257,0.5030940594059405,0.932240099009901,0.0841
01105,Perry County,Alabama,AL,0.9214,2.762358819136884e-06,0.18829516539440203,0.0906559405940594,0.9895038168000001,0.30756997455470736,0.5235148514851485,0.7722772277227723,0.5491955445544554,0.5068069306930693,0.24597772277227722,0.21225247524752475,0.6166460396039604,0.2524752475247525,0.5863242574257426,0.0462
01107,Pickens County,Alabama,AL,0.8918,0.07141074352378855,0.446882951653944,0.3063118811881188,0.9166666667,0.18320610687022898,0.484220297029703,0.7719678217821783,0.7682549504950495,0.8044554455445545,0.41955445544554454,0.49597772277227725,0.4458539603960396,0.29857673267326734,0.7564975247524752,0.0651
01109,Pike County,Alabama,AL,0.8002,2.505587882936847e-06,0.4398854961832061,0.3780940594059406,0.7449109414999999,0.5760178117048346,0.5182549504950495,0.8780940594059405,0.588799504950495,0.7713490099009901,0.1547029702970297,0.2784653465346535,0.5275371287128713,0.3567450495049505,0.6707920792079208,0.0469
01111,Randolph County,Alabama,AL,0.559,2.3065716201321046e-06,0.3059796437659033,0.260519801980198,0.6692111959,0.23823155216284989,0.2747524752475248,0.791769801980198,0.6361386138613861,0.47370049504950495,0.45853960396039606,0.3613861386138614,0.4402846534653465,0.6475866336633663,0.3063118811881188,0.0396
01113,Russell County,Alabama,AL,0.8963,2.3001711339768173e-06,0.5473918575063612,0.4993811881188119,0.6345419847,0.14217557251908397,0.2787747524752475,0.8159034653465347,0.5977722772277227,0.78125,0.11262376237623763,0.35179455445544555,0.7694925742574258,0.5686881188118812,0.8452970297029703,0.0684
01115,St. Clair County,Alabama,AL,0.2587,5.7503005368865774e-05,0.7213740458015268,0.7487623762376238,0.304389313,0.4204834605597965,0.7428836633663366,0.6785272277227723,0.9198638613861386,0.7274133663366337,0.6345915841584159,0.4501856435643564,0.4573019801980198,0.7252475247524752,0.7156559405940595,0.0529
01117,Shelby County,Alabama,AL,0.1238,2.3412544837688235e-06,0.902671755725191,0.911509900990099,0.1657124682,0.7401399491094147,0.7908415841584159,0.7475247524752475,0.9829826732673267,0.8898514851485149,0.8685024752475248,0.6661509900990099,0.504950495049505,0.75,0.9183168316831684,0.0597
01119,Sumter County,Alabama,AL,0.9255,2.3561938836931892e-06,0.5302162849872774,0.349319306930693,0.9926844784,0.1475826972010178,0.5668316831683168,0.8239480198019802,0.8224009900990099,0.6909034653465347,0.48948019801980197,0.5154702970297029,0.5826113861386139,0.3620049504950495,0.6138613861386139,0.0664
01121,Talladega County,Alabama,AL,0.908,0.03845182514813914,0.8466921119592875,0.7790841584158416,0.8654580153000001,0.40458015267175573,0.8087871287128713,0.8103341584158416,0.9393564356435643,0.8245668316831684,0.9053217821782178,0.5501237623762376,0.5754950495049505,0.7970297029702971,0.7026608910891089,0.0896
01123,Tallapoosa County,Alabama,AL,0.8692,2.2653691000354526e-06,0.674618320610687,0.5891089108910892,0.8075699745999999,0.44561068702290074,0.422029702970297,0.8087871287128713,0.7357673267326733,0.8483910891089109,0.48514851485148514,0.42698019801980197,0.4158415841584158,0.7574257425742574,0.682549504950495,0.0682
01125,Tuscaloosa County,Alabama,AL,0.651,0.09504476136558344,0.9080788804071248,0.8923267326732673,0.5518447837,0.7185114503816794,0.9464727722772277,0.8598391089108911,0.9758663366336634,0.9576113861386139,0.8431311881188119,0.7738242574257426,0.4470915841584158,0.5826113861386139,0.8842821782178217,0.0865
01127,Walker County,Alabama,AL,0.6398,2.334407258803489e-06,0.8260178117048347,0.7651608910891089,0.8015267176,0.22709923664122136,0.8422029702970297,0.6905940594059405,0.9409034653465347,0.8524133663366337,0.8199257425742574,0.5235148514851485,0.4118193069306931,0.6349009900990099,0.8378712871287128,0.0797
01129,Washington County,Alabama,AL,0.3217,2.546671232728853e-06,0.45642493638676845,0.3818069306930693,0.7881679389,0.602735368956743,0.6426361386138614,0.9031559405940595,0.6726485148514851,0.541769801980198,0.45235148514851486,0.25340346534653463,0.4718440594059406,0.6676980198019802,0.5525990099009901,0.03
01131,Wilcox County,Alabama,AL,0.9819,2.9164213808569066e-06,0.3670483460559797,0.21503712871287128,0.9707379134999999,0.1959287531806616,0.2623762376237624,0.8251856435643564,0.5532178217821783,0.4681311881188119,0.3966584158415842,0.2400990099009901,0.3805693069306931,0.4718440594059406,0.5244430693069307,0.058
01133,Winston County,Alabama,AL,0.6125,2.3001711339768173e-06,0.5919211195928753,0.4356435643564357,0.9599236641000001,0.16634860050890585,0.6472772277227723,0.724009900990099,0.7979579207920792,0.6407797029702971,0.6791460396039604,0.5210396039603961,0.2818688118811881,0.6024133663366337,0.7527846534653465,0.0591
02013,Aleutians East Borough,Alaska,AK,0.7754,0.0,0.21342239185750636,0.0891089108910891,0.9990458015,0.00731552162849873,0.017326732673267328,0.1551670792079208,0.03650990099009901,0.02645420792079208,0.024133663366336634,0.10024752475247525,0.07317450495049505,0.027846534653465347,0.028465346534653466,0.0509
02016,Aleutians West Census Area,Alaska,AK,0.5033,0.0,0.6730279898218829,0.7181311881188119,0.2204198473,0.00477099236641221,0.017326732673267328,0.1551670792079208,0.03310643564356436,0.02645420792079208,0.05754950495049505,0.1135519801980198,0.07317450495049505,0.013923267326732673,0.027537128712871287,0.0702
02020,Anchorage Municipality,Alaska,AK,0.6052,0.0,0.9739185750636133,0.9842202970297029,0.1138676845,0.3479643765903308,0.017326732673267328,0.1551670792079208,0.03155940594059406,0.02645420792079208,0.29857673267326734,0.2806311881188119,0.07317450495049505,0.7920792079207921,0.40284653465346537,0.0923
02050,Bethel Census Area,Alaska,AK,0.9424,0.0,0.4430661577608143,0.275990099009901,0.9996819338,0.3905852417302799,0.03650990099009901,0.1551670792079208,0.0411509900990099,0.02645420792079208,0.9504950495049505,0.11571782178217822,0.07317450495049505,0.8428217821782178,0.29455445544554454,0.0551
02060,Bristol Bay Borough,Alaska,AK,0.2332,0.0,0.012086513994910938,0.01175742574257426,0.43956743000000004,0.2929389312977099,0.017326732673267328,0.1551670792079208,0.03063118811881188,0.02645420792079208,0.3620049504950495,0.07209158415841584,0.07317450495049505,0.36014851485148514,0.029084158415841586,0.0191
02063,Chugach Census Area,Alaska,AK,0.6876,0.0,0.1962468193384224,0.3406559405940594,0.10623409669999999,0.24077608142493642,0.017326732673267328,0.1551670792079208,0.027846534653465347,0.02645420792079208,0.47277227722772275,0.07951732673267327,0.07317450495049505,0.039913366336633664,0.038056930693069306,0.0416
02066,Copper River Census Area,Alaska,AK,0.5247,0.0,0.39949109414758266,0.26392326732673266,0.9335241730000001,0.41889312977099236,0.017326732673267328,0.1551670792079208,0.03094059405940594,0.02645420792079208,0.31280940594059403,0.07611386138613861,0.07317450495049505,0.8409653465346535,0.06837871287128713,0.0373
02068,Denali Borough,Alaska,AK,0.0353,0.0,0.28307888040712476,0.39511138613861385,0.1746183206,0.26463104325699743,0.03558168316831683,0.1551670792079208,0.03032178217821782,0.02645420792079208,0.6553217821782178,0.09405940594059406,0.07317450495049505,0.8517945544554455,0.04207920792079208,0.0206
02070,Dillingham Census Area,Alaska,AK,0.8931,0.0,0.3568702290076336,0.20482673267326731,0.9898218830000001,0.32697201017811706,0.034653465346534656,0.1551670792079208,0.03341584158415842,0.02645420792079208,0.9340965346534653,0.08477722772277228,0.07317450495049505,0.6318069306930693,0.04702970297029703,0.0506
02090,Fairbanks North Star Borough,Alaska,AK,0.4925,0.0,0.8851781170483458,0.9077970297029703,0.10623409669999999,0.2598600508905852,0.040222772277227724,0.1551670792079208,0.0343440594059406,0.02645420792079208,0.9662747524752475,0.4034653465346535,0.07317450495049505,0.9767945544554455,0.6110767326732673,0.0813
02100,Haines Borough,Alaska,AK,0.4594,0.0,0.042938931297709926,0.03527227722772277,0.5213104326,0.10337150127226463,0.017326732673267328,0.1551670792079208,0.029393564356435642,0.02645420792079208,0.13149752475247525,0.09777227722772278,0.07317450495049505,0.07580445544554455,0.03001237623762376,0.0332
02105,Hoonah-Angoon Census Area,Alaska,AK,0.6376,0.0,0.1431297709923664,0.0609529702970297,0.9799618321,0.1005089058524173,0.017326732673267328,0.1551670792079208,0.03125,0.02645420792079208,0.07178217821782178,0.10272277227722772,0.07317450495049505,0.08137376237623763,0.03372524752475248,0.0411
02110,Juneau City and Borough,Alaska,AK,0.3528,0.0,0.11513994910941476,0.17388613861386137,0.2111959288,0.6240458015267174,0.017326732673267328,0.1551670792079208,0.0327970297029703,0.02645420792079208,0.15996287128712872,0.20358910891089108,0.07317450495049505,0.2172029702970297,0.07858910891089109,0.0178
02122,Kenai Peninsula Borough,Alaska,AK,0.4725,0.0,0.9303435114503817,0.9241955445544552,0.47105597959999995,0.0648854961832061,0.017326732673267328,0.1551670792079208,0.034962871287128716,0.02645420792079208,0.16584158415841585,0.3032178217821782,0.1469678217821782,0.9715346534653465,0.17264851485148514,0.0908
02130,Ketchikan Gateway Borough,Alaska,AK,0.5027,0.0,0.01685750636132316,0.01794554455445544,0.2808524173,0.6863867684478372,0.017326732673267328,0.1551670792079208,0.029084158415841586,0.02645420792079208,0.024133663366336634,0.25185643564356436,0.07317450495049505,0.13366336633663367,0.06992574257425743,0.0206
02150,Kodiak Island Borough,Alaska,AK,0.637,0.0,0.6513994910941476,0.6810024752475248,0.3320610687,0.1870229007633588,0.017326732673267328,0.1551670792079208,0.03186881188118812,0.02645420792079208,0.024133663366336634,0.13304455445544555,0.07317450495049505,0.2530940594059406,0.028774752475247526,0.0668
02158,Kusilvak Census Area,Alaska,AK,0.8568,0.0,0.5791984732824428,0.38582920792079206,1.0,0.059160305343511445,0.034962871287128716,0.1551670792079208,0.03589108910891089,0.02645420792079208,0.9783415841584159,0.1234529702970297,0.07317450495049505,0.48360148514851486,0.08075495049504951,0.07
02164,Lake and Peninsula Borough,Alaska,AK,0.7926,0.0,0.0626590330788804,0.02103960396039604,0.9666030534,0.11704834605597965,0.017326732673267328,0.1551670792079208,0.03527227722772277,0.02645420792079208,0.36014851485148514,0.08106435643564357,0.07317450495049505,0.4693688118811881,0.03217821782178218,0.0449
02170,Matanuska-Susitna Borough,Alaska,AK,0.4792,0.0,0.9325699745547074,0.9449257425742574,0.1723918575,0.03721374045801527,0.017326732673267328,0.1551670792079208,0.03558168316831683,0.02645420792079208,0.6243811881188119,0.22896039603960397,0.07317450495049505,0.948019801980198,0.5603341584158416,0.0927
02180,Nome Census Area,Alaska,AK,0.8683,0.0,0.34064885496183206,0.18254950495049502,0.9993638677000001,0.160941475826972,0.017326732673267328,0.1551670792079208,0.03248762376237624,0.02645420792079208,0.9263613861386139,0.15872524752475248,0.07317450495049505,0.4665841584158416,0.054455445544554455,0.0537
02185,North Slope Borough,Alaska,AK,0.7747,2.3001711339768173e-06,0.1475826972010178,0.12654702970297033,0.588740458,0.03180661577608142,0.017326732673267328,0.1551670792079208,0.03403465346534654,0.02645420792079208,0.8521039603960396,0.1349009900990099,0.07317450495049505,0.1379950495049505,0.034962871287128716,0.0487
02188,Northwest Arctic Borough,Alaska,AK,0.8734,0.0,0.5458015267175572,0.34993811881188125,0.9984096692,0.058524173027989825,0.017326732673267328,0.1551670792079208,0.03217821782178218,0.02645420792079208,0.9733910891089109,0.13242574257425743,0.07317450495049505,0.6661509900990099,0.07673267326732673,0.0683
02195,Petersburg Borough,Alaska,AK,0.6857,0.0,0.15426208651399492,0.13521039603960397,0.5954198473000001,0.18670483460559797,0.017326732673267328,0.1551670792079208,0.0297029702970297,0.02645420792079208,0.06652227722772278,0.20482673267326731,0.07317450495049505,0.06033415841584158,0.03155940594059406,0.0406
02198,Prince of Wales-Hyder Census Area,Alaska,AK,0.818,0.0,0.00954198473282443,0.00556930693069307,0.9281170483,0.4437022900763359,0.017326732673267328,0.1551670792079208,0.03001237623762376,0.02645420792079208,0.06126237623762376,0.23236386138613863,0.07317450495049505,0.12561881188118812,0.04548267326732673,0.0364
02220,Sitka City and Borough,Alaska,AK,0.4442,0.0,0.23823155216284989,0.2357673267326733,0.5505725190999999,0.8085241730279897,0.017326732673267328,0.1551670792079208,0.028155940594059407,0.02645420792079208,0.056002475247524754,0.2849628712871287,0.07317450495049505,0.11231435643564357,0.07116336633663366,0.0218
02230,Skagway Municipality,Alaska,AK,0.3328,0.0,0.00477099236641221,0.00371287128712871,0.516221374,0.16762086513994912,0.017326732673267328,0.1551670792079208,0.027537128712871287,0.02645420792079208,0.31095297029702973,0.08663366336633663,0.07317450495049505,0.0510519801980198,0.03125,0.0264
02240,Southeast Fairbanks Census Area,Alaska,AK,0.6755,0.0,0.57029262086514,0.4241955445544555,0.8877226463,0.05279898218829516,0.03620049504950495,0.1551670792079208,0.034653465346534656,0.02645420792079208,0.8106435643564357,0.18193069306930693,0.07317450495049505,0.9718440594059405,0.1438737623762376,0.0636
02275,Wrangell City and Borough,Alaska,AK,0.5342,0.0,0.0006361323155216301,0.00061881188118812,0.6762086514000001,0.31615776081424934,0.017326732673267328,0.1551670792079208,0.028465346534653466,0.02645420792079208,0.06373762376237624,0.1417079207920792,0.07317450495049505,0.04207920792079208,0.03094059405940594,0.0293
02282,Yakutat City and Borough,Alaska,AK,0.3723,0.0,0.02958015267175572,0.01206683168316832,0.9790076336000001,0.08619592875318066,0.017326732673267328,0.1551670792079208,0.028774752475247526,0.02645420792079208,0.054146039603960396,0.07271039603960396,0.07317450495049505,0.04362623762376237,0.027846534653465347,0.0305
02290,Yukon-Koyukuk Census Area,Alaska,AK,0.8807,0.0,0.6154580152671756,0.4344059405940594,0.9939567429999999,0.07061068702290077,0.03589108910891089,0.1551670792079208,0.03372524752475248,0.02645420792079208,0.974009900990099,0.25123762376237624,0.07317450495049505,0.931930693069307,0.1593440594059406,0.0732
04001,Apache County,Arizona,AZ,0.965,1.6340730151902423e-06,0.7878498727735369,0.6212871287128713,0.9980916031,0.0028625954198473304,0.10798267326732673,0.34498762376237624,0.0625,0.48607673267326734,0.6367574257425742,0.5720915841584159,0.5160891089108911,0.9795792079207921,0.9910272277227723,0.0931
04003,Cochise County,Arizona,AZ,0.9325,0.018791950226826,0.9284351145038169,0.9000618811881188,0.7678117048,0.051526717557251904,0.7032797029702971,0.5120668316831684,0.1280940594059406,0.9910272277227723,0.07611386138613861,0.03589108910891089,0.9028465346534653,0.9919554455445545,0.9706064356435643,0.1086
04005,Coconino County,Arizona,AZ,0.8031,2.3120942436101854e-05,0.9421119592875316,0.931621287128713,0.5871501271999999,0.4618320610687023,0.1676980198019802,0.1551670792079208,0.26392326732673266,0.6522277227722773,0.807549504950495,0.6061262376237624,0.27103960396039606,0.9941212871287128,0.9956683168316832,0.0927
04007,Gila County,Arizona,AZ,0.847,0.045433280653892134,0.9017175572519085,0.8517945544554455,0.8667302799,0.06361323155216285,0.43254950495049505,0.3152846534653465,0.15717821782178218,0.8722153465346535,0.05662128712871287,0.03589108910891089,0.2667079207920792,0.9910272277227723,0.942450495049505,0.1039
04009,Graham County,Arizona,AZ,0.8486,2.3001711339768173e-06,0.6459923664122137,0.5699257425742574,0.715648855,0.07824427480916031,0.17543316831683167,0.3598391089108911,0.053217821782178217,0.9520420792079208,0.06342821782178218,0.03589108910891089,0.8007425742574258,0.9443069306930693,0.9362623762376238,0.0757
04011,Greenlee County,Arizona,AZ,0.3598,2.3001711339768173e-06,0.12372773536895677,0.14201732673267325,0.37436386769999996,0.2232824427480916,0.05012376237623763,0.3131188118811881,0.038985148514851485,0.6188118811881188,0.06280940594059406,0.03589108910891089,0.3375618811881188,0.8298267326732673,0.7824876237623762,0.0272
04012,La Paz County,Arizona,AZ,0.9195,2.3001711339768173e-06,0.8352417302798982,0.7032797029702971,0.9462468193,0.00190839694656489,0.21658415841584158,0.38211633663366334,0.07178217821782178,0.9056311881188119,0.024133663366336634,0.03589108910891089,0.8097153465346535,0.7097772277227723,0.09096534653465346,0.0966
04013,Maricopa County,Arizona,AZ,0.713,0.029021715887317515,0.998727735368957,0.9987623762376237,0.2709923664,0.1803435114503817,0.9910272277227723,0.45544554455445546,0.8443688118811881,1.0,0.024133663366336634,0.03589108910891089,0.9777227722772277,0.9962871287128713,0.9557549504950495,0.1058
04015,Mohave County,Arizona,AZ,0.8489,0.03438449114630151,0.9475190839694656,0.9108910891089108,0.8734096692,0.03244274809160305,0.7196782178217822,0.1551670792079208,0.05971534653465346,0.9860767326732673,0.05228960396039604,0.7094678217821783,0.22988861386138615,0.9885519801980198,0.9805074257425742,0.1094
04017,Navajo County,Arizona,AZ,0.9806,2.351525321216825e-06,0.8807251908396947,0.7970297029702971,0.9774173028000002,0.03594147582697201,0.41707920792079206,0.1551670792079208,0.10550742574257425,0.5829207920792079,0.7376237623762376,0.6593440594059405,0.5334158415841584,0.9882425742574258,0.9953589108910891,0.1031
04019,Pima County,Arizona,AZ,0.888,2.111784550043547e-06,0.9910941475826972,0.9910272277227725,0.5085877863,0.2032442748091603,0.8304455445544554,0.3969678217821782,0.39201732673267325,0.9978341584158416,0.05693069306930693,0.03589108910891089,0.7045173267326733,0.9965965346534653,0.9777227722772277,0.1082
04021,Pinal County,Arizona,AZ,0.797,2.530734395572744e-06,0.938295165394402,0.9353341584158418,0.4373409669,0.138676844783715,0.7592821782178217,0.3978960396039604,0.3876856435643564,0.9891707920792079,0.06033415841584158,0.03589108910891089,0.9579207920792079,0.9805074257425742,0.9709158415841584,0.101
04023,Santa Cruz County,Arizona,AZ,0.9383,1.7332605437881708e-06,0.8832697201017811,0.8090965346534653,0.9230279898,0.02321882951653944,0.307240099009901,0.3864480198019802,0.11169554455445545,0.9904084158415841,0.024133663366336634,0.03589108910891089,0.557549504950495,0.9811262376237624,0.8870668316831684,0.1025
04025,Yavapai County,Arizona,AZ,0.5991,0.02929268161808752,0.9373409669211196,0.9136757425742574,0.7296437659,0.18002544529262088,0.4306930693069307,0.1551670792079208,0.34529702970297027,0.8551980198019802,0.054455445544554455,0.03589108910891089,0.3131188118811881,0.9959777227722773,0.989480198019802,0.0943
04027,Yuma County,Arizona,AZ,0.9978,2.3274440766541578e-06,0.9255725190839696,0.9009900990099008,0.68543257,0.011768447837150132,0.6228341584158416,0.42698019801980197,0.16367574257425743,0.9678217821782178,0.024133663366336634,0.03589108910891089,0.7546410891089109,0.6033415841584159,0.44925742574257427,0.1106
05001,Arkansas County,Arkansas,AR,0.7226,0.04346504789129343,0.6319974554707379,0.5346534653465347,0.858778626,0.549618320610687,0.8288985148514851,0.7103960396039604,0.7122524752475248,0.6992574257425742,0.4093440594059406,0.8220915841584159,0.6745049504950495,0.2202970297029703,0.3155940594059406,0.0607
05003,Ashley County,Arkansas,AR,0.8237,2.309131814594219e-06,0.5391221374045801,0.41429455445544555,0.8746819338,0.18193384223918574,0.5139232673267327,0.7413366336633663,0.7332920792079208,0.7945544554455446,0.3997524752475248,0.8715965346534653,0.8137376237623762,0.33941831683168316,0.4003712871287129,0.0629
05005,Baxter County,Arkansas,AR,0.4333,1.7555325989017073e-06,0.7229643765903307,0.6215965346534653,0.8431933841999999,0.17080152671755722,0.932549504950495,0.5247524752475248,0.8715965346534653,0.7691831683168316,0.7329826732673267,0.994430693069307,0.07317450495049505,0.7271039603960396,0.8149752475247525,0.0637
05007,Benton County,Arkansas,AR,0.3268,0.017230753755118358,0.8874045801526718,0.9012995049504948,0.1698473282,0.43416030534351147,0.9344059405940595,0.6466584158415841,0.8010519801980198,0.9492574257425742,0.8152846534653465,0.9987623762376238,0.47215346534653463,0.9297648514851485,0.9470915841584159,0.0723
05009,Boone County,Arkansas,AR,0.2647,1.8512168615040628e-06,0.6234096692111958,0.6262376237623762,0.4554707379,0.3692748091603055,0.713799504950495,0.536200495049505,0.791769801980198,0.6571782178217822,0.8827351485148515,0.9752475247524752,0.07317450495049505,0.6652227722772277,0.7995049504950495,0.0456
05011,Bradley County,Arkansas,AR,0.8864,2.3001711339768173e-06,0.30756997455470736,0.1624381188118812,0.9675572519000001,0.09701017811704835,0.5176361386138614,0.6621287128712872,0.5457920792079208,0.8567450495049505,0.14016089108910892,0.8650990099009901,0.5584777227722773,0.2942450495049505,0.38613861386138615,0.0551
05013,Calhoun County,Arkansas,AR,0.4967,2.3001711339768173e-06,0.022582697201017812,0.04207920792079208,0.1275445293,0.11100508905852417,0.20915841584158415,0.4916460396039604,0.24907178217821782,0.31745049504950495,0.0739480198019802,0.6745049504950495,0.22462871287128713,0.10086633663366337,0.18100247524752475,0.0342
05015,Carroll County,Arkansas,AR,0.6421,2.079513008973986e-06,0.6456743002544529,0.5386757425742574,0.8425572519000001,0.15012722646310434,0.7620668316831684,0.6324257425742574,0.8063118811881188,0.7001856435643564,0.7571163366336634,0.9789603960396039,0.07317450495049505,0.6587252475247525,0.7599009900990099,0.0654
05017,Chicot County,Arkansas,AR,0.9987,2.4010078558416896e-06,0.43765903307888043,0.3041460396039604,0.9223918575000001,0.3190203562340967,0.681930693069307,0.7459777227722773,0.5139232673267327,0.6277846534653465,0.4777227722772277,0.7091584158415841,0.8867574257425742,0.10922029702970297,0.27351485148514854,0.0589
05019,Clark County,Arkansas,AR,0.8339,0.07137005928271531,0.410941475826972,0.3567450495049505,0.6803435115,0.3285623409669211,0.6531559405940595,0.6364480198019802,0.692450495049505,0.6896658415841584,0.14758663366336633,0.9071782178217822,0.4907178217821782,0.32889851485148514,0.9238861386138614,0.0578
05021,Clay County,Arkansas,AR,0.3929,3.4384915145906476e-06,0.7162849872773536,0.6181930693069307,0.8241094148000001,0.11800254452926208,0.5303217821782178,0.6277846534653465,0.719059405940594,0.8338490099009901,0.8165222772277227,0.9405940594059405,0.9610148514851485,0.08632425742574257,0.807549504950495,0.0634
05023,Cleburne County,Arkansas,AR,0.3532,2.3001711339768173e-06,0.7270992366412213,0.6543935643564357,0.7748091603,0.3457379134860051,0.6401608910891089,0.6519183168316832,0.8907797029702971,0.6738861386138614,0.34189356435643564,0.9699876237623762,0.35550742574257427,0.7645420792079208,0.9381188118811881,0.0567
05025,Cleveland County,Arkansas,AR,0.286,2.3001711339768173e-06,0.09478371501272263,0.047648514851485156,0.9007633588,0.08524173027989822,0.37345297029702973,0.6386138613861386,0.4198638613861386,0.5399133663366337,0.09715346534653466,0.7648514851485149,0.21844059405940594,0.2744430693069307,0.2849628712871287,0.0281
05027,Columbia County,Arkansas,AR,0.7598,2.3146424117695193e-06,0.4208015267175573,0.2933168316831683,0.9230279898,0.47614503816793885,0.8007425742574258,0.7110148514851485,0.6352103960396039,0.7880569306930693,0.19709158415841585,0.9808168316831684,0.5745668316831684,0.33663366336633666,0.6027227722772277,0.0457
05029,Conway County,Arkansas,AR,0.7461,2.0874418365228606e-06,0.5655216284987278,0.46472772277227725,0.8298346056,0.37468193384223925,0.6850247524752475,0.6494430693069307,0.8292079207920792,0.7218440594059405,0.38892326732673266,0.9495668316831684,0.6268564356435643,0.7558787128712872,0.6525371287128713,0.0569
05031,Craighead County,Arkansas,AR,0.8342,0.09520969844458853,0.9179389312977101,0.8982054455445545,0.6603053434999999,0.5286259541984734,0.7564975247524752,0.6797648514851485,0.9780321782178217,0.9535891089108911,0.9381188118811881,0.995049504950495,0.9235767326732673,0.4535891089108911,0.8524133663366337,0.0972
05033,Crawford County,Arkansas,AR,0.7531,0.037031871593491354,0.715966921119593,0.724009900990099,0.3829516539,0.26017811704834604,0.43316831683168316,0.5801361386138614,0.8189975247524752,0.9368811881188119,0.650680693069307,0.9532797029702971,0.6983292079207921,0.9130569306930693,0.7849628712871287,0.0769
05035,Crittenden County,Arkansas,AR,0.9205,2.27359180163007e-06,0.8295165394402035,0.7905321782178217,0.707697201,0.39344783715012716,0.42728960396039606,0.6089108910891089,0.7400990099009901,0.8972772277227723,0.7642326732673267,0.9337871287128713,0.8428217821782178,0.0838490099009901,0.6392326732673267,0.0862
05037,Cross County,Arkansas,AR,0.9227,0.18179692198238318,0.6491730279898219,0.5962252475247525,0.6682569975,0.3638676844783715,0.7116336633663366,0.6259282178217822,0.625309405940594,0.7147277227722773,0.37995049504950495,0.8808787128712872,0.8329207920792079,0.14882425742574257,0.33261138613861385,0.0851
05039,Dallas County,Arkansas,AR,0.6885,2.3001711339768173e-06,0.10082697201017812,0.05693069306930694,0.8721374046,0.2776717557251908,0.38830445544554454,0.5943688118811881,0.3459158415841584,0.526299504950495,0.07363861386138613,0.7750618811881188,0.2629950495049505,0.16212871287128713,0.36726485148514854,0.0368
05041,Desha County,Arkansas,AR,0.9749,2.3001711339768173e-06,0.3288804071246819,0.1974009900990099,0.9799618321,0.5318066157760815,0.4279084158415842,0.7277227722772277,0.567759900990099,0.6531559405940595,0.27258663366336633,0.5544554455445545,0.7153465346534653,0.05847772277227723,0.21225247524752475,0.0477
05043,Drew County,Arkansas,AR,0.7668,2.3001711339768173e-06,0.35146310432569977,0.2286509900990099,0.9408396947,0.43256997455470736,0.6813118811881188,0.6779084158415841,0.6413985148514851,0.786819306930693,0.27784653465346537,0.7991955445544554,0.8285891089108911,0.27691831683168316,0.3527227722772277,0.0434
05045,Faulkner County,Arkansas,AR,0.5326,0.052618983036221895,0.8616412213740458,0.8830445544554455,0.1494910941,0.5722010178117047,0.9245049504950495,0.6500618811881188,0.9715346534653465,0.9198638613861386,0.5272277227722773,0.9836014851485149,0.494740099009901,0.7837252475247525,0.8186881188118812,0.0772
05047,Franklin County,Arkansas,AR,0.6198,2.438391872510063e-06,0.49395674300254455,0.3341584158415841,0.9478371500999999,0.1825699745547074,0.3239480198019802,0.6064356435643564,0.6577970297029703,0.869430693069307,0.47308168316831684,0.9393564356435643,0.5931311881188119,0.8301361386138614,0.6516089108910891,0.0522
05049,Fulton County,Arkansas,AR,0.6535,1.927014336077385e-06,0.5066793893129771,0.32332920792079206,0.9287531807,0.01590330788804071,0.5355816831683168,0.5021658415841584,0.6571782178217822,0.6775990099009901,0.6395420792079208,0.9931930693069307,0.07317450495049505,0.5724009900990099,0.4969059405940594,0.0595
05051,Garland County,Arkansas,AR,0.8661,2.1017192983292553e-06,0.8931297709923663,0.8564356435643564,0.8126590331,0.38645038167938933,0.968440594059406,0.71875,0.9650371287128713,0.9415222772277227,0.47060643564356436,0.9956683168316832,0.07317450495049505,0.7360767326732673,0.8991336633663366,0.0909
05053,Grant County,Arkansas,AR,0.1852,1.7424307390930115e-06,0.15712468193384224,0.17883663366336633,0.38740458019999996,0.3769083969465649,0.48948019801980197,0.5386757425742574,0.5566212871287128,0.6256188118811881,0.15037128712871287,0.8248762376237624,0.21163366336633663,0.2620668316831683,0.3100247524752475,0.0176
05055,Greene County,Arkansas,AR,0.6917,0.09089902384241058,0.8018447837150127,0.7586633663366337,0.6723918575000001,0.3056615776081425,0.625309405940594,0.5999381188118812,0.8821163366336634,0.9133663366336634,0.46875,0.9551361386138614,0.90625,0.3186881188118812,0.7710396039603961,0.0847
05057,Hempstead County,Arkansas,AR,0.8998,0.0908967112056923,0.5206743002544529,0.4099628712871287,0.8199745547,0.102735368956743,0.6974009900990099,0.7404084158415841,0.7351485148514851,0.7110148514851485,0.1478960396039604,0.9823638613861386,0.6222153465346535,0.3459158415841584,0.6596534653465347,0.0744
05059,Hot Spring County,Arkansas,AR,0.6437,2.246065981525712e-06,0.5553435114503816,0.4706064356435643,0.7738549618,0.2973918575063613,0.8211633663366337,0.6540841584158416,0.6912128712871287,0.7837252475247525,0.17048267326732675,0.9375,0.28465346534653463,0.5646658415841584,0.8641707920792079,0.0547
05061,Howard County,Arkansas,AR,0.8797,0.04347585742939077,0.48505089058524176,0.3468440594059406,0.9080788804,0.15744274809160305,0.5337252475247525,0.6803836633663366,0.5516707920792079,0.6166460396039604,0.2682549504950495,0.9888613861386139,0.07317450495049505,0.4715346534653465,0.5745668316831684,0.0655
05063,Independence County,Arkansas,AR,0.8241,2.2421348199232188e-06,0.6908396946564885,0.6664603960396039,0.56456743,0.26685750636132316,0.5083539603960396,0.6342821782178217,0.8948019801980198,0.7725866336633663,0.7314356435643564,0.9801980198019802,0.5999381188118812,0.7128712871287128,0.6178836633663366,0.0735
05065,Izard County,Arkansas,AR,0.671,0.2498630930223812,0.530852417302799,0.35550742574257427,0.9316157760999999,0.03371501272264631,0.7831064356435643,0.562809405940594,0.6070544554455446,0.6215965346534653,0.6169554455445545,0.9928836633663366,0.3502475247524752,0.6308787128712872,0.5473391089108911,0.0811
05067,Jackson County,Arkansas,AR,0.7101,0.2856441274719071,0.6784351145038169,0.5529084158415841,0.9281170483,0.36768447837150126,0.5609529702970297,0.6577970297029703,0.8991336633663366,0.7113242574257426,0.6045792079207921,0.9727722772277227,0.8873762376237624,0.45761138613861385,0.5337252475247525,0.0869
05069,Jefferson County,Arkansas,AR,0.9096,2.3001711339768173e-06,0.8517811704834606,0.7806311881188119,0.9367048346,0.6708015267175572,0.9591584158415841,0.7425742574257426,0.9272896039603961,0.916769801980198,0.4439975247524752,0.9761757425742574,0.6395420792079208,0.5878712871287128,0.8678836633663366,0.0819
05071,Johnson County,Arkansas,AR,0.895,2.0262622572279007e-06,0.5814249363867684,0.4904084158415841,0.7929389313,0.19179389312977102,0.6160272277227723,0.5281559405940595,0.7948638613861386,0.8007425742574258,0.45173267326732675,0.9542079207920792,0.47988861386138615,0.6828589108910891,0.7660891089108911,0.0686
05073,Lafayette County,Arkansas,AR,0.8075,2.256786599058715e-06,0.3323791348600509,0.21782178217821785,0.8660941476,0.08492366412213741,0.47741336633663367,0.7261757425742574,0.442759900990099,0.5145420792079208,0.1318069306930693,0.9935024752475248,0.869740099009901,0.2376237623762376,0.2936262376237624,0.0539
05075,Lawrence County,Arkansas,AR,0.7003,2.3309836463208217e-06,0.6787531806615776,0.5875618811881188,0.8117048346,0.26208651399491095,0.718440594059406,0.6311881188118812,0.8391089108910891,0.7793935643564357,0.6438737623762376,0.9474009900990099,0.8548886138613861,0.37407178217821785,0.5136138613861386,0.0671
05077,Lee County,Arkansas,AR,0.9714,2.3001711339768173e-06,0.40426208651399487,0.23019801980198026,0.9939567429999999,0.1743002544529262,0.41120049504950495,0.6345915841584159,0.6463490099009901,0.6401608910891089,0.3186881188118812,0.7209158415841584,0.6234529702970297,0.0983910891089109,0.24876237623762376,0.0599
05079,Lincoln County,Arkansas,AR,0.5864,2.3882068835311154e-06,0.29770992366412213,0.2094678217821782,0.8047073791,0.16730279898218833,0.45235148514851486,0.6859529702970297,0.5485767326732673,0.6695544554455446,0.20266089108910892,0.7038985148514851,0.9102722772277227,0.18997524752475248,0.25773514851485146,0.042
05081,Little River County,Arkansas,AR,0.4197,2.3001711339768173e-06,0.44052162849872767,0.3193069306930693,0.8683206107,0.16921119592875317,0.4659653465346535,0.5758044554455446,0.5643564356435643,0.5943688118811881,0.12376237623762376,0.979269801980198,0.7991955445544554,0.39573019801980197,0.8140470297029703,0.0427
05083,Logan County,Arkansas,AR,0.5444,2.3561938836931892e-06,0.4818702290076336,0.43224009900990107,0.6571246819,0.22837150127226466,0.5767326732673267,0.5915841584158416,0.6661509900990099,0.7435024752475248,0.43626237623762376,0.8938737623762376,0.6008663366336634,0.7233910891089109,0.6775990099009901,0.0487
05085,Lonoke County,Arkansas,AR,0.4063,0.1764154742273832,0.7509541984732825,0.8035272277227723,0.1746183206,0.37340966921119595,0.869430693069307,0.6503712871287128,0.8657178217821783,0.8555074257425742,0.46008663366336633,0.9557549504950495,0.41676980198019803,0.5349628712871287,0.6806930693069307,0.0767
05087,Madison County,Arkansas,AR,0.5272,2.919101176279908e-06,0.4506997455470738,0.41058168316831684,0.6345419847,0.21978371501272265,0.4681311881188119,0.5959158415841584,0.6639851485148515,0.7840346534653465,0.43316831683168316,0.9220297029702971,0.07317450495049505,0.7199876237623762,0.432240099009901,0.0465
05089,Marion County,Arkansas,AR,0.4588,2.3001711339768173e-06,0.4796437659033079,0.34251237623762376,0.893129771,0.12881679389312978,0.6055074257425742,0.5015470297029703,0.5702351485148515,0.624690594059406,0.7001856435643564,0.9910272277227723,0.07317450495049505,0.6593440594059405,0.6243811881188119,0.0475
05091,Miller County,Arkansas,AR,0.9354,2.439019881150651e-06,0.7083333333333335,0.6101485148514851,0.8425572519000001,0.3123409669211196,0.8975866336633663,0.6392326732673267,0.8530321782178217,0.8765470297029703,0.40160891089108913,0.9786509900990099,0.8035272277227723,0.6525371287128713,0.8118811881188119,0.0765
05093,Mississippi County,Arkansas,AR,0.9335,0.0967573751096086,0.8921755725190841,0.8431311881188119,0.8998091603,0.36736641221374045,0.42883663366336633,0.651299504950495,0.7042079207920792,0.9344059405940595,0.6890470297029703,0.9672029702970297,0.9866955445544554,0.14077970297029702,0.943069306930693,0.1011
05095,Monroe County,Arkansas,AR,0.9341,2.3001711339768173e-06,0.3651399491094148,0.24659653465346534,0.9099872774000001,0.43702290076335876,0.37066831683168316,0.6243811881188119,0.6460396039603961,0.5071163366336634,0.23050742574257427,0.7487623762376238,0.5188737623762376,0.2249381188118812,0.2623762376237624,0.05
05097,Montgomery County,Arkansas,AR,0.5765,2.1112009372472685e-06,0.30693384223918574,0.15748762376237624,0.9659669211,0.05947837150127226,0.47370049504950495,0.5714727722772277,0.5108292079207921,0.5513613861386139,0.20451732673267325,0.8483910891089109,0.07317450495049505,0.625,0.46379950495049505,0.0451
05099,Nevada County,Arkansas,AR,0.8527,3.7812654365747806e-06,0.3056615776081425,0.16120049504950493,0.9853689567,0.15585241730279895,0.4823638613861386,0.6806930693069307,0.4873143564356436,0.5699257425742574,0.10179455445544554,0.9885519801980198,0.43347772277227725,0.31404702970297027,0.5040222772277227,0.0519
05101,Newton County,Arkansas,AR,0.1985,2.3001711339768173e-06,0.18447837150127228,0.08446782178217821,0.9621501272,0.1227735368956743,0.38366336633663367,0.3895420792079208,0.5244430693069307,0.3941831683168317,0.44523514851485146,0.8403465346534653,0.07317450495049505,0.5232054455445545,0.8527227722772277,0.0255
05103,Ouachita County,Arkansas,AR,0.7464,2.3001711339768173e-06,0.5120865139949109,0.3660272277227723,0.9478371500999999,0.3683206106870229,0.8245668316831684,0.6748143564356436,0.7088490099009901,0.7750618811881188,0.11633663366336634,0.9275990099009901,0.2484529702970297,0.30445544554455445,0.7048267326732673,0.0529
05105,Perry County,Arkansas,AR,0.4292,2.252686877023873e-06,0.28053435114503816,0.23700495049504947,0.6657124682,0.21374045801526717,0.4130569306930693,0.5176361386138614,0.6522277227722773,0.5724009900990099,0.16955445544554457,0.8561262376237624,0.5578589108910891,0.562809405940594,0.3604579207920792,0.0345
05107,Phillips County,Arkansas,AR,0.9628,2.357646828040533e-06,0.6167302798982188,0.46905940594059403,0.9879134860000001,0.46055979643765904,0.7162747524752475,0.6893564356435643,0.7877475247524752,0.7614480198019802,0.510519801980198,0.7326732673267327,0.7577351485148515,0.20513613861386137,0.4229579207920792,0.0658
05109,Pike County,Arkansas,AR,0.5972,2.3001711339768173e-06,0.2655852417302799,0.20142326732673269,0.715648855,0.10814249363867684,0.5949876237623762,0.6265470297029703,0.44616336633663367,0.5284653465346535,0.1469678217821782,0.854269801980198,0.4031559405940594,0.5126856435643564,0.47988861386138615,0.0432
05111,Poinsett County,Arkansas,AR,0.7381,0.06896279846697108,0.7251908396946563,0.6720297029702971,0.6838422392,0.27353689567430023,0.4034653465346535,0.5866336633663366,0.8431311881188119,0.7688737623762376,0.6949257425742574,0.9368811881188119,0.8938737623762376,0.09962871287128713,0.4504950495049505,0.0782
05113,Polk County,Arkansas,AR,0.6863,0.07690641502885251,0.4611959287531807,0.3462252475247525,0.8400127225999999,0.11577608142493638,0.5900371287128713,0.5980816831683168,0.6448019801980198,0.6958539603960396,0.30445544554455445,0.9251237623762376,0.07317450495049505,0.8292079207920792,0.599319306930693,0.0614
05115,Pope County,Arkansas,AR,0.8171,2.3001711339768173e-06,0.7783078880407125,0.7899133663366337,0.3676844784,0.5896946564885496,0.8159034653465347,0.5770420792079208,0.9477103960396039,0.8663366336633663,0.5244430693069307,0.9647277227722773,0.5318688118811881,0.7308168316831684,0.7159653465346535,0.0744
05117,Prairie County,Arkansas,AR,0.4601,0.23073845129767076,0.4138040712468193,0.30754950495049505,0.8311068702,0.241412213740458,0.37840346534653463,0.6262376237623762,0.6630569306930693,0.531559405940594,0.24474009900990099,0.8276608910891089,0.46410891089108913,0.22586633663366337,0.286509900990099,0.0591
05119,Pulaski County,Arkansas,AR,0.7811,0.04544670141398231,0.9678753180661576,0.9597772277227725,0.612913486,0.8015267175572519,0.9656559405940595,0.7905321782178217,0.9919554455445545,0.9600866336633663,0.8527227722772277,0.9990717821782178,0.2626856435643564,0.7258663366336634,0.969059405940594,0.093
05121,Randolph County,Arkansas,AR,0.7051,2.3441890087539668e-06,0.6698473282442748,0.6129331683168318,0.6768447836999999,0.1339058524173028,0.3505569306930693,0.6237623762376238,0.7840346534653465,0.8347772277227723,0.8517945544554455,0.9040841584158416,0.661200495049505,0.41676980198019803,0.5198019801980198,0.0709
05123,St. Francis County,Arkansas,AR,0.9777,2.458160328896072e-06,0.7474554707379135,0.5869430693069307,0.9901399490999999,0.11641221374045801,0.8901608910891089,0.6383044554455446,0.963490099009901,0.8589108910891089,0.5420792079207921,0.8954207920792079,0.8347772277227723,0.2905321782178218,0.49257425742574257,0.0862
05125,Saline County,Arkansas,AR,0.2864,2.3621177022130634e-06,0.7763994910941476,0.8016707920792081,0.29071246819999996,0.5451653944020356,0.6791460396039604,0.6741955445544554,0.8935643564356436,0.9263613861386139,0.5012376237623762,0.9594678217821783,0.2744430693069307,0.6256188118811881,0.8731435643564357,0.0563
05127,Scott County,Arkansas,AR,0.7537,0.1110171405495568,0.2684478371501272,0.2614480198019801,0.4980916031,0.03689567430025445,0.3344678217821782,0.5133044554455446,0.43409653465346537,0.5117574257425742,0.2926980198019802,0.8719059405940595,0.07317450495049505,0.6797648514851485,0.33601485148514854,0.0606
05129,Searcy County,Arkansas,AR,0.517,1.9206454428559926e-06,0.27735368956743,0.19121287128712872,0.8361959288,0.2856234096692112,0.3521039603960396,0.38613861386138615,0.5683787128712872,0.3917079207920792,0.380259900990099,0.9854579207920792,0.07317450495049505,0.6884282178217822,0.43657178217821785,0.0352
05131,Sebastian County,Arkansas,AR,0.8696,0.03998348385802526,0.8680025445292621,0.8586014851485149,0.48886768449999995,0.3883587786259542,0.5724009900990099,0.625,0.9439975247524752,0.9656559405940595,0.8681930693069307,0.9938118811881188,0.400990099009901,0.90625,0.9340965346534653,0.0922
05133,Sevier County,Arkansas,AR,0.825,2.4208649715725977e-06,0.6494910941475827,0.47493811881188125,0.9573791348999999,0.03816793893129771,0.5850866336633663,0.6593440594059405,0.6454207920792079,0.6763613861386139,0.3369430693069307,0.9993811881188119,0.4814356435643564,0.5918935643564357,0.6986386138613861,0.075
05135,Sharp County,Arkansas,AR,0.5838,2.3001711339768173e-06,0.6806615776081425,0.5238242574257426,0.9522900763,0.080470737913486,0.8038366336633663,0.6370668316831684,0.7694925742574258,0.7271039603960396,0.7252475247524752,0.9925742574257426,0.32301980198019803,0.557549504950495,0.5634282178217822,0.0676
05137,Stone County,Arkansas,AR,0.7709,2.3001711339768173e-06,0.49872773536895676,0.3607673267326732,0.858778626,0.02480916030534351,0.4474009900990099,0.5454826732673267,0.7571163366336634,0.5535272277227723,0.47926980198019803,0.9904084158415841,0.33292079207920794,0.6896658415841584,0.5293935643564357,0.0634
05139,Union County,Arkansas,AR,0.6682,2.4022966888655547e-06,0.5388040712468194,0.44275990099009893,0.8470101781,0.5658396946564885,0.7939356435643564,0.6992574257425742,0.7057549504950495,0.8496287128712872,0.23360148514851486,0.9783415841584159,0.33570544554455445,0.2988861386138614,0.6590346534653465,0.0482
05141,Van Buren County,Arkansas,AR,0.7763,2.3001711339768173e-06,0.5057251908396947,0.35086633663366334,0.9309796438,0.1024173027989822,0.6051980198019802,0.5278465346534653,0.8316831683168316,0.6296410891089109,0.3316831683168317,0.9622524752475248,0.07317450495049505,0.7586633663366337,0.541769801980198,0.0612
05143,Washington County,Arkansas,AR,0.7658,0.0512575494720493,0.922709923664122,0.9306930693069309,0.2849872774,0.3508269720101781,0.7345297029702971,0.661819306930693,0.9548267326732673,0.9938118811881188,0.8375618811881188,0.9984529702970297,0.07317450495049505,0.9421410891089109,0.9310024752475248,0.0964
05145,White County,Arkansas,AR,0.8482,0.049999656913249355,0.8571882951653944,0.8409653465346536,0.5518447837,0.36959287531806617,0.906559405940594,0.6633663366336634,0.9214108910891089,0.8879950495049505,0.4944306930693069,0.9826732673267327,0.7054455445544554,0.7995049504950495,0.7493811881188119,0.0914
05147,Woodruff County,Arkansas,AR,0.7671,0.09517319369884884,0.42270992366412213,0.2852722772277227,0.9367048346,0.37531806615776075,0.3224009900990099,0.6274752475247525,0.6664603960396039,0.48824257425742573,0.17264851485148514,0.8923267326732673,0.8774752475247525,0.14016089108910892,0.2614480198019802,0.0559
05149,Yell County,Arkansas,AR,0.7738,0.07138561348605817,0.5893765903307888,0.5043316831683168,0.7763994911000001,0.24713740458015274,0.6429455445544554,0.6160272277227723,0.8165222772277227,0.7336014851485149,0.40129950495049505,0.9022277227722773,0.4560643564356436,0.6905940594059405,0.8607673267326733,0.069
06001,Alameda County,California,CA,0.5129,2.3001711339768173e-06,0.9977735368956744,0.9975247524752477,0.2748091603,0.9115776081424936,0.1373762376237624,0.1551670792079208,0.6673886138613861,0.9764851485148515,0.024133663366336634,0.03589108910891089,0.8632425742574258,0.9777227722772277,0.48886138613861385,0.0825
06003,Alpine County,California,CA,0.4044,2.3001711339768173e-06,0.10559796437659032,0.1219059405940594,0.4408396947,0.5391221374045801,0.0625,0.1551670792079208,0.037747524752475246,0.08075495049504951,0.024133663366336634,0.03589108910891089,0.07317450495049505,0.8941831683168316,0.05754950495049505,0.0207
06005,Amador County,California,CA,0.5647,2.3001711339768173e-06,0.7919847328244275,0.7911509900990099,0.4389312977,0.35273536895674307,0.08292079207920793,0.1551670792079208,0.0853960396039604,0.781559405940594,0.024133663366336634,0.03589108910891089,0.9910272277227723,0.9817450495049505,0.5411509900990099,0.0715
06007,Butte County,California,CA,0.8225,2.3268885077002227e-06,0.9392493638676845,0.927908415841584,0.5903307888,0.6040076335877863,0.1448019801980198,0.1551670792079208,0.30136138613861385,0.8264232673267327,0.024133663366336634,0.03589108910891089,0.9965965346534653,0.9857673267326733,0.6899752475247525,0.0903
06009,Calaveras County,California,CA,0.3357,2.3001711339768173e-06,0.8660941475826972,0.8462252475247525,0.5791984733000001,0.3947201017811705,0.12283415841584158,0.1551670792079208,0.10488861386138613,0.8468440594059405,0.024133663366336634,0.03589108910891089,0.9829826732673267,0.994740099009901,0.573019801980198,0.0692
06011,Colusa County,California,CA,0.84,0.16656780508985408,0.8113867684478372,0.8001237623762375,0.49459287529999996,0.2538167938931297,0.06652227722772278,0.1551670792079208,0.11757425742574257,0.6664603960396039,0.024133663366336634,0.03589108910891089,0.9969059405940595,0.8938737623762376,0.1844059405940594,0.0991
06013,Contra Costa County,California,CA,0.4785,2.271866335981214e-06,0.9949109414758268,0.9962871287128712,0.2146946565,0.678117048346056,0.3623143564356436,0.1551670792079208,0.5123762376237624,0.9832920792079208,0.024133663366336634,0.03589108910891089,0.9477103960396039,0.9764851485148515,0.9102722772277227,0.0833
06015,Del Norte County,California,CA,0.9004,1.7532842988390848e-06,0.9443384223918576,0.9381188118811881,0.5359414758,0.23791348600508905,0.06466584158415842,0.1551670792079208,0.0594059405940594,0.18038366336633663,0.024133663366336634,0.03589108910891089,0.41646039603960394,0.8604579207920792,0.14820544554455445,0.1023
06017,El Dorado County,California,CA,0.1896,0.06691474056009893,0.91412213740458,0.9266707920792081,0.18129770990000002,0.6704834605597965,0.2088490099009901,0.1551670792079208,0.16058168316831684,0.6915222772277227,0.024133663366336634,0.03589108910891089,0.7769183168316832,0.9972153465346535,0.698019801980198,0.0696
06019,Fresno County,California,CA,0.9618,0.055546016834047036,0.9930025445292621,0.9919554455445544,0.6030534351,0.16571246819338423,0.1791460396039604,0.1551670792079208,0.5829207920792079,0.9801980198019802,0.024133663366336634,0.03589108910891089,1.0,0.9848391089108911,0.8514851485148515,0.1167
06021,Glenn County,California,CA,0.8622,2.3001711339768173e-06,0.7442748091603053,0.8025990099009901,0.1475826972,0.15108142493638677,0.054455445544554455,0.1551670792079208,0.11324257425742575,0.7568069306930693,0.024133663366336634,0.03589108910891089,0.994740099009901,0.9198638613861386,0.22122524752475248,0.0847
06023,Humboldt County,California,CA,0.8269,2.1059085944607204e-06,0.9675572519083968,0.9535891089108912,0.7468193384,0.5639312977099237,0.06528465346534654,0.1551670792079208,0.1036509900990099,0.49195544554455445,0.024133663366336634,0.03589108910891089,0.7911509900990099,0.9563737623762376,0.3468440594059406,0.0942
06025,Imperial County,California,CA,0.9936,0.07679987876248112,0.9646946564885497,0.9405940594059404,0.8514631043,0.024173027989821877,0.5590965346534653,0.4238861386138614,0.13768564356435645,0.9418316831683168,0.024133663366336634,0.03589108910891089,0.7008044554455446,0.7670173267326733,0.1828589108910891,0.1205
06027,Inyo County,California,CA,0.6147,2.3798720040857976e-06,0.7932569974554707,0.7097772277227723,0.8358778626,0.2589058524173028,0.04641089108910891,0.1551670792079208,0.055074257425742575,0.9789603960396039,0.04919554455445545,0.03589108910891089,0.255259900990099,0.8412747524752475,0.3567450495049505,0.0743
06029,Kern County,California,CA,0.9685,2.3001711339768173e-06,0.9888676844783714,0.9873143564356437,0.6106870229,0.06520356234096693,0.4746287128712871,0.1551670792079208,0.21967821782178218,0.995049504950495,0.0655940594059406,0.03589108910891089,0.9467821782178217,0.9975247524752475,0.8539603960396039,0.1153
06031,Kings County,California,CA,0.9507,0.0,0.9243002544529262,0.9034653465346536,0.6568066158000001,0.07665394402035625,0.13459158415841585,0.1551670792079208,0.18719059405940594,0.9798886138613861,0.024133663366336634,0.03589108910891089,0.9975247524752475,0.7772277227722773,0.49566831683168316,0.1066
06033,Lake County,California,CA,0.9055,1.5231209759124284e-06,0.9300254452926208,0.9071782178217822,0.7061068702,0.24459287531806612,0.04517326732673267,0.1551670792079208,0.1333539603960396,0.5436262376237624,0.024133663366336634,0.03589108910891089,0.9600866336633663,0.9913366336633663,0.24195544554455445,0.1003
06035,Lassen County,California,CA,0.8231,1.6775846272392227e-06,0.7309160305343512,0.6816212871287128,0.6927480916000001,0.5655216284987278,0.08353960396039604,0.1551670792079208,0.05816831683168317,0.2698019801980198,0.05167079207920792,0.03589108910891089,0.8400371287128713,0.9755569306930693,0.3558168316831683,0.0696
06037,Los Angeles County,California,CA,0.8629,2.3364211484991754e-06,1.0,1.0,0.5537531807,0.1354961832061069,0.7586633663366337,0.1551670792079208,0.9774133663366337,0.9935024752475248,0.0838490099009901,0.03589108910891089,0.4504950495049505,0.9993811881188119,0.9702970297029703,0.1105
06039,Madera County,California,CA,0.9593,1.9206454428559926e-06,0.9643765903307887,0.9455445544554455,0.7872137404999999,0.07697201017811704,0.22524752475247525,0.1551670792079208,0.21503712871287128,0.9783415841584159,0.024133663366336634,0.03589108910891089,0.9993811881188119,0.9938118811881188,0.7351485148514851,0.1113
06041,Marin County,California,CA,0.37,0.16563636517717248,0.9637404580152673,0.96875,0.2471374046,0.9917302798982189,0.1358292079207921,0.1551670792079208,0.2079207920792079,0.755569306930693,0.024133663366336634,0.03589108910891089,0.5293935643564357,0.9470915841584159,0.359220297029703,0.0866
06043,Mariposa County,California,CA,0.8613,0.0005882322125068965,0.8641857506361323,0.786509900990099,0.9297073791,0.21310432569974555,0.1327351485148515,0.1551670792079208,0.08941831683168316,0.9848391089108911,0.024133663366336634,0.03589108910891089,0.7620668316831684,0.9904084158415841,0.7008044554455446,0.0916
06045,Mendocino County,California,CA,0.9726,1.768835166407663e-06,0.943384223918575,0.9204826732673267,0.7684478372,0.38963104325699743,0.038056930693069306,0.1551670792079208,0.12902227722772278,0.5411509900990099,0.024133663366336634,0.03589108910891089,0.9749381188118812,0.9786509900990099,0.31342821782178215,0.1003
06047,Merced County,California,CA,0.973,2.3001711339768173e-06,0.9685114503816794,0.9579207920792081,0.6173664122,0.07251908396946564,0.22586633663366337,0.1551670792079208,0.28248762376237624,0.9774133663366337,0.024133663366336634,0.03589108910891089,0.9990717821782178,0.9238861386138614,0.8502475247524752,0.1127
06049,Modoc County,California,CA,0.8186,0.4994690034462467,0.3969465648854962,0.34498762376237624,0.6682569975,0.2181933842239186,0.04146039603960396,0.1551670792079208,0.038366336633663366,0.32332920792079206,0.1219059405940594,0.03589108910891089,0.9659653465346535,0.9313118811881188,0.1234529702970297,0.0938
06051,Mono County,California,CA,0.3891,0.0018206940925806169,0.4650127226463104,0.5442450495049505,0.2334605598,0.6564885496183206,0.12314356435643564,0.1551670792079208,0.05167079207920792,0.2620668316831683,0.050433168316831686,0.03589108910891089,0.7871287128712872,0.9139851485148515,0.29176980198019803,0.0344
06053,Monterey County,California,CA,0.8686,0.05532857101963398,0.9872773536895673,0.9866955445544552,0.5483460560000001,0.24650127226463106,0.13768564356435645,0.1551670792079208,0.3060024752475248,0.9597772277227723,0.024133663366336634,0.03589108910891089,0.999690594059406,0.9870049504950495,0.6466584158415841,0.1102
06055,Napa County,California,CA,0.6831,1.471805323862109e-06,0.9526081424936386,0.9529702970297029,0.38517811700000004,0.7601781170483458,0.10767326732673267,0.1551670792079208,0.20513613861386137,0.6803836633663366,0.024133663366336634,0.03589108910891089,0.995049504950495,0.9607054455445545,0.3214727722772277,0.0848
06057,Nevada County,California,CA,0.2148,1.9812638848856833e-06,0.898854961832061,0.8889232673267327,0.4351145038,0.6533078880407125,0.16027227722772278,0.1551670792079208,0.20142326732673269,0.593440594059406,0.024133663366336634,0.03589108910891089,0.07317450495049505,0.994430693069307,0.7125618811881188,0.0633
06059,Orange County,California,CA,0.5692,1.6902191303897777e-06,0.9980916030534353,0.9978341584158418,0.2493638677,0.16316793893129775,0.536200495049505,0.1551670792079208,0.8415841584158416,0.9730816831683168,0.024133663366336634,0.03589108910891089,0.34498762376237624,0.9981435643564357,0.6779084158415841,0.0988
06061,Placer County,California,CA,0.1992,2.1578489998065082e-06,0.9306615776081425,0.9458539603960396,0.1657124682,0.835559796437659,0.2391707920792079,0.1551670792079208,0.25402227722772275,0.6989480198019802,0.024133663366336634,0.03589108910891089,0.8765470297029703,0.9873143564356436,0.8239480198019802,0.0645
06063,Plumas County,California,CA,0.4088,2.18631342664057e-06,0.8638676844783714,0.8032178217821783,0.9141221374000001,0.6972010178117048,0.0891089108910891,0.1551670792079208,0.12252475247524752,0.2973391089108911,0.024133663366336634,0.03589108910891089,0.5869430693069307,0.9866955445544554,0.8097153465346535,0.0649
06065,Riverside County,California,CA,0.8199,0.0003285024267771563,0.9990458015267175,0.9993811881188119,0.33333333330000003,0.13040712468193383,0.5396039603960396,0.34715346534653463,0.8706683168316832,0.9851485148514851,0.16212871287128713,0.03589108910891089,0.5686881188118812,0.999690594059406,0.8196163366336634,0.109
06067,Sacramento County,California,CA,0.7509,0.09678271793703706,0.9812340966921121,0.9820544554455446,0.37436386769999996,0.5699745547073791,0.10117574257425743,0.1551670792079208,0.6599628712871287,0.9625618811881188,0.024133663366336634,0.03589108910891089,0.9938118811881188,0.9603960396039604,0.6429455445544554,0.101
06069,San Benito County,California,CA,0.5094,0.0005242636638441336,0.8524173027989822,0.8883044554455446,0.10623409669999999,0.5594783715012722,0.043316831683168314,0.1551670792079208,0.12685643564356436,0.6132425742574258,0.024133663366336634,0.03589108910891089,0.9712252475247525,0.9554455445544554,0.14882425742574257,0.0718
06071,San Bernardino County,California,CA,0.8858,0.03557025141233349,0.9984096692111959,0.9984529702970296,0.3320610687,0.2006997455470738,0.9706064356435643,0.1551670792079208,0.7933168316831684,0.9842202970297029,0.30228960396039606,0.03589108910891089,0.3530321782178218,0.9990717821782178,0.9535891089108911,0.1119
06073,San Diego County,California,CA,0.7057,5.3165693353021736e-05,0.9971374045801527,0.9969059405940597,0.2480916031,0.08301526717557252,0.5331064356435643,0.31992574257425743,0.6537747524752475,0.9879331683168316,0.05785891089108911,0.03589108910891089,0.6051980198019802,1.0,0.8146658415841584,0.1062
06075,San Francisco County,California,CA,0.482,2.0724557193043225e-06,0.9952290076335877,0.9959777227722774,0.4805979644,0.9965012722646308,0.12747524752475248,0.1551670792079208,0.36633663366336633,0.9412128712871287,0.024133663366336634,0.03589108910891089,0.7014232673267327,0.3060024752475248,0.317759900990099,0.0808
06077,San Joaquin County,California,CA,0.8718,2.3001711339768173e-06,0.9860050890585242,0.9879331683168318,0.3966284987,0.47010178117048357,0.3969678217821782,0.1551670792079208,0.5037128712871287,0.9749381188118812,0.024133663366336634,0.03589108910891089,0.9987623762376238,0.9220297029702971,0.9353341584158416,0.1002
06079,San Luis Obispo County,California,CA,0.5227,2.3001711339768173e-06,0.9589694656488548,0.9616336633663365,0.32760814250000003,0.9392493638676845,0.07425742574257425,0.1551670792079208,0.08663366336633663,0.7951732673267327,0.024133663366336634,0.03589108910891089,0.9962871287128713,0.9836014851485149,0.2744430693069307,0.0784
06081,San Mateo County,California,CA,0.2899,2.3001711339768173e-06,0.9923664122137404,0.9944306930693068,0.2051526718,0.9758269720101781,0.22741336633663367,0.1551670792079208,0.3251856435643564,0.9189356435643564,0.024133663366336634,0.03589108910891089,0.9229579207920792,0.9223391089108911,0.6909034653465347,0.0736
06083,Santa Barbara County,California,CA,0.8667,2.3001711339768173e-06,0.9898218829516542,0.9894801980198021,0.6024173027999999,0.6090966921119593,0.15346534653465346,0.1551670792079208,0.07982673267326733,0.7626856435643564,0.04888613861386139,0.03589108910891089,0.9984529702970297,0.9922648514851485,0.5659034653465347,0.0977
06085,Santa Clara County,California,CA,0.3614,0.07689239248722791,0.9974554707379135,0.9981435643564357,0.1723918575,0.726145038167939,0.11819306930693069,0.1551670792079208,0.5699257425742574,0.9863861386138614,0.024133663366336634,0.03589108910891089,0.9922648514851485,0.9746287128712872,0.4839108910891089,0.0848
06087,Santa Cruz County,California,CA,0.6131,2.3001711339768173e-06,0.9780534351145039,0.9805074257425743,0.2808524173,0.710559796437659,0.09498762376237624,0.1551670792079208,0.2094678217821782,0.8709777227722773,0.024133663366336634,0.03589108910891089,0.994430693069307,0.974009900990099,0.6033415841584159,0.0858
06089,Shasta County,California,CA,0.7649,0.03702942294159496,0.9338422391857506,0.9344059405940597,0.41125954200000003,0.4770992366412214,0.10550742574257425,0.1551670792079208,0.17728960396039603,0.8626237623762376,0.053217821782178217,0.03589108910891089,0.7673267326732673,0.995049504950495,0.6766707920792079,0.0933
06091,Sierra County,California,CA,0.3522,1.1615940606143435e-06,0.3152035623409669,0.28310643564356436,0.6323155216,0.31361323155216286,0.0510519801980198,0.1551670792079208,0.050433168316831686,0.10891089108910891,0.024133663366336634,0.03589108910891089,0.37685643564356436,0.9569925742574258,0.7818688118811881,0.0305
06093,Siskiyou County,California,CA,0.7884,0.0,0.8902671755725191,0.8561262376237625,0.7935750636000001,0.44783715012722647,0.08323019801980198,0.1551670792079208,0.04579207920792079,0.786509900990099,0.09189356435643564,0.03589108910891089,0.989480198019802,0.9863861386138614,0.37066831683168316,0.0864
06095,Solano County,California,CA,0.6201,2.3001711339768173e-06,0.9701017811704837,0.9752475247524752,0.2519083969,0.7181933842239185,0.1989480198019802,0.1551670792079208,0.35860148514851486,0.7781559405940595,0.024133663366336634,0.03589108910891089,0.9931930693069307,0.9464727722772277,0.6141707920792079,0.0851
06097,Sonoma County,California,CA,0.5562,0.199011002918423,0.9907760814249365,0.9922648514851485,0.2977099237,0.6622137404580153,0.1593440594059406,0.1551670792079208,0.17698019801980197,0.8923267326732673,0.024133663366336634,0.03589108910891089,0.9935024752475248,0.9826732673267327,0.5980816831683168,0.1018
06099,Stanislaus County,California,CA,0.8511,2.5796124305115412e-06,0.9688295165394402,0.9702970297029703,0.32029262090000005,0.339058524173028,0.3029084158415842,0.1551670792079208,0.2973391089108911,0.9644183168316832,0.024133663366336634,0.03589108910891089,0.9981435643564357,0.9517326732673267,0.9121287128712872,0.1006
06101,Sutter County,California,CA,0.8641,0.2216467850391544,0.8371501272264631,0.8186881188118812,0.572519084,0.41666666666666674,0.09096534653465346,0.1551670792079208,0.17264851485148514,0.8084777227722773,0.024133663366336634,0.03589108910891089,0.9956683168316832,0.7775371287128713,0.5095915841584159,0.1025
06103,Tehama County,California,CA,0.9271,2.084616947416089e-06,0.8889949109414758,0.8765470297029703,0.5292620865,0.2729007633587786,0.06590346534653466,0.1551670792079208,0.15284653465346534,0.5875618811881188,0.024133663366336634,0.03589108910891089,0.9882425742574258,0.9851485148514851,0.4124381188118812,0.0961
06105,Trinity County,California,CA,0.7206,1.1455136552566296e-06,0.7945292620865139,0.7165841584158416,0.8256997455,0.3702290076335878,0.04176980198019802,0.1551670792079208,0.07271039603960396,0.41955445544554454,0.024133663366336634,0.03589108910891089,0.07317450495049505,0.9854579207920792,0.13675742574257427,0.0754
06107,Tulare County,California,CA,0.9147,1.9075692614291733e-06,0.9704198473282445,0.9619430693069309,0.6186386768,0.08015267175572519,0.28867574257425743,0.1551670792079208,0.3224009900990099,0.9919554455445545,0.024133663366336634,0.03589108910891089,0.8889232673267327,0.9801980198019802,0.9501856435643564,0.1106
06109,Tuolumne County,California,CA,0.6319,8.379371235120587e-07,0.8520992366412213,0.839108910891089,0.534351145,0.4910941475826972,0.1646039603960396,0.1551670792079208,0.10396039603960396,0.8944925742574258,0.024133663366336634,0.03589108910891089,0.7484529702970297,0.9935024752475248,0.7419554455445545,0.0764
06111,Ventura County,California,CA,0.6249,2.3441890087539668e-06,0.9939567430025444,0.9950495049504948,0.2977099237,0.33555979643765904,0.4563737623762376,0.1551670792079208,0.4399752475247525,0.8632425742574258,0.11076732673267327,0.03589108910891089,0.8063118811881188,0.9978341584158416,0.7103960396039604,0.0954
06113,Yolo County,California,CA,0.7366,1.8265765208852953e-06,0.9138040712468193,0.9201732673267327,0.24204834609999998,0.6943384223918575,0.11045792079207921,0.1551670792079208,0.24474009900990099,0.7939356435643564,0.024133663366336634,0.03589108910891089,0.9959777227722773,0.8731435643564357,0.45823019801980197,0.0835
06115,Yuba County,California,CA,0.9268,9.470436680010401e-07,0.8088422391857506,0.823638613861386,0.304389313,0.3660941475826972,0.07178217821782178,0.1551670792079208,0.17233910891089108,0.557549504950495,0.024133663366336634,0.03589108910891089,0.9897896039603961,0.969059405940594,0.41676980198019803,0.0862
08001,Adams County,Colorado,CO,0.7264,2.2828002359410503e-06,0.9118956743002543,0.9310024752475248,0.12181933839999999,0.46087786259541985,0.9198638613861386,0.1551670792079208,0.9362623762376238,0.7775371287128713,0.9730816831683168,0.6314975247524752,0.6472772277227723,0.8146658415841584,0.9681311881188119,0.0874
08003,Alamosa County,Colorado,CO,0.8253,1.958690909842116e-06,0.4036259541984733,0.26175742574257427,0.9325699745999999,0.2684478371501272,0.06157178217821782,0.1551670792079208,0.18873762376237624,0.18254950495049505,0.59375,0.24504950495049505,0.9152227722772277,0.6330445544554455,0.6630569306930693,0.0521
08005,Arapahoe County,Colorado,CO,0.4661,2.1797000668051998e-06,0.9379770992366413,0.9495668316831682,0.18447837150000002,0.49395674300254455,0.9526608910891089,0.1551670792079208,0.9730816831683168,0.6970915841584159,0.9133663366336634,0.17698019801980197,0.46070544554455445,0.8511757425742574,0.9845297029702971,0.08
08007,Archuleta County,Colorado,CO,0.3484,2.1390643738628943e-06,0.34478371501272265,0.2756806930693069,0.7372773537,0.22073791348600508,0.07023514851485149,0.1551670792079208,0.12097772277227722,0.06837871287128713,0.053527227722772276,0.17481435643564355,0.32735148514851486,0.9461633663366337,0.6163366336633663,0.034
08009,Baca County,Colorado,CO,0.5472,1.9821782854787733e-06,0.23155216284987276,0.11881188118811879,0.957697201,0.11354961832061068,0.6574876237623762,0.1551670792079208,0.28465346534653463,0.07425742574257425,0.39511138613861385,0.2988861386138614,0.9702970297029703,0.812809405940594,0.5959158415841584,0.0397
08011,Bent County,Colorado,CO,0.8804,2.171409937906389e-06,0.05629770992366412,0.09003712871287128,0.1275445293,0.04039440203562341,0.45080445544554454,0.1551670792079208,0.21844059405940594,0.11262376237623763,0.2908415841584158,0.08694306930693069,0.6779084158415841,0.656559405940594,0.32642326732673266,0.0507
08013,Boulder County,Colorado,CO,0.209,1.991905031874263e-06,0.9071246819338422,0.9269801980198021,0.1138676845,0.9122137404580153,0.8635519801980198,0.1551670792079208,0.9279084158415841,0.6185024752475248,0.7141089108910891,0.7481435643564357,0.4006806930693069,0.979269801980198,0.9897896039603961,0.0619
08014,Broomfield County,Colorado,CO,0.0436,2.044859935680606e-06,0.3470101781170484,0.5513613861386139,0.10623409669999999,0.8187022900763359,0.5751856435643564,0.1551670792079208,0.6296410891089109,0.33044554455445546,0.5173267326732673,0.4504950495049505,0.17419554455445543,0.7311262376237624,0.8660272277227723,0.0147
08015,Chaffee County,Colorado,CO,0.6096,0.0,0.5111323155216285,0.6033415841584159,0.18129770990000002,0.5480279898218829,0.07301980198019802,0.1551670792079208,0.15099009900990099,0.11138613861386139,0.08044554455445545,0.16584158415841585,0.32425742574257427,0.7246287128712872,0.8672648514851485,0.0473
08017,Cheyenne County,Colorado,CO,0.0837,2.174025244145342e-06,0.03021628498727735,0.04981435643564357,0.18447837150000002,0.1987913486005089,0.15965346534653466,0.1551670792079208,0.17481435643564355,0.06528465346534654,0.37530940594059403,0.10798267326732673,0.7487623762376238,0.32271039603960394,0.09962871287128713,0.0166
08019,Clear Creek County,Colorado,CO,0.1394,9.648023373366655e-05,0.46723918575063617,0.6185024752475248,0.10623409669999999,0.5152671755725191,0.12778465346534654,0.1551670792079208,0.20915841584158415,0.02645420792079208,0.06683168316831684,0.17326732673267325,0.07317450495049505,0.9415222772277227,0.6868811881188119,0.0291
08021,Conejos County,Colorado,CO,0.8377,2.172562742461761e-06,0.22932569974554703,0.13861386138613865,0.8384223919,0.045165394402035625,0.04424504950495049,0.1551670792079208,0.1188118811881188,0.12407178217821782,0.5606435643564357,0.13861386138613863,0.7611386138613861,0.5946782178217822,0.41398514851485146,0.0525
08023,Costilla County,Colorado,CO,0.8727,1.6588664036932555e-06,0.06552162849872774,0.019492574257425743,0.9650127225999999,0.006361323155216279,0.055074257425742575,0.1551670792079208,0.0968440594059406,0.09251237623762376,0.25711633663366334,0.11819306930693069,0.7156559405940595,0.7385519801980198,0.35396039603960394,0.0516
08025,Crowley County,Colorado,CO,0.86,2.9164213808569066e-06,0.03880407124681934,0.02691831683168317,0.6195928753,0.10082697201017812,0.36448019801980197,0.1551670792079208,0.16986386138613863,0.14232673267326731,0.36695544554455445,0.09870049504950495,0.3966584158415842,0.6367574257425742,0.4430693069306931,0.0476
08027,Custer County,Colorado,CO,0.1012,2.505587882936847e-06,0.03912213740458016,0.08632425742574255,0.10623409669999999,0.66793893129771,0.08446782178217822,0.1551670792079208,0.10179455445544554,0.06745049504950495,0.06837871287128713,0.09808168316831684,0.34344059405940597,0.8211633663366337,0.7985767326732673,0.0067
08029,Delta County,Colorado,CO,0.581,0.0,0.5127226463104325,0.4832920792079208,0.600826972,0.2703562340966921,0.1454207920792079,0.1551670792079208,0.11293316831683169,0.21875,0.21782178217821782,0.2119430693069307,0.6977103960396039,0.8709777227722773,0.8350866336633663,0.0511
08031,Denver County,Colorado,CO,0.5603,2.0233850630496494e-06,0.9522900763358777,0.9650371287128712,0.1777989822,0.6847964376590331,0.9619430693069307,0.1551670792079208,0.979269801980198,0.7252475247524752,0.9235767326732673,0.18409653465346534,0.2354579207920792,0.6169554455445545,0.9860767326732673,0.0816
08033,Dolores County,Colorado,CO,0.1858,1.6810953090521505e-06,0.11323155216284989,0.10705445544554455,0.558524173,0.14153944020356238,0.04393564356435643,0.1551670792079208,0.054146039603960396,0.09405940594059406,0.08137376237623763,0.10736386138613861,0.4693688118811881,0.8032178217821783,0.7698019801980198,0.0231
08035,Douglas County,Colorado,CO,0.022,1.8580773687734204e-06,0.8870865139949109,0.9180074257425743,0.10623409669999999,0.7369592875318066,0.931930693069307,0.1551670792079208,0.9353341584158416,0.5649752475247525,0.6475866336633663,0.46720297029702973,0.3626237623762376,0.9842202970297029,0.9928836633663366,0.0549
08037,Eagle County,Colorado,CO,0.3497,1.3845359619204357e-06,0.7624045801526718,0.8316831683168318,0.10623409669999999,0.30025445292620867,0.14108910891089108,0.1551670792079208,0.16738861386138615,0.02645420792079208,0.0609529702970297,0.3316831683168317,0.2728960396039604,0.7617574257425742,0.8969678217821783,0.0638
08039,Elbert County,Colorado,CO,0.0006,2.2647666381339627e-06,0.3657760814249364,0.5433168316831682,0.10623409669999999,0.6024173027989822,0.30136138613861385,0.1551670792079208,0.5024752475247525,0.12778465346534654,0.5064975247524752,0.2521658415841584,0.36076732673267325,0.9520420792079208,0.4405940594059406,0.0167
08041,El Paso County,Colorado,CO,0.4604,2.2226028662206797e-06,0.9405216284987277,0.9607054455445544,0.10623409669999999,0.580470737913486,0.9047029702970297,0.1551670792079208,0.969059405940594,0.7855816831683168,0.754950495049505,0.6704826732673267,0.4591584158415842,0.9928836633663366,0.9891707920792079,0.0786
08043,Fremont County,Colorado,CO,0.6688,1.956807944455674e-06,0.6857506361323157,0.6429455445544554,0.6625318066,0.4074427480916031,0.27722772277227725,0.1551670792079208,0.33044554455445546,0.41398514851485146,0.15965346534653466,0.23422029702970298,0.4084158415841584,0.9433787128712872,0.9613242574257426,0.0636
08045,Garfield County,Colorado,CO,0.6058,1.8144858102853651e-06,0.6453562340966922,0.7215346534653464,0.1542620865,0.12309160305343513,0.12221534653465346,0.1551670792079208,0.1166460396039604,0.3873762376237624,0.14108910891089108,0.2416460396039604,0.44245049504950495,0.9121287128712872,0.8261138613861386,0.0681
08047,Gilpin County,Colorado,CO,0.0967,2.1039635971075927e-06,0.06361323155216285,0.10891089108910892,0.1275445293,0.79293893129771,0.11788366336633663,0.1551670792079208,0.18162128712871287,0.02645420792079208,0.06806930693069307,0.14139851485148514,0.07317450495049505,0.8784034653465347,0.43564356435643564,0.0053
08049,Grand County,Colorado,CO,0.1565,2.0713515992310147e-06,0.5019083969465649,0.6095297029702972,0.15012722650000002,0.5559796437659033,0.1775990099009901,0.1551670792079208,0.28155940594059403,0.02645420792079208,0.06590346534653466,0.21998762376237624,0.286509900990099,0.7911509900990099,0.8227103960396039,0.0305
08051,Gunnison County,Colorado,CO,0.1222,2.1094881883553153e-06,0.44974554707379133,0.6228341584158416,0.10623409669999999,0.7360050890585242,0.06837871287128713,0.1551670792079208,0.08725247524752475,0.059096534653465344,0.0968440594059406,0.15841584158415842,0.3666460396039604,0.7100866336633663,0.6314975247524752,0.0241
08053,Hinsdale County,Colorado,CO,0.0869,2.3001711339768173e-06,0.01017811704834606,0.01732673267326733,0.10623409669999999,0.23664122137404578,0.03743811881188119,0.1551670792079208,0.043007425742574254,0.02645420792079208,0.050742574257425746,0.08013613861386139,0.07317450495049505,0.5154702970297029,0.21534653465346534,0.0155
08055,Huerfano County,Colorado,CO,0.5383,2.3001711339768173e-06,0.24236641221374045,0.15625,0.8349236641000001,0.16603053435114504,0.19863861386138615,0.1551670792079208,0.14108910891089108,0.21225247524752475,0.08879950495049505,0.13211633663366337,0.3186881188118812,0.8790222772277227,0.6330445544554455,0.0382
08057,Jackson County,Colorado,CO,0.3751,0.0,0.11768447837150128,0.1271658415841584,0.44879134860000003,0.17461832061068702,0.04610148514851485,0.1551670792079208,0.06002475247524752,0.02645420792079208,0.07766089108910891,0.0983910891089109,0.07317450495049505,0.26051980198019803,0.1639851485148515,0.0291
08059,Jefferson County,Colorado,CO,0.0948,2.3001711339768173e-06,0.9494274809160304,0.9653465346534652,0.1138676845,0.6688931297709924,0.9282178217821783,0.1551670792079208,0.9659653465346535,0.7209158415841584,0.7407178217821783,0.7382425742574258,0.2957920792079208,0.9953589108910891,0.9975247524752475,0.0648
08061,Kiowa County,Colorado,CO,0.3312,2.3001711339768173e-06,0.03784987277353689,0.06002475247524752,0.1580788804,0.2923027989821883,0.21596534653465346,0.1551670792079208,0.17574257425742573,0.06435643564356436,0.18533415841584158,0.10148514851485149,0.8313737623762376,0.525680693069307,0.1150990099009901,0.0229
08063,Kit Carson County,Colorado,CO,0.6825,0.022193468263572574,0.32474554707379133,0.36324257425742573,0.36959287529999996,0.08428753180661577,0.5699257425742574,0.1551670792079208,0.5866336633663366,0.08849009900990099,0.7995049504950495,0.2317450495049505,0.3895420792079208,0.4399752475247525,0.2592821782178218,0.0523
08065,Lake County,Colorado,CO,0.1152,0.0,0.05661577608142494,0.10581683168316833,0.10623409669999999,0.1809796437659033,0.05847772277227723,0.1551670792079208,0.10860148514851485,0.02645420792079208,0.0640470297029703,0.10334158415841584,0.07317450495049505,0.25495049504950495,0.4006806930693069,0.0186
08067,La Plata County,Colorado,CO,0.258,2.3001711339768173e-06,0.7515903307888041,0.7945544554455446,0.2102417303,0.48346055979643765,0.12995049504950495,0.1551670792079208,0.18193069306930693,0.0983910891089109,0.05631188118811881,0.26794554455445546,0.4876237623762376,0.9761757425742574,0.8558168316831684,0.0545
08069,Larimer County,Colorado,CO,0.1524,2.3001711339768173e-06,0.9013994910941477,0.9275990099009901,0.10623409669999999,0.7131043256997455,0.8827351485148515,0.1551670792079208,0.9081064356435643,0.6027227722772277,0.9492574257425742,0.5445544554455446,0.48824257425742573,0.9774133663366337,0.9919554455445545,0.0613
08071,Las Animas County,Colorado,CO,0.9068,2.3221800713653916e-06,0.236323155216285,0.21379950495049502,0.5801526718000001,0.11418575063613233,0.07797029702970297,0.1551670792079208,0.16429455445544555,0.28155940594059403,0.42419554455445546,0.15346534653465346,0.505569306930693,0.9204826732673267,0.6844059405940595,0.0533
08073,Lincoln County,Colorado,CO,0.385,0.015605436349399543,0.07474554707379134,0.11293316831683167,0.1987913486,0.28466921119592875,0.3094059405940594,0.1551670792079208,0.27103960396039606,0.09158415841584158,0.32425742574257427,0.16027227722772278,0.6448019801980198,0.5956064356435643,0.1921410891089109,0.0268
08075,Logan County,Colorado,CO,0.6004,2.3309836463208217e-06,0.587468193384224,0.5683787128712872,0.530216285,0.19115776081424937,0.9248143564356436,0.1551670792079208,0.7404084158415841,0.2271039603960396,0.8025990099009901,0.8208539603960396,0.9003712871287128,0.645730198019802,0.5640470297029703,0.0595
08077,Mesa County,Colorado,CO,0.6462,2.30993090886119e-06,0.7512722646310432,0.7633044554455446,0.36959287529999996,0.5674300254452926,0.13242574257425743,0.1551670792079208,0.19925742574257427,0.6082920792079208,0.3276608910891089,0.37964108910891087,0.7456683168316832,0.9022277227722773,0.9733910891089109,0.0662
08079,Mineral County,Colorado,CO,0.056,2.3001711339768173e-06,0.05438931297709924,0.11169554455445545,0.10623409669999999,0.5741094147582697,0.03712871287128713,0.1551670792079208,0.04981435643564357,0.02645420792079208,0.07982673267326733,0.08261138613861387,0.07317450495049505,0.47277227722772275,0.6188118811881188,0.0069
08081,Moffat County,Colorado,CO,0.8164,2.3001711339768173e-06,0.12054707379134859,0.22246287128712872,0.10623409669999999,0.06393129770992366,0.06930693069306931,0.1551670792079208,0.053527227722772276,0.054764851485148515,0.14449257425742573,0.14418316831683167,0.36107673267326734,0.8780940594059405,0.3162128712871287,0.0492
08083,Montezuma County,Colorado,CO,0.6061,2.3001711339768173e-06,0.47614503816793885,0.43285891089108913,0.6243638677,0.13008905852417302,0.09962871287128713,0.1551670792079208,0.125,0.2834158415841584,0.3462252475247525,0.2110148514851485,0.7336014851485149,0.937809405940594,0.870049504950495,0.0536
08085,Montrose County,Colorado,CO,0.5164,2.3001711339768173e-06,0.4901399491094148,0.5198019801980198,0.37531806619999997,0.20197201017811708,0.12933168316831684,0.1551670792079208,0.11386138613861387,0.18780940594059406,0.22091584158415842,0.2286509900990099,0.5956064356435643,0.7914603960396039,0.8784034653465347,0.0501
08087,Morgan County,Colorado,CO,0.8371,2.3155773901488197e-06,0.5194020356234097,0.6089108910891089,0.1797073791,0.30470737913486007,0.7558787128712872,0.1551670792079208,0.6745049504950495,0.21813118811881188,0.755259900990099,0.5061881188118812,0.27011138613861385,0.661200495049505,0.30228960396039606,0.0616
08089,Otero County,Colorado,CO,0.9535,0.0,0.5073155216284987,0.4195544554455445,0.7967557252,0.28498727735368956,0.635519801980198,0.1551670792079208,0.35086633663366334,0.29919554455445546,0.6466584158415841,0.15563118811881188,0.8966584158415841,0.7657797029702971,0.9220297029702971,0.0629
08091,Ouray County,Colorado,CO,0.0834,2.036300051690912e-06,0.17716284987277356,0.3214727722772277,0.10623409669999999,0.47455470737913485,0.04084158415841584,0.1551670792079208,0.05290841584158416,0.053217821782178217,0.0510519801980198,0.10055693069306931,0.24133663366336633,0.7261757425742574,0.6215965346534653,0.0133
08093,Park County,Colorado,CO,0.0032,2.3001711339768173e-06,0.22201017811704835,0.3873762376237624,0.10623409669999999,0.49681933842239184,0.16676980198019803,0.1551670792079208,0.2141089108910891,0.05290841584158416,0.06899752475247525,0.14016089108910892,0.07317450495049505,0.9501856435643564,0.6881188118811881,0.0118
08095,Phillips County,Colorado,CO,0.4203,2.3001711339768173e-06,0.12340966921119591,0.2172029702970297,0.1138676845,0.06615776081424936,0.5080445544554455,0.1551670792079208,0.34777227722772275,0.10457920792079207,0.3917079207920792,0.3505569306930693,0.8907797029702971,0.3338490099009901,0.23514851485148514,0.0349
08097,Pitkin County,Colorado,CO,0.0617,2.3001711339768173e-06,0.541030534351145,0.6912128712871286,0.10623409669999999,0.6895674300254453,0.0640470297029703,0.1551670792079208,0.09436881188118812,0.02645420792079208,0.058787128712871284,0.17017326732673269,0.24659653465346534,0.7722772277227723,0.6738861386138614,0.0284
08099,Prowers County,Colorado,CO,0.9615,2.3001711339768173e-06,0.48600508905852424,0.36014851485148514,0.8549618321,0.08842239185750636,0.3536509900990099,0.1551670792079208,0.38551980198019803,0.1952351485148515,0.6936881188118812,0.18935643564356436,0.9566831683168316,0.7979579207920792,0.8620049504950495,0.0674
08101,Pueblo County,Colorado,CO,0.8533,2.3001711339768173e-06,0.8250636132315522,0.8313737623762375,0.4010814249,0.6603053435114503,0.6689356435643564,0.1551670792079208,0.7298886138613861,0.5758044554455446,0.9183168316831684,0.3722153465346535,0.599009900990099,0.9294554455445545,0.9904084158415841,0.079
08103,Rio Blanco County,Colorado,CO,0.5167,2.3313414033207904e-06,0.37595419847328243,0.3883044554455445,0.4891857506,0.5279898218829516,0.05971534653465346,0.1551670792079208,0.06342821782178218,0.05631188118811881,0.12933168316831684,0.12995049504950495,0.36448019801980197,0.9186262376237624,0.8233292079207921,0.0349
08105,Rio Grande County,Colorado,CO,0.7868,0.0,0.4576972010178117,0.3025990099009901,0.9150763358999999,0.07442748091603053,0.05631188118811881,0.1551670792079208,0.16212871287128713,0.1828589108910891,0.5640470297029703,0.19801980198019803,0.9257425742574258,0.6460396039603961,0.8415841584158416,0.0596
08107,Routt County,Colorado,CO,0.1314,0.0,0.3336513994910941,0.5340346534653466,0.10623409669999999,0.7659033078880406,0.07704207920792079,0.1551670792079208,0.06899752475247525,0.02645420792079208,0.12097772277227722,0.24040841584158415,0.3415841584158416,0.8103341584158416,0.6652227722772277,0.0177
08109,Saguache County,Colorado,CO,0.6608,2.6082962574168617e-06,0.14249363867684478,0.13304455445544558,0.5518447837,0.1071882951653944,0.04950495049504951,0.1551670792079208,0.10457920792079207,0.11788366336633663,0.2933168316831683,0.12407178217821782,0.8412747524752475,0.650990099009901,0.7688737623762376,0.042
08111,San Juan County,Colorado,CO,0.4276,2.3001711339768173e-06,0.10687022900763359,0.21844059405940594,0.10623409669999999,0.47264631043257,0.03681930693069307,0.1551670792079208,0.0426980198019802,0.02645420792079208,0.024133663366336634,0.07549504950495049,0.07317450495049505,0.35426980198019803,0.3808787128712871,0.0235
08113,San Miguel County,Colorado,CO,0.2911,2.3001711339768173e-06,0.19115776081424937,0.3527227722772277,0.10623409669999999,0.5429389312977099,0.04981435643564357,0.1551670792079208,0.06033415841584158,0.10550742574257425,0.05847772277227723,0.1203589108910891,0.2555693069306931,0.8066212871287128,0.5724009900990099,0.0201
08115,Sedgwick County,Colorado,CO,0.6729,0.18149401388426967,0.06520356234096693,0.07178217821782176,0.3244274809,0.28212468193384227,0.275990099009901,0.1551670792079208,0.25433168316831684,0.09034653465346534,0.31219059405940597,0.1692450495049505,0.8818069306930693,0.359220297029703,0.26082920792079206,0.0502
08117,Summit County,Colorado,CO,0.1696,0.0,0.6020992366412213,0.7209158415841584,0.10623409669999999,0.44274809160305345,0.21225247524752475,0.1551670792079208,0.2391707920792079,0.02645420792079208,0.0823019801980198,0.2527846534653465,0.07317450495049505,0.5482673267326733,0.812809405940594,0.0409
08119,Teller County,Colorado,CO,0.0496,2.7110046318968765e-06,0.3883587786259542,0.5454826732673267,0.10623409669999999,0.46660305343511443,0.15625,0.1551670792079208,0.29919554455445546,0.06002475247524752,0.0875618811881188,0.15037128712871287,0.07317450495049505,0.9712252475247525,0.8360148514851485,0.0221
08121,Washington County,Colorado,CO,0.2848,2.4859707669066874e-06,0.11991094147582697,0.10396039603960397,0.6456743003,0.4465648854961832,0.6163366336633663,0.1551670792079208,0.3406559405940594,0.12623762376237624,0.5170173267326733,0.37592821782178215,0.4801980198019802,0.6154084158415841,0.11231435643564357,0.0185
08123,Weld County,Colorado,CO,0.5889,0.011110280248213578,0.8915394402035624,0.9105816831683168,0.1138676845,0.561704834605598,0.9514232673267327,0.1551670792079208,0.9520420792079208,0.6157178217821783,0.963799504950495,0.7998143564356436,0.39758663366336633,0.880259900990099,0.9180074257425742,0.0791
08125,Yuma County,Colorado,CO,0.6783,2.364486074043659e-06,0.3680025445292621,0.5191831683168318,0.10623409669999999,0.11323155216284989,0.7580445544554455,0.1551670792079208,0.4681311881188119,0.09498762376237624,0.854269801980198,0.4025371287128713,0.5266089108910891,0.6126237623762376,0.27722772277227725,0.0531
09110,Capitol Planning Region,Connecticut,CT,0.5877,0.0,0.9736005089058524,0.9774133663366337,0.2808524173,0.6418575063613231,0.8400371287128713,0.9492574257425742,0.9071782178217822,0.9653465346534653,0.9495668316831684,0.9588490099009901,0.5405321782178217,0.5810643564356436,0.9211014851485149,0.0854
09120,Greater Bridgeport Planning Region,Connecticut,CT,0.8142,0.0,0.9176208651399493,0.9102722772277229,0.45260814250000003,0.5986005089058524,0.9542079207920792,0.963490099009901,0.43316831683168316,0.7843440594059405,0.5266089108910891,0.8663366336633663,0.20699257425742573,0.2599009900990099,0.6104579207920792,0.0878
09130,Lower Connecticut River Valley Planning Region,Connecticut,CT,0.1534,0.0,0.8384223918575063,0.8669554455445545,0.1787531807,0.9036259541984732,0.5464108910891089,0.9087252475247525,0.44832920792079206,0.4430693069306931,0.3239480198019802,0.7475247524752475,0.37035891089108913,0.45173267326732675,0.6051980198019802,0.0531
09140,Naugatuck Valley Planning Region,Connecticut,CT,0.5641,0.0,0.9319338422391855,0.9365717821782178,0.35687022900000004,0.7719465648854961,0.8938737623762376,0.963799504950495,0.7379331683168316,0.8143564356435643,0.7286509900990099,0.9483292079207921,0.5157797029702971,0.49133663366336633,0.864480198019802,0.0782
09150,Northeastern Connecticut Planning Region,Connecticut,CT,0.2409,0.0,0.6275445292620865,0.7524752475247525,0.10623409669999999,0.6180025445292621,0.16212871287128713,0.8972772277227723,0.3029084158415842,0.5151608910891089,0.29238861386138615,0.7509282178217822,0.29146039603960394,0.25,0.4207920792079208,0.0422
09160,Northwest Hills Planning Region,Connecticut,CT,0.2727,0.0,0.7961195928753181,0.8468440594059404,0.1275445293,0.7668575063613232,0.49597772277227725,0.9019183168316832,0.4443069306930693,0.33353960396039606,0.5160891089108911,0.8214727722772277,0.4251237623762376,0.4158415841584158,0.4935024752475248,0.0548
09170,South Central Connecticut Planning Region,Connecticut,CT,0.6637,0.0,0.9513358778625954,0.9504950495049507,0.4519720102,0.7970737913486005,0.8527227722772277,0.9777227722772277,0.7855816831683168,0.8592202970297029,0.7004950495049505,0.968440594059406,0.2589727722772277,0.4282178217821782,0.9251237623762376,0.0835
09180,Southeastern Connecticut Planning Region,Connecticut,CT,0.4865,0.0,0.8864503816793892,0.8926361386138614,0.2674936387,0.8638676844783714,0.5847772277227723,0.9610148514851485,0.5436262376237624,0.7230816831683168,0.4443069306930693,0.7979579207920792,0.34251237623762376,0.41027227722772275,0.7617574257425742,0.0697
09190,Western Connecticut Planning Region,Connecticut,CT,0.4664,0.0,0.9627862595419847,0.969059405940594,0.21374045800000002,0.6224554707379135,0.9786509900990099,0.9774133663366337,0.7004950495049505,0.8459158415841584,0.6676980198019802,0.9508044554455446,0.5126856435643564,0.4771039603960396,0.7945544554455446,0.0802
10001,Kent County,Delaware,DE,0.8151,9.767782189182175e-07,0.8451017811704835,0.8536509900990099,0.3244274809,0.6819338422391857,0.6110767326732673,0.9353341584158416,0.6946163366336634,0.8808787128712872,0.9387376237623762,0.6998762376237624,0.8530321782178217,0.6584158415841584,0.7413366336633663,0.0794
10003,New Castle County,Delaware,DE,0.5132,0.04535655217295599,0.9529262086513997,0.9569925742574256,0.2849872774,0.8304707379134861,0.8864480198019802,0.9142945544554455,0.8845915841584159,0.9548267326732673,0.9362623762376238,0.8978960396039604,0.844059405940594,0.6163366336633663,0.8183787128712872,0.0817
10005,Sussex County,Delaware,DE,0.5183,2.3945693098690116e-06,0.94147582697201,0.9220297029702971,0.7035623409999999,0.5979643765903307,0.8598391089108911,0.979269801980198,0.6435643564356436,0.8975866336633663,0.9817450495049505,0.8335396039603961,0.8691212871287128,0.8521039603960396,0.833230198019802,0.0795
11001,District of Columbia,District of Columbia,DC,0.6262,0.0587485175719628,0.9758269720101781,0.9755569306930693,0.40935114499999997,0.9328880407124684,0.9823638613861386,0.9706064356435643,0.9068688118811881,0.9922648514851485,0.943069306930693,0.7233910891089109,0.07317450495049505,0.28217821782178215,0.9672029702970297,0.0886
12001,Alachua County,Florida,FL,0.6099,1.8032326376270302e-06,0.9033078880407125,0.8978960396039604,0.3476463104,0.8097964376590332,0.8143564356435643,0.9755569306930693,0.905940594059406,0.8678836633663366,0.5946782178217822,0.03589108910891089,0.4285272277227723,0.9529702970297029,0.9774133663366337,0.0761
12003,Baker County,Florida,FL,0.6188,1.4122836777918526e-06,0.13263358778625955,0.1875,0.2442748092,0.7178753180661578,0.10457920792079207,0.8106435643564357,0.33353960396039606,0.5891089108910891,0.19461633663366337,0.03589108910891089,0.1890470297029703,0.7685643564356436,0.4814356435643564,0.0263
12005,Bay County,Florida,FL,0.7407,0.1998161624944882,0.9411577608142494,0.9439975247524752,0.308524173,0.29452926208651403,0.6800742574257426,0.9900990099009901,0.942450495049505,0.848700495049505,0.7988861386138614,0.03589108910891089,0.1936881188118812,0.7636138613861386,0.9786509900990099,0.1108
12007,Bradford County,Florida,FL,0.8867,0.0,0.36863867684478363,0.380569306930693,0.4831424936,0.37913486005089053,0.19616336633663367,0.9077970297029703,0.42945544554455445,0.4978341584158416,0.1454207920792079,0.03589108910891089,0.1998762376237624,0.8131188118811881,0.7982673267326733,0.0512
12009,Brevard County,Florida,FL,0.4817,0.12105243781992328,0.9840966921119592,0.9857673267326733,0.4083969466,0.6335877862595419,0.9613242574257426,0.9978341584158416,0.9542079207920792,0.8604579207920792,0.32116336633663367,0.03589108910891089,0.5037128712871287,0.9724628712871287,0.9941212871287128,0.0925
12011,Broward County,Florida,FL,0.7814,2.31862568249935e-06,0.9945928753180663,0.9935024752475248,0.5537531807,0.4417938931297709,0.8078589108910891,0.9987623762376238,0.963799504950495,0.9882425742574258,0.9535891089108911,0.03589108910891089,0.36478960396039606,0.9709158415841584,1.0,0.0985
12013,Calhoun County,Florida,FL,0.8756,0.08324841107880192,0.4494274809160305,0.37376237623762376,0.7312340967000001,0.1389949109414758,0.6061262376237624,0.9192450495049505,0.5779702970297029,0.4443069306930693,0.42048267326732675,0.03589108910891089,0.5058787128712872,0.6073638613861386,0.6438737623762376,0.0677
12015,Charlotte County,Florida,FL,0.5953,2.3001711339768173e-06,0.9519720101781171,0.9319306930693068,0.7700381679,0.12150127226463106,0.7527846534653465,0.9925742574257426,0.6358292079207921,0.7599009900990099,0.5293935643564357,0.03589108910891089,0.43935643564356436,0.9272896039603961,0.9823638613861386,0.0954
12017,Citrus County,Florida,FL,0.5698,2.3001711339768173e-06,0.946882951653944,0.9161509900990099,0.8228371500999999,0.06838422391857506,0.7113242574257426,0.9910272277227723,0.8932549504950495,0.7682549504950495,0.6064356435643564,0.03589108910891089,0.20853960396039603,0.9071782178217822,0.9563737623762376,0.0954
12019,Clay County,Florida,FL,0.3649,1.874050180830834e-06,0.8107506361323157,0.8567450495049507,0.1294529262,0.5111323155216285,0.3400371287128713,0.9241955445544554,0.8363242574257426,0.8316831683168316,0.18038366336633663,0.03589108910891089,0.2004950495049505,0.833230198019802,0.9254331683168316,0.0635
12021,Collier County,Florida,FL,0.6141,0.00013372207463023487,0.9891857506361325,0.9860767326732671,0.7471374046,0.4128498727735369,0.5297029702970297,0.9981435643564357,0.770730198019802,0.9393564356435643,0.9925742574257426,0.03589108910891089,0.6599628712871287,0.9653465346534653,0.994430693069307,0.0925
12023,Columbia County,Florida,FL,0.9138,2.26314094661112e-06,0.6972010178117048,0.6333539603960398,0.7140585242,0.2926208651399491,0.510519801980198,0.9291460396039604,0.676980198019802,0.7710396039603961,0.47029702970297027,0.03589108910891089,0.2979579207920792,0.8845915841584159,0.9436881188118812,0.0759
12027,DeSoto County,Florida,FL,0.9981,2.402879508456832e-06,0.8164758269720103,0.6899752475247525,0.9083969466,0.01399491094147583,0.7670173267326733,0.9721534653465347,0.6045792079207921,0.5021658415841584,0.7224628712871287,0.03589108910891089,0.6896658415841584,0.8496287128712872,0.9585396039603961,0.0973
12029,Dixie County,Florida,FL,0.7719,2.3001711339768173e-06,0.3549618320610687,0.3258044554455445,0.5709287532,0.02989821882951654,0.10952970297029703,0.9043935643564357,0.2818688118811881,0.38830445544554454,0.22122524752475248,0.03589108910891089,0.23236386138613863,0.7366955445544554,0.5823019801980198,0.0563
12031,Duval County,Florida,FL,0.7935,1.7827065482844855e-06,0.9720101781170485,0.9699876237623762,0.39885496179999996,0.6208651399491094,0.8233292079207921,0.9826732673267327,0.9176980198019802,0.96875,0.9857673267326733,0.2295792079207921,0.23452970297029702,0.9019183168316832,0.9857673267326733,0.0928
12033,Escambia County,Florida,FL,0.839,2.314358693947082e-06,0.9510178117048347,0.9501856435643564,0.4147582697,0.3466921119592875,0.4755569306930693,0.9913366336633663,0.7196782178217822,0.942759900990099,0.8224009900990099,0.3186881188118812,0.5374381188118812,0.8310643564356436,0.9907178217821783,0.0979
12035,Flagler County,Florida,FL,0.3121,1.5682287296723699e-06,0.8276081424936386,0.8056930693069307,0.608778626,0.4033078880407125,0.42976485148514854,0.9625618811881188,0.8146658415841584,0.7199876237623762,0.21627475247524752,0.03589108910891089,0.27691831683168316,0.8849009900990099,0.7654702970297029,0.0642
12037,Franklin County,Florida,FL,0.9017,0.33311280402957905,0.46533078880407125,0.39449257425742573,0.7503180662,0.4694656488549619,0.10179455445544554,0.9294554455445545,0.3431311881188119,0.38211633663366334,0.45080445544554454,0.03589108910891089,0.07317450495049505,0.7824876237623762,0.6203589108910891,0.0807
12039,Gadsden County,Florida,FL,0.9742,2.3001711339768173e-06,0.7239185750636132,0.5915841584158416,0.9503816794,0.3381043256997455,0.3474628712871287,0.9365717821782178,0.8425123762376238,0.6887376237623762,0.8288985148514851,0.03589108910891089,0.780940594059406,0.8016707920792079,0.8650990099009901,0.078
12041,Gilchrist County,Florida,FL,0.7337,1.1615940606143435e-06,0.27958015267175573,0.2116336633663366,0.7347328244000001,0.10782442748091604,0.17481435643564355,0.8833539603960396,0.32889851485148514,0.39758663366336633,0.359529702970297,0.03589108910891089,0.3323019801980198,0.7784653465346535,0.6014851485148515,0.0486
12043,Glades County,Florida,FL,0.9058,2.2836537382763677e-06,0.4802798982188295,0.30136138613861385,0.8972646310000001,0.00922391857506361,0.7035891089108911,0.9081064356435643,0.23050742574257427,0.32982673267326734,0.4681311881188119,0.03589108910891089,0.5857054455445545,0.879950495049505,0.8561262376237624,0.0672
12045,Gulf County,Florida,FL,0.7082,0.0006626873292337155,0.5954198473282443,0.5560024752475248,0.6568066158000001,0.5849236641221374,0.1379950495049505,0.9511138613861386,0.39820544554455445,0.4124381188118812,0.3777846534653465,0.03589108910891089,0.15748762376237624,0.7490717821782178,0.7611386138613861,0.0542
12047,Hamilton County,Florida,FL,0.9803,1.7308825972955803e-06,0.4300254452926209,0.2908415841584159,0.8902671755999999,0.08396946564885496,0.13675742574257427,0.9263613861386139,0.3521039603960396,0.42976485148514854,0.34405940594059403,0.03589108910891089,0.40160891089108913,0.7011138613861386,0.8910891089108911,0.0648
12049,Hardee County,Florida,FL,0.993,0.0,0.6917938931297711,0.682858910891089,0.4802798982,0.04389312977099238,0.9931930693069307,0.9359529702970297,0.4405940594059406,0.36695544554455445,0.6005569306930693,0.03589108910891089,0.6367574257425742,0.8335396039603961,0.7230816831683168,0.087
12051,Hendry County,Florida,FL,0.9946,2.3001711339768173e-06,0.7865776081424937,0.6423267326732673,0.9029898219,0.0066793893129771,0.8258044554455446,0.9573019801980198,0.39294554455445546,0.556930693069307,0.7800123762376238,0.03589108910891089,0.838799504950495,0.9347153465346535,0.9594678217821783,0.0943
12053,Hernando County,Florida,FL,0.6602,0.3228114631935858,0.8797709923664122,0.8620049504950493,0.5648854962000001,0.06075063613231553,0.6896658415841584,0.9709158415841584,0.9204826732673267,0.7701113861386139,0.37314356435643564,0.03589108910891089,0.2202970297029703,0.8833539603960396,0.9316212871287128,0.1179
12055,Highlands County,Florida,FL,0.8673,0.0028598438178050363,0.8944020356234098,0.8258044554455446,0.9411577608,0.05693384223918575,0.9981435643564357,0.9681311881188119,0.8301361386138614,0.7357673267326733,0.7611386138613861,0.03589108910891089,0.7385519801980198,0.9291460396039604,0.9542079207920792,0.1003
12057,Hillsborough County,Florida,FL,0.7789,2.1016956134016133e-06,0.9882315521628499,0.989789603960396,0.36386768449999995,0.3323791348600509,0.8261138613861386,0.994740099009901,0.9965965346534653,0.9712252475247525,0.994740099009901,0.03589108910891089,0.8350866336633663,0.9579207920792079,0.9969059405940595,0.1004
12059,Holmes County,Florida,FL,0.8081,0.09986313336907371,0.4942748091603055,0.4870049504950495,0.5092239185999999,0.13104325699745548,0.21875,0.9368811881188119,0.5426980198019802,0.44090346534653463,0.30167079207920794,0.11726485148514851,0.46132425742574257,0.3406559405940594,0.6262376237623762,0.0705
12061,Indian River County,Florida,FL,0.5145,2.3001711339768173e-06,0.9564249363867685,0.9467821782178217,0.6418575063999999,0.6052798982188295,0.8666460396039604,0.9938118811881188,0.7320544554455446,0.6444925742574258,0.4068688118811881,0.03589108910891089,0.6404702970297029,0.8852103960396039,0.9452351485148515,0.0811
12063,Jackson County,Florida,FL,0.8085,2.3416921370976474e-06,0.7569974554707379,0.6806930693069307,0.7872137404999999,0.2643129770992367,0.5405321782178217,0.9579207920792079,0.6055074257425742,0.6967821782178217,0.7035891089108911,0.19647277227722773,0.8146658415841584,0.5117574257425742,0.874690594059406,0.0779
12065,Jefferson County,Florida,FL,0.7439,2.3001711339768173e-06,0.38994910941475824,0.23236386138613863,0.9790076336000001,0.321882951653944,0.1958539603960396,0.9016089108910891,0.5841584158415841,0.46689356435643564,0.6185024752475248,0.03589108910891089,0.3193069306930693,0.7212252475247525,0.5488861386138614,0.0469
12067,Lafayette County,Florida,FL,0.8409,1.9584953270865e-06,0.15903307888040713,0.15439356435643564,0.5034987276999999,0.11736641221374049,0.06899752475247525,0.8842821782178217,0.21658415841584158,0.2837252475247525,0.27413366336633666,0.03589108910891089,0.2623762376237624,0.6079826732673267,0.3839727722772277,0.0486
12069,Lake County,Florida,FL,0.6214,0.09084443567773864,0.9192111959287533,0.9084158415841584,0.4933206107,0.49840966921119595,0.9882425742574258,0.9628712871287128,0.9746287128712872,0.8056930693069307,0.6429455445544554,0.03589108910891089,0.36757425742574257,0.9610148514851485,0.9755569306930693,0.0902
12071,Lee County,Florida,FL,0.7086,2.2818562646855447e-06,0.9904580152671757,0.9882425742574256,0.6784351144999999,0.08778625954198473,0.6587252475247525,0.9993811881188119,0.8784034653465347,0.9340965346534653,0.7295792079207921,0.03589108910891089,0.5358910891089109,0.9672029702970297,0.9978341584158416,0.1053
12073,Leon County,Florida,FL,0.6952,2.3676565674147686e-06,0.9335241730279897,0.9387376237623762,0.35082697199999996,0.8212468193384224,0.9201732673267327,0.9786509900990099,0.9718440594059405,0.9217202970297029,0.9836014851485149,0.03589108910891089,0.3056930693069307,0.9031559405940595,0.755569306930693,0.0826
12075,Levy County,Florida,FL,0.7582,2.3001711339768173e-06,0.660941475826972,0.5123762376237624,0.9344783715,0.09160305343511449,0.37097772277227725,0.937809405940594,0.5980816831683168,0.5479579207920792,0.6992574257425742,0.03589108910891089,0.41955445544554454,0.8762376237623762,0.9087252475247525,0.072
12077,Liberty County,Florida,FL,0.8266,2.3001711339768173e-06,0.12659033078880408,0.12376237623762376,0.5473918575,0.2633587786259542,0.08818069306930693,0.8669554455445545,0.3025990099009901,0.2688737623762376,0.30538366336633666,0.03589108910891089,0.15965346534653466,0.6946163366336634,0.7435024752475248,0.0428
12079,Madison County,Florida,FL,0.8638,2.3001711339768173e-06,0.47423664122137404,0.37902227722772275,0.7996183206,0.22678117048346055,0.22462871287128713,0.9300742574257426,0.39882425742574257,0.46844059405940597,0.4938118811881188,0.03589108910891089,0.3808787128712871,0.6444925742574258,0.6469678217821783,0.0592
12081,Manatee County,Florida,FL,0.6332,2.389777940150835e-06,0.9755089058524173,0.9672029702970296,0.5483460560000001,0.227735368956743,0.7589727722772277,0.995049504950495,0.9805074257425742,0.8926361386138614,0.7797029702970297,0.03589108910891089,0.807549504950495,0.9074876237623762,0.9885519801980198,0.0964
12083,Marion County,Florida,FL,0.8196,0.024291144765132507,0.9472010178117048,0.9291460396039605,0.6962468193,0.16507633587786258,0.9347153465346535,0.9839108910891089,0.9733910891089109,0.9084158415841584,0.9074876237623762,0.03589108910891089,0.44863861386138615,0.968440594059406,0.9900990099009901,0.1035
12085,Martin County,Florida,FL,0.4642,2.3001711339768173e-06,0.9408396946564885,0.9223391089108912,0.6898854962000001,0.47773536895674307,0.8808787128712872,0.9904084158415841,0.755259900990099,0.6902846534653465,0.37097772277227725,0.03589108910891089,0.6212871287128713,0.906559405940594,0.9591584158415841,0.0798
12086,Miami-Dade County,Florida,FL,0.881,2.3305975438452112e-06,0.9961832061068702,0.9956683168316832,0.7585877863,0.4290712468193384,0.8292079207920792,0.999690594059406,0.9876237623762376,0.9928836633663366,0.9953589108910891,0.03589108910891089,0.7967202970297029,0.9693688118811881,0.9993811881188119,0.1026
12087,Monroe County,Florida,FL,0.6822,0.0,0.9160305343511449,0.9022277227722774,0.5394402036,0.29389312977099236,0.34282178217821785,0.9851485148514851,0.27660891089108913,0.6704826732673267,0.0671410891089109,0.03589108910891089,0.07317450495049505,0.6293316831683168,0.8743811881188119,0.0896
12089,Nassau County,Florida,FL,0.2539,1.5173993960401165e-06,0.5931933842239185,0.6698638613861386,0.20547073789999998,0.7557251908396947,0.20853960396039603,0.9136757425742574,0.5488861386138614,0.7280321782178217,0.1438737623762376,0.5662128712871287,0.18533415841584158,0.8688118811881188,0.7224628712871287,0.0371
12091,Okaloosa County,Florida,FL,0.5266,2.505587882936847e-06,0.924618320610687,0.9331683168316832,0.2674936387,0.41571246819338414,0.7391707920792079,0.9857673267326733,0.9436881188118812,0.8917079207920792,0.7348391089108911,0.41120049504950495,0.23081683168316833,0.7639232673267327,0.9916460396039604,0.0823
12093,Okeechobee County,Florida,FL,0.9637,2.3001711339768173e-06,0.8027989821882952,0.693069306930693,0.8791348601,0.02958015267175572,0.9068688118811881,0.9520420792079208,0.45699257425742573,0.484220297029703,0.5819925742574258,0.03589108910891089,0.5,0.901299504950495,0.9000618811881188,0.0945
12095,Orange County,Florida,FL,0.7951,2.5975815588847498e-06,0.9844147582697199,0.9876237623762375,0.3174300254,0.4125318066157761,0.9990717821782178,0.9854579207920792,0.9913366336633663,0.9433787128712872,0.9931930693069307,0.03589108910891089,0.36324257425742573,0.9749381188118812,0.994740099009901,0.0986
12097,Osceola County,Florida,FL,0.8307,2.6082962574168617e-06,0.9195292620865141,0.9211014851485149,0.2993002545,0.3349236641221374,0.9984529702970297,0.9566831683168316,0.937809405940594,0.780940594059406,0.35860148514851486,0.03589108910891089,0.4489480198019802,0.9495668316831684,0.9854579207920792,0.0946
12099,Palm Beach County,Florida,FL,0.8008,2.4406197727838177e-06,0.9920483460559797,0.9907178217821785,0.5982824427,0.24491094147582695,0.9334777227722773,0.9990717821782178,0.9396658415841584,0.9826732673267327,0.9260519801980198,0.03589108910891089,0.942759900990099,0.9545173267326733,0.9981435643564357,0.1039
12101,Pasco County,Florida,FL,0.7041,2.0141097710884128e-06,0.9596055979643766,0.9566831683168318,0.3966284987,0.10432569974554708,0.7639232673267327,0.9860767326732673,0.9845297029702971,0.9043935643564357,0.6293316831683168,0.03589108910891089,0.21349009900990099,0.9551361386138614,0.9718440594059405,0.1011
12103,Pinellas County,Florida,FL,0.7095,0.0002455887104560221,0.9821882951653944,0.9777227722772277,0.5992366412,0.10909669211195927,0.6655321782178217,0.9916460396039604,0.9907178217821783,0.9569925742574258,0.9885519801980198,0.03589108910891089,0.2280321782178218,0.8165222772277227,0.9984529702970297,0.1037
12105,Polk County,Florida,FL,0.8912,3.1535487030814047e-06,0.9653307888040713,0.9603960396039605,0.4980916031,0.2738549618320611,0.9987623762376238,0.9888613861386139,0.9405940594059405,0.9384282178217822,0.7676361386138614,0.03589108910891089,0.7261757425742574,0.9706064356435643,0.9962871287128713,0.1033
12107,Putnam County,Florida,FL,0.9835,1.9075583500587227e-06,0.7973918575063614,0.7193688118811881,0.7967557252,0.13199745547073793,0.6726485148514851,0.9514232673267327,0.7905321782178217,0.6757425742574258,0.30383663366336633,0.03589108910891089,0.38211633663366334,0.9077970297029703,0.8353960396039604,0.0919
12109,St. Johns County,Florida,FL,0.1266,3.44109369541811e-05,0.8753180661577609,0.9043935643564357,0.1138676845,0.9627862595419847,0.4084158415841584,0.9532797029702971,0.8579826732673267,0.8288985148514851,0.2094678217821782,0.03589108910891089,0.35860148514851486,0.8969678217821783,0.9241955445544554,0.0556
12111,St. Lucie County,Florida,FL,0.7906,2.3180924952116205e-06,0.960559796437659,0.9551361386138614,0.5124045802,0.4955470737913486,0.9025371287128713,0.9941212871287128,0.8323019801980198,0.8090965346534653,0.2840346534653465,0.03589108910891089,0.6568688118811881,0.870049504950495,0.9826732673267327,0.0937
12113,Santa Rosa County,Florida,FL,0.3213,4.401523630721705e-05,0.8896310432569975,0.9074876237623762,0.12181933839999999,0.5467557251908397,0.31095297029702973,0.9795792079207921,0.8988242574257426,0.8734529702970297,0.6775990099009901,0.2747524752475248,0.45823019801980197,0.8183787128712872,0.9545173267326733,0.0686
12115,Sarasota County,Florida,FL,0.3653,2.5699849999404025e-06,0.9815521628498728,0.9718440594059404,0.6701653944,0.09192111959287531,0.8771658415841584,0.9965965346534653,0.9266707920792079,0.901299504950495,0.33199257425742573,0.03589108910891089,0.390470297029703,0.9344059405940595,0.9959777227722773,0.0916
12117,Seminole County,Florida,FL,0.3996,0.16670627257238288,0.914440203562341,0.9300742574257425,0.1526717557,0.5973282442748091,0.9662747524752475,0.9603960396039604,0.9761757425742574,0.7858910891089109,0.307240099009901,0.03589108910891089,0.20297029702970298,0.9254331683168316,0.9588490099009901,0.0865
12119,Sumter County,Florida,FL,0.3026,2.8612359821683305e-06,0.8759541984732825,0.8224009900990099,0.9004452926000001,0.46978371501272265,0.9090346534653465,0.969059405940594,0.9183168316831684,0.7376237623762376,0.526299504950495,0.03589108910891089,0.2370049504950495,0.9251237623762376,0.9306930693069307,0.0665
12121,Suwannee County,Florida,FL,0.8457,1.1615940606143435e-06,0.7134223918575063,0.6701732673267327,0.6011450382,0.05184478371501272,0.2286509900990099,0.9508044554455446,0.5303217821782178,0.5983910891089109,0.6256188118811881,0.03589108910891089,0.3712871287128713,0.8236386138613861,0.8301361386138614,0.0827
12123,Taylor County,Florida,FL,0.8062,2.3001711339768173e-06,0.6542620865139949,0.5343440594059405,0.8940839695,0.2674936386768448,0.40284653465346537,0.9458539603960396,0.3886138613861386,0.5485767326732673,0.588180693069307,0.03589108910891089,0.1806930693069307,0.8193069306930693,0.7568069306930693,0.0683
12125,Union County,Florida,FL,0.6669,2.3001711339768173e-06,0.10877862595419847,0.1296410891089109,0.3947201018,0.3199745547073791,0.12128712871287128,0.8626237623762376,0.296720297029703,0.3895420792079208,0.14573019801980197,0.03589108910891089,0.20977722772277227,0.7456683168316832,0.4972153465346535,0.0353
12127,Volusia County,Florida,FL,0.6987,0.00042461385338879844,0.9621501272264631,0.9554455445544552,0.5667938931,0.482824427480916,0.8814975247524752,0.9885519801980198,0.9832920792079208,0.8598391089108911,0.6311881188118812,0.03589108910891089,0.34220297029702973,0.963799504950495,0.9935024752475248,0.0908
12129,Wakulla County,Florida,FL,0.3058,2.3001711339768173e-06,0.4669211195928753,0.5866336633663366,0.1275445293,0.42239185750636127,0.23143564356435645,0.8849009900990099,0.5225866336633663,0.4879331683168317,0.8143564356435643,0.03589108910891089,0.16120049504950495,0.849009900990099,0.6407797029702971,0.0365
12131,Walton County,Florida,FL,0.6287,2.3364211484991754e-06,0.8858142493638677,0.875309405940594,0.5168575064,0.6068702290076335,0.41367574257425743,0.9805074257425742,0.8601485148514851,0.7051361386138614,0.536200495049505,0.2407178217821782,0.2506188118811881,0.7633044554455446,0.9523514851485149,0.0776
12133,Washington County,Florida,FL,0.8043,2.3001711339768173e-06,0.5944656488549618,0.5761138613861386,0.5305343511,0.17938931297709926,0.21936881188118812,0.9443069306930693,0.6970915841584159,0.5173267326732673,0.3895420792079208,0.03589108910891089,0.37623762376237624,0.6135519801980198,0.6655321782178217,0.0678
13001,Appling County,Georgia,GA,0.9122,1.9206454428559926e-06,0.5022264631043257,0.43780940594059403,0.7398218830000001,0.4949109414758271,0.463490099009901,0.932549504950495,0.47896039603960394,0.45080445544554454,0.599319306930693,0.0875618811881188,0.7670173267326733,0.5420792079207921,0.46101485148514854,0.0563
13003,Atkinson County,Georgia,GA,0.8444,2.3001711339768173e-06,0.07315521628498728,0.06806930693069307,0.4726463104,0.15871501272264632,0.1150990099009901,0.8375618811881188,0.3069306930693069,0.24102722772277227,0.17945544554455445,0.08601485148514851,0.5761138613861386,0.4495668316831683,0.2506188118811881,0.0456
13005,Bacon County,Georgia,GA,0.889,1.7308825972955803e-06,0.20578880407124678,0.15222772277227725,0.7423664122,0.18893129770992367,0.16738861386138615,0.8839727722772277,0.39232673267326734,0.35860148514851486,0.17574257425742573,0.09591584158415842,0.6522277227722773,0.5776608910891089,0.3406559405940594,0.0491
13007,Baker County,Georgia,GA,0.7162,2.3001711339768173e-06,0.09764631043256998,0.04702970297029703,0.9265267176,0.09891857506361325,0.10643564356435643,0.8245668316831684,0.2871287128712871,0.21379950495049505,0.4316212871287129,0.07797029702970297,0.698019801980198,0.3248762376237624,0.17357673267326731,0.0432
13009,Baldwin County,Georgia,GA,0.923,2.3001711339768173e-06,0.5003180661577608,0.4771039603960396,0.5995547074,0.43829516539440205,0.3901608910891089,0.7651608910891089,0.5324876237623762,0.7431930693069307,0.39573019801980197,0.6642945544554455,0.7404084158415841,0.6782178217821783,0.31373762376237624,0.0584
13011,Banks County,Georgia,GA,0.3373,0.24991371872572551,0.12404580152671756,0.1707920792079208,0.2480916031,0.14631043256997456,0.42048267326732675,0.7091584158415841,0.390470297029703,0.2874381188118812,0.3978960396039604,0.6181930693069307,0.5606435643564357,0.2645420792079208,0.4056311881188119,0.0489
13013,Barrow County,Georgia,GA,0.4887,2.3001711339768173e-06,0.45610687022900764,0.5705445544554454,0.1405852417,0.3530534351145038,0.6413985148514851,0.6147896039603961,0.6729579207920792,0.5646658415841584,0.35488861386138615,0.6893564356435643,0.07317450495049505,0.21782178217821782,0.801980198019802,0.044
13015,Bartow County,Georgia,GA,0.454,2.3367623197284378e-06,0.652671755725191,0.7472153465346536,0.1138676845,0.29802798982188294,0.604269801980198,0.630259900990099,0.8740717821782178,0.48917079207920794,0.71875,0.599009900990099,0.541769801980198,0.6321163366336634,0.7803217821782178,0.0584
13017,Ben Hill County,Georgia,GA,0.9265,2.3001711339768173e-06,0.2541348600508906,0.13892326732673269,0.9255725191,0.12213740458015267,0.39542079207920794,0.8310643564356436,0.65625,0.4396658415841584,0.4192450495049505,0.15810643564356436,0.625309405940594,0.4396658415841584,0.5037128712871287,0.0538
13019,Berrien County,Georgia,GA,0.6748,0.14284297438417595,0.3931297709923664,0.2939356435643564,0.8043893129999999,0.19561068702290074,0.2818688118811881,0.900990099009901,0.5922029702970297,0.43316831683168316,0.5191831683168316,0.11200495049504951,0.6104579207920792,0.5491955445544554,0.6024133663366337,0.0601
13021,Bibb County,Georgia,GA,0.9644,0.19995715143084497,0.7849872773536896,0.7543316831683168,0.6345419847,0.7604961832061069,0.812190594059406,0.8660272277227723,0.879950495049505,0.9439975247524752,0.32023514851485146,0.5866336633663366,0.44523514851485146,0.7376237623762376,0.8808787128712872,0.093
13023,Bleckley County,Georgia,GA,0.7063,0.0,0.2566793893129771,0.19956683168316833,0.7430025444999999,0.5270356234096693,0.21967821782178218,0.8056930693069307,0.3035272277227723,0.8081683168316832,0.7326732673267327,0.1463490099009901,0.786200495049505,0.5037128712871287,0.2784653465346535,0.0357
13025,Brantley County,Georgia,GA,0.3974,2.0155268656361988e-06,0.1828880407124682,0.22400990099009901,0.3422391858,0.3126590330788804,0.14727722772277227,0.875,0.3254950495049505,0.4186262376237624,0.34498762376237624,0.2620668316831683,0.41120049504950495,0.6865717821782178,0.3774752475247525,0.0278
13027,Brooks County,Georgia,GA,0.9275,2.3001711339768173e-06,0.4211195928753181,0.28620049504950495,0.9052162850000001,0.19370229007633594,0.21751237623762376,0.8963490099009901,0.5968440594059405,0.4501856435643564,0.5699257425742574,0.11169554455445545,0.5683787128712872,0.5754950495049505,0.9368811881188119,0.059
13029,Bryan County,Georgia,GA,0.3115,2.1857167374697697e-06,0.6663486005089058,0.7506188118811881,0.1339058524,0.7509541984732825,0.18502475247524752,0.9545173267326733,0.42264851485148514,0.6831683168316832,0.29826732673267325,0.14758663366336633,0.22896039603960397,0.8053836633663366,0.375,0.0453
13031,Bulloch County,Georgia,GA,0.8374,2.3057715593626934e-06,0.7541348600508906,0.7521658415841584,0.44592875319999997,0.46564885496183206,0.3248762376237624,0.9439975247524752,0.807240099009901,0.8406559405940595,0.5764232673267327,0.7564975247524752,0.8372524752475248,0.6494430693069307,0.6936881188118812,0.0751
13033,Burke County,Georgia,GA,0.7483,2.382337833560829e-06,0.3730916030534351,0.32023514851485146,0.707697201,0.6062340966921119,0.3635519801980198,0.8601485148514851,0.5974628712871287,0.6658415841584159,0.2691831683168317,0.6844059405940595,0.8112623762376238,0.6082920792079208,0.3372524752475248,0.041
13035,Butts County,Georgia,GA,0.5565,2.4386252444635523e-06,0.2051526717557252,0.17636138613861385,0.6513994911000001,0.46533078880407125,0.786200495049505,0.6169554455445545,0.46379950495049505,0.4662747524752475,0.2042079207920792,0.5043316831683168,0.5516707920792079,0.40284653465346537,0.3186881188118812,0.03
13037,Calhoun County,Georgia,GA,0.9688,0.0,0.16316793893129775,0.0739480198019802,0.9487913485999999,0.18352417302798985,0.18224009900990099,0.8422029702970297,0.44554455445544555,0.28310643564356436,0.4470915841584158,0.10983910891089109,0.870049504950495,0.3125,0.29548267326732675,0.0508
13039,Camden County,Georgia,GA,0.6618,1.542176616842986e-06,0.5454834605597965,0.6157178217821783,0.23155216280000002,0.5461195928753181,0.3496287128712871,0.9337871287128713,0.5133044554455446,0.6045792079207921,0.10952970297029703,0.48824257425742573,0.07317450495049505,0.8480816831683168,0.5343440594059405,0.0513
13043,Candler County,Georgia,GA,0.916,2.1658897206233657e-06,0.11577608142493638,0.10086633663366334,0.5986005088999999,0.08269720101781171,0.21318069306930693,0.8394183168316832,0.3465346534653465,0.48978960396039606,0.19616336633663367,0.4003712871287129,0.6076732673267327,0.3685024752475248,0.27629950495049505,0.0514
13045,Carroll County,Georgia,GA,0.8428,2.370042607874931e-06,0.7045165394402035,0.7397896039603961,0.2709923664,0.5368956743002544,0.5482673267326733,0.7379331683168316,0.9201732673267327,0.744430693069307,0.7255569306930693,0.7060643564356436,0.07317450495049505,0.7923886138613861,0.6967821782178217,0.0701
13047,Catoosa County,Georgia,GA,0.3086,2.3001711339768173e-06,0.6463104325699746,0.7014232673267327,0.22964376590000002,0.20388040712468192,0.6624381188118812,0.6067450495049505,0.849319306930693,0.4402846534653465,0.8477722772277227,0.5767326732673267,0.5228960396039604,0.39232673267326734,0.6664603960396039,0.0546
13049,Charlton County,Georgia,GA,0.8855,1.6786499146473419e-06,0.26717557251908397,0.14573019801980197,0.9029898219,0.04643765903307888,0.20080445544554457,0.911200495049505,0.29207920792079206,0.48050742574257427,0.11974009900990099,0.27011138613861385,0.21658415841584158,0.729269801980198,0.4368811881188119,0.0553
13051,Chatham County,Georgia,GA,0.805,2.21805094095756e-06,0.9742366412213741,0.9724628712871286,0.4204834606,0.9373409669211196,0.8103341584158416,0.9953589108910891,0.7806311881188119,0.9545173267326733,0.8022896039603961,0.9037747524752475,0.3948019801980198,0.9260519801980198,0.9554455445544554,0.0901
13053,Chattahoochee County,Georgia,GA,0.6554,0.0,0.020356234096692113,0.03774752475247525,0.10623409669999999,0.0133587786259542,0.07858910891089109,0.6472772277227723,0.22586633663366337,0.2877475247524752,0.06219059405940594,0.1327351485148515,0.24504950495049505,0.36757425742574257,0.8041460396039604,0.0432
13055,Chattooga County,Georgia,GA,0.9481,2.3258312584680475e-06,0.5435750636132316,0.4381188118811881,0.8298346056,0.22423664122137402,0.4146039603960396,0.6423267326732673,0.8496287128712872,0.307240099009901,0.6704826732673267,0.49288366336633666,0.6469678217821783,0.5553836633663366,0.47586633663366334,0.0667
13057,Cherokee County,Georgia,GA,0.1969,2.324394860895025e-06,0.852735368956743,0.8864480198019803,0.10623409669999999,0.4545165394402035,0.7478341584158416,0.6602722772277227,0.9495668316831684,0.6788366336633663,0.8589108910891089,0.7719678217821783,0.07317450495049505,0.599009900990099,0.8496287128712872,0.0626
13059,Clarke County,Georgia,GA,0.7502,0.09055101885783506,0.6695292620865139,0.7128712871287128,0.2589058524,0.45865139949109407,0.5829207920792079,0.7874381188118812,0.7998143564356436,0.7410272277227723,0.6717202970297029,0.849009900990099,0.463490099009901,0.27660891089108913,0.8056930693069307,0.0728
13061,Clay County,Georgia,GA,0.9061,2.3001711339768173e-06,0.08460559796437658,0.03155940594059406,0.9930025444999999,0.07633587786259542,0.11014851485148515,0.7908415841584159,0.3474628712871287,0.21751237623762376,0.4430693069306931,0.12159653465346534,0.7660891089108911,0.38521039603960394,0.18873762376237624,0.0506
13063,Clayton County,Georgia,GA,0.9488,2.0344412629773044e-06,0.8673664122137404,0.8607673267326733,0.42430025450000003,0.08365139949109417,0.8966584158415841,0.7339108910891089,0.9594678217821783,0.8443688118811881,0.8997524752475248,0.864480198019802,0.07317450495049505,0.36169554455445546,0.9028465346534653,0.1006
13065,Clinch County,Georgia,GA,0.9348,1.8423535479486266e-06,0.20737913486005088,0.11200495049504951,0.9745547073999999,0.4309796437659033,0.13551980198019803,0.8685024752475248,0.3183787128712871,0.3094059405940594,0.17543316831683167,0.08941831683168316,0.5222772277227723,0.5541460396039604,0.3712871287128713,0.0441
13067,Cobb County,Georgia,GA,0.3993,2.3001711339768173e-06,0.9437022900763359,0.958539603960396,0.1138676845,0.2872137404580153,0.8406559405940595,0.7633044554455446,0.9836014851485149,0.8938737623762376,0.969059405940594,0.9399752475247525,0.07317450495049505,0.5300123762376238,0.9730816831683168,0.0833
13069,Coffee County,Georgia,GA,0.9609,2.1571636924323644e-06,0.5960559796437659,0.510210396039604,0.7833969466,0.2029262086513995,0.29238861386138615,0.9235767326732673,0.7617574257425742,0.5618811881188119,0.36757425742574257,0.10705445544554455,0.8118811881188119,0.6902846534653465,0.6902846534653465,0.0718
13071,Colquitt County,Georgia,GA,0.9847,0.12497863030743359,0.7054707379134861,0.6017945544554454,0.8193384224,0.10178117048346057,0.6395420792079208,0.932240099009901,0.8576732673267327,0.6308787128712872,0.6983292079207921,0.2595915841584158,0.7589727722772277,0.6983292079207921,0.8214727722772277,0.0942
13073,Columbia County,Georgia,GA,0.23,2.3001711339768173e-06,0.7684478371501272,0.8422029702970297,0.10623409669999999,0.5229007633587787,0.7274133663366337,0.849319306930693,0.8660272277227723,0.7617574257425742,0.5649752475247525,0.8524133663366337,0.2902227722772277,0.661819306930693,0.7004950495049505,0.055
13075,Cook County,Georgia,GA,0.9338,2.3001711339768173e-06,0.34828244274809156,0.2936262376237624,0.6927480916000001,0.2080152671755725,0.29610148514851486,0.8978960396039604,0.5430074257425742,0.4037747524752475,0.49257425742574257,0.10860148514851485,0.5696163366336634,0.4712252475247525,0.5804455445544554,0.0558
13077,Coweta County,Georgia,GA,0.2402,2.3882068835311154e-06,0.6561704834605598,0.7400990099009901,0.1361323155,0.5830152671755724,0.7425742574257426,0.7159653465346535,0.8118811881188119,0.7128712871287128,0.6837871287128713,0.7651608910891089,0.4786509900990099,0.4907178217821782,0.7150371287128713,0.0444
13079,Crawford County,Georgia,GA,0.6837,2.3001711339768173e-06,0.03944020356234097,0.057858910891089105,0.18193384219999997,0.1533078880407125,0.17852722772277227,0.692450495049505,0.2469059405940594,0.4176980198019802,0.12128712871287128,0.14603960396039603,0.6893564356435643,0.4573019801980198,0.26485148514851486,0.0397
13081,Crisp County,Georgia,GA,0.978,2.3001711339768173e-06,0.5229007633587787,0.3923267326732674,0.8969465649,0.2611323155216285,0.5980816831683168,0.8545792079207921,0.7487623762376238,0.6033415841584159,0.10024752475247525,0.21379950495049505,0.8920173267326733,0.6212871287128713,0.5352722772277227,0.065
13083,Dade County,Georgia,GA,0.4388,2.3001711339768173e-06,0.3320610687022901,0.2834158415841584,0.6603053434999999,0.12818066157760813,0.5411509900990099,0.5411509900990099,0.7475247524752475,0.27382425742574257,0.6664603960396039,0.4693688118811881,0.47029702970297027,0.5136138613861386,0.2728960396039604,0.0397
13085,Dawson County,Georgia,GA,0.1861,2.3803232551470336e-06,0.21882951653944022,0.3217821782178218,0.1777989822,0.6650763358778626,0.4724628712871287,0.530940594059406,0.5278465346534653,0.1760519801980198,0.4969059405940594,0.474009900990099,0.41058168316831684,0.3527227722772277,0.687809405940594,0.0146
13087,Decatur County,Georgia,GA,0.9679,2.149529581468961e-06,0.7585877862595418,0.6488242574257426,0.8896310433,0.12595419847328246,0.37004950495049505,0.9297648514851485,0.8134282178217822,0.510519801980198,0.7487623762376238,0.13397277227722773,0.744740099009901,0.6497524752475248,0.8734529702970297,0.0874
13089,DeKalb County,Georgia,GA,0.7903,0.19972246117429446,0.9427480916030533,0.9415222772277229,0.3772264631,0.333969465648855,0.9545173267326733,0.7970297029702971,0.9616336633663366,0.9275990099009901,0.931930693069307,0.9563737623762376,0.07317450495049505,0.4526608910891089,0.9866955445544554,0.1116
13091,Dodge County,Georgia,GA,0.8559,2.3001711339768173e-06,0.44751908396946566,0.3505569306930693,0.8120229008,0.21055979643765904,0.31745049504950495,0.8496287128712872,0.3217821782178218,0.7119430693069307,0.864480198019802,0.29610148514851486,0.7834158415841584,0.6191212871287128,0.484220297029703,0.0578
13093,Dooly County,Georgia,GA,0.9313,0.0,0.1494910941475827,0.17574257425742573,0.3476463104,0.15139949109414758,0.23452970297029702,0.8155940594059405,0.30816831683168316,0.44152227722772275,0.08941831683168316,0.11014851485148515,0.9081064356435643,0.44214108910891087,0.26392326732673266,0.0507
13095,Dougherty County,Georgia,GA,0.9761,0.07681779411467624,0.8279262086513995,0.7716584158415841,0.8272900763,0.6342239185750637,0.7233910891089109,0.9211014851485149,0.7976485148514851,0.7704207920792079,0.6840965346534653,0.24257425742574257,0.7178217821782178,0.7122524752475248,0.9176980198019802,0.0889
13097,Douglas County,Georgia,GA,0.7012,0.019189408462399533,0.6571246819338422,0.7608292079207919,0.10623409669999999,0.3097964376590331,0.6859529702970297,0.6547029702970297,0.8539603960396039,0.6021039603960396,0.7020420792079208,0.7670173267326733,0.07317450495049505,0.44616336633663367,0.7679455445544554,0.0691
13099,Early County,Georgia,GA,0.9357,2.3772024148368283e-06,0.43384223918575066,0.28465346534653463,0.9659669211,0.38136132315521637,0.4962871287128713,0.906559405940594,0.6324257425742574,0.3842821782178218,0.5018564356435643,0.11788366336633663,0.7781559405940595,0.5129950495049505,0.45482673267326734,0.0547
13101,Echols County,Georgia,GA,0.4623,1.9206454428559926e-06,0.00540712468193384,0.00711633663366337,0.10623409669999999,0.01717557251908397,0.050742574257425746,0.7264851485148515,0.14975247524752475,0.17357673267326731,0.09900990099009901,0.07363861386138613,0.3146658415841584,0.32301980198019803,0.14356435643564355,0.036
13103,Effingham County,Georgia,GA,0.2851,1.922441942654043e-06,0.5909669211195929,0.6779084158415841,0.1746183206,0.6323155216284987,0.2301980198019802,0.9313118811881188,0.4839108910891089,0.7741336633663366,0.41429455445544555,0.42728960396039606,0.46844059405940597,0.7305074257425742,0.5225866336633663,0.0399
13105,Elbert County,Georgia,GA,0.9224,2.5237241712045968e-06,0.30788804071246817,0.21565594059405938,0.8358778626,0.20769720101781167,0.3728341584158416,0.7939356435643564,0.4254331683168317,0.7509282178217822,0.474009900990099,0.7945544554455446,0.5603341584158416,0.42728960396039606,0.34467821782178215,0.0532
13107,Emanuel County,Georgia,GA,0.9494,0.24956743757773656,0.39853689567430023,0.30507425742574257,0.7833969466,0.16857506361323155,0.3131188118811881,0.8814975247524752,0.599319306930693,0.6717202970297029,0.19863861386138615,0.27103960396039606,0.7738242574257426,0.5383663366336634,0.49195544554455445,0.0797
13109,Evans County,Georgia,GA,0.9784,2.3001711339768173e-06,0.21914758269720103,0.15501237623762376,0.8024809159999999,0.3950381679389313,0.14975247524752475,0.8719059405940595,0.3551980198019802,0.4863861386138614,0.2063737623762376,0.24628712871287128,0.6451113861386139,0.4938118811881188,0.3341584158415842,0.0471
13111,Fannin County,Georgia,GA,0.6172,1.5592797124764829e-06,0.5648854961832062,0.49288366336633666,0.7372773537,0.35146310432569977,0.5426980198019802,0.6939975247524752,0.6488242574257426,0.09436881188118812,0.749690594059406,0.5275371287128713,0.6048886138613861,0.7691831683168316,0.6271658415841584,0.0532
13113,Fayette County,Georgia,GA,0.1686,2.3602669203374625e-06,0.6125954198473281,0.7425742574257426,0.10623409669999999,0.6160941475826972,0.5600247524752475,0.6946163366336634,0.8125,0.5847772277227723,0.22277227722772278,0.6831683168316832,0.44492574257425743,0.359529702970297,0.8706683168316832,0.0385
13115,Floyd County,Georgia,GA,0.9284,1.9844413919158026e-06,0.8196564885496184,0.7954826732673267,0.6001908397,0.4430661577608143,0.9170792079207921,0.7295792079207921,0.9492574257425742,0.650680693069307,0.8474628712871287,0.6779084158415841,0.6995668316831684,0.7506188118811881,0.7391707920792079,0.0846
13117,Forsyth County,Georgia,GA,0.07,2.3113719847485696e-06,0.861323155216285,0.8975866336633663,0.10623409669999999,0.7318702290076337,0.7175123762376238,0.6717202970297029,0.9446163366336634,0.6482054455445545,0.8035272277227723,0.8125,0.07317450495049505,0.4972153465346535,0.869430693069307,0.0541
13119,Franklin County,Georgia,GA,0.8314,1.8741037351453723e-06,0.33078880407124683,0.27258663366336633,0.7201017812,0.34064885496183206,0.33199257425742573,0.7670173267326733,0.5501237623762376,0.3963490099009901,0.5875618811881188,0.7775371287128713,0.42883663366336633,0.2957920792079208,0.5235148514851485,0.0476
13121,Fulton County,Georgia,GA,0.6599,0.022132808510533977,0.9580152671755725,0.9659653465346536,0.1972010178,0.7643129770992367,0.9375,0.8140470297029703,0.9709158415841584,0.9266707920792079,0.900990099009901,0.9130569306930693,0.07317450495049505,0.541769801980198,0.9832920792079208,0.0864
13123,Gilmer County,Georgia,GA,0.545,2.3083172072653642e-06,0.6809796437659033,0.5912747524752475,0.7872137404999999,0.1444020356234097,0.6014851485148515,0.7004950495049505,0.7592821782178217,0.10426980198019802,0.8118811881188119,0.5646658415841584,0.6324257425742574,0.7206064356435643,0.8081683168316832,0.0652
13125,Glascock County,Georgia,GA,0.6621,2.3001711339768173e-06,0.00922391857506361,0.00649752475247525,0.6863867684,0.5047709923664122,0.12623762376237624,0.676980198019802,0.19863861386138615,0.24288366336633663,0.0999381188118812,0.2781559405940594,0.48514851485148514,0.317759900990099,0.055383663366336634,0.0295
13127,Glynn County,Georgia,GA,0.7744,1.8861431072995543e-06,0.8368320610687023,0.7976485148514851,0.7700381679,0.9332061068702288,0.5977722772277227,0.9693688118811881,0.4467821782178218,0.817759900990099,0.7753712871287128,0.6989480198019802,0.1692450495049505,0.9232673267326733,0.7342202970297029,0.0736
13129,Gordon County,Georgia,GA,0.7318,2.546671232728853e-06,0.6720737913486005,0.7051361386138614,0.3056615776,0.20419847328244278,0.7608292079207921,0.698019801980198,0.775990099009901,0.39294554455445546,0.7546410891089109,0.5618811881188119,0.9873143564356436,0.5597153465346535,0.6642945544554455,0.0715
13131,Grady County,Georgia,GA,0.944,0.07137671481581813,0.5298982188295165,0.4603960396039604,0.7102417303,0.1342239185750636,0.31435643564356436,0.911509900990099,0.7673267326732673,0.5290841584158416,0.6884282178217822,0.12128712871287128,0.6147896039603961,0.6373762376237624,0.6803836633663366,0.0745
13133,Greene County,Georgia,GA,0.5081,2.3001711339768173e-06,0.3724554707379134,0.301980198019802,0.7627226463,0.5165394402035624,0.37159653465346537,0.8029084158415841,0.43873762376237624,0.5266089108910891,0.3502475247524752,0.693069306930693,0.5430074257425742,0.5872524752475248,0.2073019801980198,0.0338
13135,Gwinnett County,Georgia,GA,0.6433,2.3001711339768173e-06,0.9541984732824429,0.959158415841584,0.2102417303,0.08206106870229007,0.9303836633663366,0.7877475247524752,0.9755569306930693,0.932549504950495,0.9368811881188119,0.9529702970297029,0.5717821782178217,0.47617574257425743,0.9876237623762376,0.0992
13137,Habersham County,Georgia,GA,0.728,2.3001711339768173e-06,0.38899491094147576,0.4192450495049505,0.3921755725,0.23473282442748097,0.4118193069306931,0.6912128712871287,0.6175742574257426,0.11943069306930693,0.724009900990099,0.7713490099009901,0.3660272277227723,0.5,0.7735148514851485,0.0506
13139,Hall County,Georgia,GA,0.8136,2.3454524837872637e-06,0.842557251908397,0.854888613861386,0.2709923664,0.24236641221374045,0.7144183168316832,0.7543316831683168,0.942759900990099,0.6760519801980198,0.8777846534653465,0.8369430693069307,0.422029702970297,0.5179455445544554,0.9260519801980198,0.0887
13141,Hancock County,Georgia,GA,0.9666,2.3001711339768173e-06,0.11863867684478371,0.04950495049504949,0.9828244275,0.06424936386768448,0.2119430693069307,0.719059405940594,0.30785891089108913,0.4560643564356436,0.1828589108910891,0.4310024752475248,0.6154084158415841,0.5532178217821783,0.10983910891089109,0.0537
13143,Haralson County,Georgia,GA,0.3089,2.3001711339768173e-06,0.27608142493638677,0.25185643564356436,0.6081424936,0.36100508905852424,0.3060024752475248,0.6624381188118812,0.593440594059406,0.37592821782178215,0.5046410891089109,0.49659653465346537,0.5451732673267327,0.7023514851485149,0.421720297029703,0.0262
13145,Harris County,Georgia,GA,0.0675,2.3001711339768173e-06,0.20769720101781167,0.2837252475247525,0.23791348599999998,0.523854961832061,0.21813118811881188,0.7382425742574258,0.3842821782178218,0.4885519801980198,0.08415841584158416,0.3056930693069307,0.5185643564356436,0.5040222772277227,0.7063737623762376,0.0121
13147,Hart County,Georgia,GA,0.7681,2.3562776187959684e-06,0.35400763358778625,0.31961633663366334,0.637086514,0.2792620865139949,0.3567450495049505,0.8022896039603961,0.5318688118811881,0.5637376237623762,0.5024752475247525,0.8078589108910891,0.6466584158415841,0.2527846534653465,0.4907178217821782,0.0483
13149,Heard County,Georgia,GA,0.6459,2.353039091325507e-06,0.12818066157760813,0.06621287128712872,0.9064885495999999,0.11673027989821882,0.22431930693069307,0.6745049504950495,0.5306311881188119,0.3035272277227723,0.2877475247524752,0.4993811881188119,0.5479579207920792,0.5290841584158416,0.3254950495049505,0.0406
13151,Henry County,Georgia,GA,0.4018,0.039948068675811355,0.7935750636132317,0.8425123762376238,0.1437659033,0.541030534351145,0.6027227722772277,0.7357673267326733,0.8982054455445545,0.7753712871287128,0.7512376237623762,0.8001237623762376,0.5040222772277227,0.4458539603960396,0.8505569306930693,0.0658
13153,Houston County,Georgia,GA,0.4887,2.546671232728853e-06,0.7048346055979644,0.7527846534653464,0.2242366412,0.6568066157760815,0.6763613861386139,0.8551980198019802,0.7995049504950495,0.9272896039603961,0.4628712871287129,0.4662747524752475,0.682549504950495,0.6899752475247525,0.8626237623762376,0.0555
13155,Irwin County,Georgia,GA,0.8282,2.3511770292669548e-06,0.1364503816793893,0.15717821782178218,0.38040712470000004,0.3918575063613232,0.5392945544554455,0.8378712871287128,0.36788366336633666,0.27722772277227725,0.4310024752475248,0.08849009900990099,0.6330445544554455,0.25340346534653463,0.7051361386138614,0.0399
13157,Jackson County,Georgia,GA,0.3264,0.04760773305418459,0.41921119592875317,0.5872524752475248,0.10623409669999999,0.6059160305343512,0.49257425742574257,0.7419554455445545,0.7020420792079208,0.484529702970297,0.588799504950495,0.7698019801980198,0.6024133663366337,0.307240099009901,0.6810024752475248,0.0351
13159,Jasper County,Georgia,GA,0.5492,2.3882068835311154e-06,0.08078880407124682,0.06961633663366337,0.5632951654,0.38676844783715003,0.2756806930693069,0.6333539603960396,0.3248762376237624,0.39851485148514854,0.14294554455445543,0.3814975247524752,0.5457920792079208,0.43007425742574257,0.16646039603960397,0.0287
13161,Jeff Davis County,Georgia,GA,0.8785,2.110408288416405e-06,0.28212468193384227,0.1921410891089109,0.8349236641000001,0.19974554707379133,0.21534653465346534,0.880259900990099,0.5272277227722773,0.4310024752475248,0.40532178217821785,0.0891089108910891,0.6998762376237624,0.5148514851485149,0.44492574257425743,0.0509
13163,Jefferson County,Georgia,GA,0.9583,2.3001711339768173e-06,0.25826972010178123,0.19894801980198026,0.7382315522,0.3816793893129771,0.39913366336633666,0.8208539603960396,0.48267326732673266,0.5560024752475248,0.2530940594059406,0.5764232673267327,0.8808787128712872,0.5281559405940595,0.25433168316831684,0.0481
13165,Jenkins County,Georgia,GA,0.8352,2.3001711339768173e-06,0.10750636132315522,0.07735148514851485,0.7061068702,0.23059796437659036,0.21349009900990099,0.8165222772277227,0.3261138613861386,0.4650371287128713,0.2141089108910891,0.20977722772277227,0.6797648514851485,0.33910891089108913,0.18347772277227722,0.0436
13167,Johnson County,Georgia,GA,0.9322,2.3180924952116205e-06,0.09255725190839695,0.04393564356435643,0.9268447836999999,0.11513994910941476,0.2280321782178218,0.7663985148514851,0.3152846534653465,0.5064975247524752,0.13397277227722773,0.3685024752475248,0.8029084158415841,0.46998762376237624,0.31126237623762376,0.0503
13169,Jones County,Georgia,GA,0.3675,2.3001711339768173e-06,0.16380407124681934,0.16150990099009901,0.5063613232,0.28912213740458015,0.3004331683168317,0.7224628712871287,0.4161509900990099,0.6587252475247525,0.17233910891089108,0.4433787128712871,0.4780321782178218,0.6123143564356436,0.2561881188118812,0.0265
13171,Lamar County,Georgia,GA,0.4092,2.4542336956968397e-06,0.07792620865139947,0.07487623762376237,0.4726463104,0.3874045801526719,0.33044554455445546,0.7397896039603961,0.36478960396039606,0.4118193069306931,0.10457920792079207,0.3180693069306931,0.5352722772277227,0.36633663366336633,0.3301361386138614,0.0236
13173,Lanier County,Georgia,GA,0.8011,0.0,0.06774809160305345,0.05631188118811881,0.5467557252,0.12468193384223919,0.13025990099009901,0.8100247524752475,0.32951732673267325,0.3041460396039604,0.3743811881188119,0.08972772277227722,0.4313118811881188,0.4368811881188119,0.43254950495049505,0.045
13175,Laurens County,Georgia,GA,0.9014,2.3001711339768173e-06,0.5050890585241731,0.47617574257425743,0.6186386768,0.4036259541984733,0.5191831683168316,0.8412747524752475,0.5145420792079208,0.8094059405940595,0.2988861386138614,0.3162128712871287,0.8505569306930693,0.666769801980198,0.6268564356435643,0.0586
13177,Lee County,Georgia,GA,0.2606,2.519982674856719e-06,0.29389312977099236,0.43007425742574257,0.1339058524,0.6857506361323157,0.255259900990099,0.8131188118811881,0.6735767326732673,0.45389851485148514,0.38985148514851486,0.13459158415841585,0.6837871287128713,0.6129331683168316,0.5652846534653465,0.0205
13179,Liberty County,Georgia,GA,0.9007,2.4898328787701862e-06,0.8304707379134861,0.875,0.10623409669999999,0.32729007633587787,0.33261138613861385,0.9767945544554455,0.37654702970297027,0.7534034653465347,0.35705445544554454,0.5609529702970297,0.17790841584158415,0.7676361386138614,0.8199257425742574,0.089
13181,Lincoln County,Georgia,GA,0.5488,2.3001711339768173e-06,0.05534351145038168,0.04455445544554455,0.5394402036,0.11036895674300254,0.19121287128712872,0.6627475247524752,0.3573638613861386,0.2506188118811881,0.1655321782178218,0.6599628712871287,0.07317450495049505,0.40625,0.11912128712871287,0.0363
13183,Long County,Georgia,GA,0.8851,2.3001711339768173e-06,0.08015267175572519,0.15037128712871287,0.10623409669999999,0.04166666666666666,0.13087871287128713,0.84375,0.27939356435643564,0.4535891089108911,0.15872524752475248,0.09127475247524752,0.19616336633663367,0.6206683168316832,0.2926980198019802,0.0514
13185,Lowndes County,Georgia,GA,0.8702,2.3001711339768173e-06,0.7264631043256999,0.7230816831683168,0.4573791349,0.4774173027989822,0.38521039603960394,0.9344059405940595,0.744740099009901,0.7824876237623762,0.6939975247524752,0.20606435643564355,0.4839108910891089,0.7326732673267327,0.9077970297029703,0.0735
13187,Lumpkin County,Georgia,GA,0.3608,2.3001711339768173e-06,0.4491094147582697,0.45792079207920794,0.48250636129999996,0.4029898218829516,0.37592821782178215,0.5776608910891089,0.6277846534653465,0.17574257425742573,0.6120049504950495,0.6686262376237624,0.5142326732673267,0.4746287128712871,0.9764851485148515,0.0362
13189,McDuffie County,Georgia,GA,0.6567,2.3001711339768173e-06,0.2496819338422392,0.1859529702970297,0.7627226463,0.2700381679389313,0.4238861386138614,0.7428836633663366,0.6104579207920792,0.4755569306930693,0.2506188118811881,0.719059405940594,0.5331064356435643,0.6104579207920792,0.3443688118811881,0.0398
13191,McIntosh County,Georgia,GA,0.7098,2.3001711339768173e-06,0.6657124681933843,0.5464108910891089,0.9255725191,0.5356234096692112,0.36726485148514854,0.9607054455445545,0.20668316831683167,0.5163985148514851,0.18378712871287128,0.4161509900990099,0.07317450495049505,0.875,0.3415841584158416,0.0593
13193,Macon County,Georgia,GA,0.9866,0.0,0.32092875318066155,0.16924504950495053,0.9701017812,0.08969465648854963,0.3100247524752475,0.8536509900990099,0.3635519801980198,0.5516707920792079,0.23298267326732675,0.1516089108910891,0.9226485148514851,0.44771039603960394,0.41336633663366334,0.0594
13195,Madison County,Georgia,GA,0.7423,2.3001711339768173e-06,0.28944020356234096,0.25742574257425743,0.6151399491,0.1790712468193384,0.4207920792079208,0.7725866336633663,0.5965346534653465,0.45792079207920794,0.5247524752475248,0.7277227722772277,0.5563118811881188,0.31652227722772275,0.5111386138613861,0.0473
13197,Marion County,Georgia,GA,0.8877,0.0,0.0671119592875318,0.02722772277227723,0.9039440204,0.10464376590330789,0.13985148514851486,0.713799504950495,0.27351485148514854,0.3660272277227723,0.07487623762376237,0.1296410891089109,0.7202970297029703,0.5086633663366337,0.6358292079207921,0.0488
13199,Meriwether County,Georgia,GA,0.9074,2.3225728355203216e-06,0.1921119592875318,0.12469059405940597,0.8514631043,0.2522264631043257,0.375,0.6571782178217822,0.4656559405940594,0.44616336633663367,0.10829207920792079,0.41646039603960394,0.651299504950495,0.4619430693069307,0.4316212871287129,0.0474
13201,Miller County,Georgia,GA,0.945,2.3001711339768173e-06,0.2080152671755725,0.14418316831683167,0.7837150127,0.23886768447837153,0.14665841584158415,0.8734529702970297,0.40965346534653463,0.23081683168316833,0.432240099009901,0.08508663366336634,0.6587252475247525,0.3777846534653465,0.30445544554455445,0.0496
13205,Mitchell County,Georgia,GA,0.9914,4.189904534485366e-06,0.6304071246819338,0.5148514851485149,0.8632315522,0.22010178117048343,0.4904084158415842,0.9245049504950495,0.8214727722772277,0.5024752475247525,0.6290222772277227,0.20668316831683167,0.7883663366336634,0.5727103960396039,0.6352103960396039,0.0745
13207,Monroe County,Georgia,GA,0.329,2.39273696542604e-06,0.1870229007633588,0.2141089108910891,0.40744274810000003,0.5127226463104325,0.44183168316831684,0.7348391089108911,0.43657178217821785,0.5841584158415841,0.15191831683168316,0.33261138613861385,0.525990099009901,0.5464108910891089,0.44090346534653463,0.0206
13209,Montgomery County,Georgia,GA,0.7547,0.0,0.07824427480916031,0.050742574257425746,0.7738549618,0.2837150127226463,0.15872524752475248,0.781559405940594,0.338490099009901,0.4498762376237624,0.12407178217821782,0.22617574257425743,0.6426361386138614,0.38830445544554454,0.30198019801980197,0.0387
13211,Morgan County,Georgia,GA,0.266,2.3001711339768173e-06,0.19370229007633594,0.2713490099009901,0.22678117050000002,0.6587150127226464,0.35148514851485146,0.6844059405940595,0.4037747524752475,0.3910891089108911,0.17172029702970298,0.5170173267326733,0.583230198019802,0.4000618811881188,0.2840346534653465,0.0164
13213,Murray County,Georgia,GA,0.6847,2.3001711339768173e-06,0.5146310432569975,0.5331064356435643,0.4080788804,0.0874681933842239,0.6135519801980198,0.6497524752475248,0.7834158415841584,0.3155940594059406,0.7877475247524752,0.4823638613861386,0.4381188118811881,0.5454826732673267,0.666769801980198,0.0612
13215,Muscogee County,Georgia,GA,0.9446,2.5025298490106594e-06,0.8155216284987277,0.7917698019801979,0.5820610687,0.4258905852417303,0.7614480198019802,0.8688118811881188,0.7206064356435643,0.9130569306930693,0.1593440594059406,0.6098391089108911,0.2806311881188119,0.6215965346534653,0.942759900990099,0.0852
13217,Newton County,Georgia,GA,0.6577,2.6082962574168617e-06,0.5063613231552163,0.6494430693069307,0.10623409669999999,0.43034351145038163,0.6757425742574258,0.661509900990099,0.7397896039603961,0.6262376237623762,0.3948019801980198,0.7602103960396039,0.4603960396039604,0.42048267326732675,0.6135519801980198,0.0521
13219,Oconee County,Georgia,GA,0.0137,0.0,0.1943384223918575,0.4282178217821782,0.10623409669999999,0.9446564885496184,0.29176980198019803,0.693069306930693,0.42110148514851486,0.41738861386138615,0.31126237623762376,0.6373762376237624,0.5566212871287128,0.2790841584158416,0.37097772277227725,0.0063
13221,Oglethorpe County,Georgia,GA,0.4645,0.0,0.08110687022900763,0.09313118811881188,0.37213740459999994,0.23759541984732824,0.2311262376237624,0.745049504950495,0.3066212871287129,0.3468440594059406,0.3152846534653465,0.5906559405940595,0.6389232673267327,0.3131188118811881,0.15099009900990099,0.0297
13223,Paulding County,Georgia,GA,0.1429,2.3668512340423763e-06,0.6997455470737912,0.7951732673267327,0.10623409669999999,0.44115776081424934,0.3722153465346535,0.6485148514851485,0.8923267326732673,0.6005569306930693,0.7716584158415841,0.6658415841584159,0.3849009900990099,0.6621287128712872,0.8530321782178217,0.0477
13225,Peach County,Georgia,GA,0.8772,2.6082962574168617e-06,0.22487277353689566,0.2438118811881188,0.4376590331,0.3498727735368956,0.6435643564356436,0.7831064356435643,0.2902227722772277,0.6791460396039604,0.19337871287128713,0.24350247524752475,0.8923267326732673,0.5751856435643564,0.5185643564356436,0.0453
13227,Pickens County,Georgia,GA,0.3392,2.3703042400007565e-06,0.3479643765903308,0.39634900990099015,0.3676844784,0.3924936386768448,0.4944306930693069,0.5643564356435643,0.6345915841584159,0.19863861386138615,0.6219059405940595,0.4399752475247525,0.3941831683168317,0.6092202970297029,0.7042079207920792,0.0305
13229,Pierce County,Georgia,GA,0.3051,1.9206454428559926e-06,0.22678117048346055,0.2954826732673267,0.266221374,0.4675572519083969,0.1608910891089109,0.8852103960396039,0.3833539603960396,0.4025371287128713,0.3496287128712871,0.0739480198019802,0.5151608910891089,0.6986386138613861,0.380259900990099,0.0224
13231,Pike County,Georgia,GA,0.0665,2.3001711339768173e-06,0.080470737913486,0.07147277227722772,0.5667938931,0.6685750636132316,0.28310643564356436,0.6308787128712872,0.31652227722772275,0.3777846534653465,0.09746287128712872,0.32951732673267325,0.5253712871287128,0.35457920792079206,0.37004950495049505,0.0058
13233,Polk County,Georgia,GA,0.8285,2.3001711339768173e-06,0.6405852417302799,0.5120668316831682,0.915394402,0.2878498727735369,0.7561881188118812,0.7156559405940595,0.8669554455445545,0.43626237623762376,0.6986386138613861,0.5454826732673267,0.8236386138613861,0.7227722772277227,0.6386138613861386,0.0673
13235,Pulaski County,Georgia,GA,0.9376,0.0,0.18161577608142498,0.11231435643564357,0.8813613232,0.318384223918575,0.6751237623762376,0.8090965346534653,0.2988861386138614,0.5671410891089109,0.1373762376237624,0.1342821782178218,0.8307549504950495,0.5736386138613861,0.2688737623762376,0.0464
13237,Putnam County,Georgia,GA,0.5679,2.3001711339768173e-06,0.5330788804071247,0.4260519801980198,0.8349236641000001,0.26049618320610685,0.42110148514851486,0.7899133663366337,0.5077351485148515,0.5813737623762376,0.317759900990099,0.6166460396039604,0.8403465346534653,0.6410891089108911,0.2939356435643564,0.0512
13239,Quitman County,Georgia,GA,0.8202,2.3001711339768173e-06,0.08333333333333331,0.03001237623762376,0.9173027990000001,0.0031806615776081397,0.09777227722772278,0.7230816831683168,0.2948638613861386,0.19492574257425743,0.4412128712871287,0.12716584158415842,0.9164603960396039,0.411509900990099,0.21596534653465346,0.05
13241,Rabun County,Georgia,GA,0.441,2.3001711339768173e-06,0.45292620865139954,0.35241336633663367,0.8222010177999999,0.23727735368956743,0.2620668316831683,0.7150371287128713,0.46689356435643564,0.05847772277227723,0.7633044554455446,0.6429455445544554,0.35426980198019803,0.6503712871287128,0.8109529702970297,0.0423
13243,Randolph County,Georgia,GA,0.9882,2.3001711339768173e-06,0.1717557251908397,0.10365099009900987,0.8695928753,0.15935114503816797,0.3932549504950495,0.8227103960396039,0.5160891089108911,0.2849628712871287,0.4198638613861386,0.1608910891089109,0.8731435643564357,0.3926361386138614,0.3149752475247525,0.0525
13245,Richmond County,Georgia,GA,0.9513,2.3001711339768173e-06,0.8740458015267175,0.8551980198019803,0.6164122137,0.5025445292620865,0.9774133663366337,0.9195544554455446,0.9532797029702971,0.9149133663366337,0.744430693069307,0.9384282178217822,0.33972772277227725,0.6800742574257426,0.9421410891089109,0.0897
13247,Rockdale County,Georgia,GA,0.777,2.3001711339768173e-06,0.561704834605598,0.6318069306930693,0.2022900763,0.37849872773536897,0.7100866336633663,0.6584158415841584,0.7775371287128713,0.5816831683168316,0.5529084158415841,0.8010519801980198,0.07317450495049505,0.37623762376237624,0.7357673267326733,0.0603
13249,Schley County,Georgia,GA,0.4973,2.3001711339768173e-06,0.006043256997455469,0.00866336633663366,0.10623409669999999,0.17048346055979643,0.09034653465346534,0.6413985148514851,0.1639851485148515,0.22400990099009901,0.06435643564356436,0.09003712871287128,0.46689356435643564,0.2391707920792079,0.13521039603960397,0.0322
13251,Screven County,Georgia,GA,0.699,2.3001711339768173e-06,0.4389312977099237,0.3307549504950495,0.8555979644,0.3680025445292621,0.26949257425742573,0.9217202970297029,0.4628712871287129,0.6268564356435643,0.2948638613861386,0.5467202970297029,0.8090965346534653,0.5544554455445545,0.28125,0.0472
13253,Seminole County,Georgia,GA,0.8813,2.3001711339768173e-06,0.2948473282442748,0.3047648514851486,0.4783715013,0.3320610687022901,0.16181930693069307,0.8892326732673267,0.4229579207920792,0.2651608910891089,0.42883663366336633,0.08818069306930693,0.593440594059406,0.3771658415841584,0.453279702970297,0.0486
13255,Spalding County,Georgia,GA,0.8206,2.377942151620005e-06,0.4087150127226463,0.47400990099009893,0.29484732820000004,0.5181297709923665,0.6828589108910891,0.6760519801980198,0.6327351485148515,0.5696163366336634,0.15377475247524752,0.5770420792079208,0.500309405940594,0.39603960396039606,0.6367574257425742,0.0486
13257,Stephens County,Georgia,GA,0.7836,2.3001711339768173e-06,0.3342875318066158,0.2790841584158416,0.7178753181,0.42334605597964375,0.36478960396039606,0.7017326732673267,0.5798267326732673,0.3341584158415842,0.5102103960396039,0.7800123762376238,0.25030940594059403,0.3873762376237624,0.5922029702970297,0.044
13259,Stewart County,Georgia,GA,0.9736,0.0,0.058524173027989825,0.01608910891089109,0.9923664122,0.0111323155216285,0.10426980198019802,0.7069925742574258,0.4591584158415842,0.3406559405940594,0.0708539603960396,0.14665841584158415,0.5739480198019802,0.4542079207920792,0.567450495049505,0.055
13261,Sumter County,Georgia,GA,0.9631,2.3001711339768173e-06,0.5318066157760815,0.4152227722772277,0.8867684478,0.4538804071246819,0.5782797029702971,0.8586014851485149,0.6636757425742574,0.7008044554455446,0.1296410891089109,0.17388613861386137,0.9563737623762376,0.6547029702970297,0.6568688118811881,0.0603
13263,Talbot County,Georgia,GA,0.6923,2.402879508456832e-06,0.028625954198473278,0.011448019801980201,0.9777353689999999,0.08237913486005087,0.14139851485148514,0.6556311881188119,0.286509900990099,0.30785891089108913,0.06775990099009901,0.19275990099009901,0.43285891089108913,0.4207920792079208,0.4313118811881188,0.0421
13265,Taliaferro County,Georgia,GA,0.692,2.3001711339768173e-06,0.00731552162849873,0.0027846534653465298,0.9532442748,0.11450381679389311,0.07332920792079207,0.6847153465346535,0.13830445544554457,0.1958539603960396,0.11850247524752475,0.5343440594059405,0.2939356435643564,0.20544554455445543,0.04486386138613861,0.041
13267,Tattnall County,Georgia,GA,0.9287,2.3225728355203216e-06,0.6838422391857506,0.6045792079207921,0.7595419846999999,0.16221374045801526,0.2781559405940594,0.9551361386138614,0.536200495049505,0.6463490099009901,0.40470297029702973,0.31064356435643564,0.8969678217821783,0.6407797029702971,0.8087871287128713,0.0789
13269,Taylor County,Georgia,GA,0.9555,2.3001711339768173e-06,0.10146310432569974,0.04641089108910891,0.9456106870000001,0.07092875318066158,0.28898514851485146,0.7564975247524752,0.3381806930693069,0.4316212871287129,0.13242574257425743,0.14449257425742573,0.7923886138613861,0.4941212871287129,0.33632425742574257,0.0528
13271,Telfair County,Georgia,GA,0.9765,0.0,0.23536895674300257,0.13582920792079206,0.8784987277,0.05375318066157761,0.22896039603960397,0.8564356435643564,0.5352722772277227,0.5838490099009901,0.07580445544554455,0.2713490099009901,0.5612623762376238,0.46782178217821785,0.4306930693069307,0.0573
13273,Terrell County,Georgia,GA,0.9809,2.3001711339768173e-06,0.16539440203562342,0.11788366336633666,0.7713104326,0.3212468193384224,0.16831683168316833,0.8035272277227723,0.5148514851485149,0.3152846534653465,0.4214108910891089,0.15748762376237624,0.8477722772277227,0.4310024752475248,0.42976485148514854,0.0475
13275,Thomas County,Georgia,GA,0.8158,2.32951638382825e-06,0.6596692111959288,0.6079826732673267,0.7035623409999999,0.6192748091603053,0.35241336633663367,0.9396658415841584,0.5253712871287128,0.6243811881188119,0.7357673267326733,0.15099009900990099,0.5504331683168316,0.7202970297029703,0.7843440594059405,0.0622
13277,Tift County,Georgia,GA,0.8759,0.1999333586799188,0.5601145038167938,0.5358910891089108,0.5667938931,0.40966921119592875,0.588799504950495,0.8994430693069307,0.786509900990099,0.5405321782178217,0.6110767326732673,0.11045792079207921,0.6831683168316832,0.5689975247524752,0.8162128712871287,0.0774
13279,Toombs County,Georgia,GA,0.9857,2.3001711339768173e-06,0.42652671755725197,0.38551980198019803,0.6548982188,0.29548346055979646,0.3208539603960396,0.8824257425742574,0.6478960396039604,0.65625,0.2218440594059406,0.37469059405940597,0.7806311881188119,0.5479579207920792,0.7728960396039604,0.0594
13281,Towns County,Georgia,GA,0.5622,0.0,0.39599236641221375,0.2561881188118812,0.9681933841999999,0.5731552162849872,0.30074257425742573,0.6290222772277227,0.49535891089108913,0.08261138613861387,0.7509282178217822,0.5823019801980198,0.4260519801980198,0.5501237623762376,0.5188737623762376,0.0352
13283,Treutlen County,Georgia,GA,0.9389,0.0,0.020674300254452927,0.02196782178217822,0.39090330790000005,0.1364503816793893,0.10488861386138613,0.7574257425742574,0.24597772277227722,0.36107673267326734,0.09777227722772278,0.11850247524752475,0.5337252475247525,0.28465346534653463,0.15563118811881188,0.0492
13285,Troup County,Georgia,GA,0.9023,2.3393557901870888e-06,0.5992366412213741,0.5563118811881188,0.6555343510999999,0.4541984732824427,0.6760519801980198,0.8193069306930693,0.7537128712871287,0.7042079207920792,0.5906559405940595,0.6454207920792079,0.07317450495049505,0.6005569306930693,0.7277227722772277,0.064
13287,Turner County,Georgia,GA,0.9675,2.3001711339768173e-06,0.16603053435114504,0.10272277227722772,0.8985368957,0.541348600508906,0.7051361386138614,0.8242574257425742,0.5080445544554455,0.3100247524752475,0.484529702970297,0.13892326732673269,0.6912128712871287,0.4127475247524752,0.39232673267326734,0.042
13289,Twiggs County,Georgia,GA,0.6538,2.505587882936847e-06,0.08492366412213741,0.0396039603960396,0.9605597964,0.47105597964376583,0.20977722772277227,0.7038985148514851,0.27691831683168316,0.7162747524752475,0.08694306930693069,0.2744430693069307,0.7218440594059405,0.5931311881188119,0.12871287128712872,0.0305
13291,Union County,Georgia,GA,0.4932,2.3001711339768173e-06,0.5248091603053435,0.4090346534653466,0.8546437659,0.21087786259541985,0.49876237623762376,0.6754331683168316,0.6417079207920792,0.10055693069306931,0.8162128712871287,0.6426361386138614,0.5736386138613861,0.7264851485148515,0.7045173267326733,0.0493
13293,Upson County,Georgia,GA,0.6468,2.370756839282228e-06,0.17143765903307892,0.17790841584158415,0.4802798982,0.3912213740458015,0.35117574257425743,0.7342202970297029,0.40655940594059403,0.525680693069307,0.1051980198019802,0.2834158415841584,0.5287747524752475,0.4316212871287129,0.5389851485148515,0.0342
13295,Walker County,Georgia,GA,0.6796,2.3113719847485696e-06,0.7201017811704835,0.723700495049505,0.40744274810000003,0.20865139949109415,0.6754331683168316,0.6488242574257426,0.9331683168316832,0.6237623762376238,0.8759282178217822,0.6024133663366337,0.6955445544554455,0.619430693069307,0.6259282178217822,0.0731
13297,Walton County,Georgia,GA,0.4095,2.3073396784707386e-06,0.549618320610687,0.6277846534653466,0.1892493639,0.45292620865139954,0.6775990099009901,0.6707920792079208,0.7453589108910891,0.6228341584158416,0.31342821782178215,0.7583539603960396,0.5281559405940595,0.37654702970297027,0.7215346534653465,0.0446
13299,Ware County,Georgia,GA,0.9596,0.0024530994921021947,0.49363867684478363,0.4251237623762376,0.7805343510999999,0.811704834605598,0.3378712871287129,0.9090346534653465,0.6321163366336634,0.6147896039603961,0.21318069306930693,0.13613861386138615,0.4944306930693069,0.744430693069307,0.656559405940594,0.0528
13301,Warren County,Georgia,GA,0.8123,0.0,0.05311704834605599,0.0182549504950495,0.9767811705,0.2255089058524173,0.17264851485148514,0.7175123762376238,0.3063118811881188,0.35798267326732675,0.16646039603960397,0.49257425742574257,0.48917079207920794,0.432240099009901,0.0922029702970297,0.0421
13303,Washington County,Georgia,GA,0.9115,2.3001711339768173e-06,0.23759541984732824,0.1803836633663366,0.7372773537,0.26908396946564883,0.2868193069306931,0.8050742574257426,0.37964108910891087,0.6212871287128713,0.24288366336633663,0.5532178217821783,0.8777846534653465,0.5507425742574258,0.2753712871287129,0.0486
13305,Wayne County,Georgia,GA,0.9434,1.5885604631252713e-06,0.4462468193384224,0.38861386138613857,0.7229643765999999,0.48505089058524176,0.2871287128712871,0.9176980198019802,0.5402227722772277,0.5631188118811881,0.5346534653465347,0.44863861386138615,0.4368811881188119,0.6277846534653465,0.526299504950495,0.0543
13307,Webster County,Georgia,GA,0.8447,2.3001711339768173e-06,0.0244910941475827,0.01361386138613861,0.8180661578,0.09255725190839695,0.11602722772277228,0.7332920792079208,0.20389851485148514,0.21844059405940594,0.07116336633663366,0.09560643564356436,0.8202351485148515,0.3094059405940594,0.15222772277227722,0.0473
13309,Wheeler County,Georgia,GA,0.7716,0.0,0.06424936386768448,0.02506188118811882,0.9039440204,0.061704834605597954,0.1577970297029703,0.7945544554455446,0.33261138613861385,0.4900990099009901,0.12004950495049505,0.2088490099009901,0.4743193069306931,0.35798267326732675,0.27939356435643564,0.046
13311,White County,Georgia,GA,0.3455,2.3001711339768173e-06,0.4573791348600509,0.4854579207920792,0.4020356234,0.2325063613231552,0.7806311881188119,0.6909034653465347,0.6237623762376238,0.17048267326732675,0.8149752475247525,0.7085396039603961,0.4337871287128713,0.5225866336633663,0.661200495049505,0.0409
13313,Whitfield County,Georgia,GA,0.8836,2.3373215051901915e-06,0.8148854961832062,0.7852722772277229,0.5903307888,0.1202290076335878,0.7803217821782178,0.7079207920792079,0.9415222772277227,0.5148514851485149,0.9238861386138614,0.7252475247524752,0.38551980198019803,0.5915841584158416,0.8715965346534653,0.0913
13315,Wilcox County,Georgia,GA,0.8212,0.0,0.1316793893129771,0.09529702970297033,0.7277353689999999,0.23027989821882952,0.38304455445544555,0.8316831683168316,0.41955445544554454,0.46967821782178215,0.0983910891089109,0.20142326732673269,0.8078589108910891,0.4161509900990099,0.33663366336633666,0.0436
13317,Wilkes County,Georgia,GA,0.6083,2.3001711339768173e-06,0.12913486005089062,0.07332920792079207,0.8234732824,0.12436386768447835,0.23731435643564355,0.8001237623762376,0.3125,0.45173267326732675,0.3712871287128713,0.7305074257425742,0.6528465346534653,0.36478960396039606,0.16831683168316833,0.039
13319,Wilkinson County,Georgia,GA,0.784,0.0,0.04643765903307888,0.04146039603960396,0.47105597959999995,0.3511450381679389,0.3938737623762376,0.7271039603960396,0.18842821782178218,0.4712252475247525,0.10148514851485149,0.2438118811881188,0.6410891089108911,0.4347153465346535,0.10798267326732673,0.0376
13321,Worth County,Georgia,GA,0.8571,2.44768582437166e-06,0.3648218829516539,0.2905321782178218,0.7484096692,0.19815521628498728,0.30538366336633666,0.8555074257425742,0.6893564356435643,0.4566831683168317,0.599009900990099,0.14077970297029702,0.8910891089108911,0.5467202970297029,0.5751856435643564,0.054
15001,Hawaii County,Hawaii,HI,0.636,1.3948990498023427e-08,0.9850508905852416,0.9836014851485149,0.5677480916,0.566793893129771,0.0525990099009901,0.7645420792079208,0.09900990099009901,0.02645420792079208,0.055074257425742575,0.14201732673267325,0.29610148514851486,0.9832920792079208,0.9771039603960396,0.0896
15003,Honolulu County,Hawaii,HI,0.5708,0.0007841064010771295,0.9875954198473282,0.990408415841584,0.2589058524,0.6262722646310432,0.1036509900990099,0.801980198019802,0.3505569306930693,0.02645420792079208,0.024133663366336634,0.6413985148514851,0.15841584158415842,0.9900990099009901,0.999690594059406,0.0867
15005,Kalawao County,Hawaii,HI,0.1871,0.0,0.00095419847328244,0.00092821782178218,0.7853053434999999,0.9993638676844785,0.03527227722772277,0.3353960396039604,0.03681930693069307,0.02645420792079208,0.024133663366336634,0.03589108910891089,0.07317450495049505,0.2156559405940594,0.03063118811881188,0.0067
15007,Kauai County,Hawaii,HI,0.3964,4.711934191937821e-07,0.8444656488549618,0.8647896039603961,0.225826972,0.8508269720101781,0.0411509900990099,0.739480198019802,0.05012376237623763,0.02645420792079208,0.024133663366336634,0.03589108910891089,0.2837252475247525,0.932549504950495,0.8425123762376238,0.0626
15009,Maui County,Hawaii,HI,0.4938,2.4761052526677308e-06,0.931297709923664,0.9325495049504948,0.4128498728,0.8641857506361323,0.038675742574257425,0.7738242574257426,0.08446782178217822,0.02645420792079208,0.024133663366336634,0.10426980198019802,0.21503712871287128,0.9538985148514851,0.9350247524752475,0.0747
16001,Ada County,Idaho,ID,0.1931,0.37492324717902753,0.8775445292620865,0.9198638613861386,0.10623409669999999,0.9223918575063612,0.9204826732673267,0.1551670792079208,0.2896039603960396,0.9316212871287128,0.5300123762376238,0.8193069306930693,0.16893564356435645,0.9829826732673267,0.9040841584158416,0.0887
16003,Adams County,Idaho,ID,0.2017,2.432018910073191e-06,0.3956743002544529,0.3558168316831683,0.6055979644,0.08587786259541985,0.054146039603960396,0.1551670792079208,0.055693069306930694,0.2125618811881188,0.08013613861386139,0.09622524752475248,0.15532178217821782,0.9681311881188119,0.11943069306930693,0.0359
16005,Bannock County,Idaho,ID,0.4995,2.2643898613783157e-06,0.6688931297709924,0.7339108910891089,0.1790712468,0.5916030534351145,0.15253712871287128,0.1551670792079208,0.1745049504950495,0.7976485148514851,0.8892326732673267,0.2599009900990099,0.18502475247524752,0.9699876237623762,0.8050742574257426,0.0542
16007,Bear Lake County,Idaho,ID,0.2024,2.044025248979939e-06,0.06583969465648855,0.12840346534653466,0.10623409669999999,0.42938931297709926,0.12561881188118812,0.1551670792079208,0.04672029702970297,0.08941831683168316,0.20761138613861385,0.10643564356435643,0.17698019801980197,0.7896039603960396,0.2880569306930693,0.0153
16009,Benewah County,Idaho,ID,0.6717,2.3001711339768173e-06,0.1987913486005089,0.19399752475247525,0.5213104326,0.18765903307888038,0.10086633663366337,0.1551670792079208,0.07673267326732673,0.296720297029703,0.3372524752475248,0.4467821782178218,0.16584158415841585,0.7546410891089109,0.06188118811881188,0.0414
16011,Bingham County,Idaho,ID,0.5469,2.208607616771179e-06,0.6014631043256997,0.6540841584158416,0.2713104326,0.27958015267175573,0.3245668316831683,0.1551670792079208,0.10705445544554455,0.8650990099009901,0.8217821782178217,0.2280321782178218,0.2877475247524752,0.8400371287128713,0.7509282178217822,0.0573
16013,Blaine County,Idaho,ID,0.4025,2.0633738274310564e-06,0.6536259541984732,0.7085396039603961,0.2150127226,0.2744910941475827,0.23793316831683167,0.1551670792079208,0.1021039603960396,0.655940594059406,0.4594678217821782,0.15717821782178218,0.17945544554455445,0.9399752475247525,0.5513613861386139,0.0565
16015,Boise County,Idaho,ID,0.1075,2.3001711339768173e-06,0.48918575063613223,0.5290841584158416,0.332697201,0.13231552162849872,0.2568069306930693,0.1551670792079208,0.06621287128712872,0.1797648514851485,0.0724009900990099,0.1943069306930693,0.1478960396039604,0.9730816831683168,0.11757425742574257,0.0376
16017,Bonner County,Idaho,ID,0.412,2.4289660168313285e-06,0.7729007633587787,0.7691831683168318,0.4494274809,0.3371501272264631,0.2255569306930693,0.1551670792079208,0.12747524752475248,0.5556930693069307,0.7233910891089109,0.7336014851485149,0.1577970297029703,0.8316831683168316,0.4832920792079208,0.0646
16019,Bonneville County,Idaho,ID,0.4473,2.1112009372472685e-06,0.8241094147582697,0.870049504950495,0.12181933839999999,0.9239821882951652,0.45389851485148514,0.1551670792079208,0.18471534653465346,0.8193069306930693,0.932240099009901,0.32023514851485146,0.21596534653465346,0.905940594059406,0.8982054455445545,0.0625
16021,Boundary County,Idaho,ID,0.5037,2.2366554945134907e-06,0.2608142493638677,0.21132425742574257,0.6510814249000001,0.05216284987277354,0.07827970297029703,0.1551670792079208,0.06157178217821782,0.3344678217821782,0.4931930693069307,0.08075495049504951,0.17481435643564355,0.8118811881188119,0.20111386138613863,0.0416
16023,Butte County,Idaho,ID,0.7009,2.2334757704252117e-06,0.04421119592875318,0.039913366336633664,0.4570610687,0.1316793893129771,0.10024752475247525,0.1551670792079208,0.05662128712871287,0.30383663366336633,0.41676980198019803,0.0999381188118812,0.20451732673267325,0.5671410891089109,0.07425742574257425,0.041
16025,Camas County,Idaho,ID,0.3271,2.3001711339768173e-06,0.05979643765903308,0.053217821782178217,0.4634223919,0.3699109414758271,0.04733910891089109,0.1551670792079208,0.04393564356435643,0.11912128712871287,0.10055693069306931,0.08044554455445545,0.17728960396039603,0.8134282178217822,0.04393564356435643,0.0209
16027,Canyon County,Idaho,ID,0.6217,2.3449745370638263e-06,0.7172391857506362,0.7735148514851485,0.18447837150000002,0.4236641221374045,0.692759900990099,0.1551670792079208,0.22926980198019803,0.8985148514851485,0.2806311881188119,0.7568069306930693,0.23050742574257427,0.926980198019802,0.8533415841584159,0.0661
16029,Caribou County,Idaho,ID,0.1231,2.3001711339768173e-06,0.07220101781170485,0.12561881188118812,0.1339058524,0.14853689567430026,0.08075495049504951,0.1551670792079208,0.05754950495049505,0.12376237623762376,0.3010519801980198,0.11417079207920793,0.20235148514851486,0.8149752475247525,0.40625,0.0202
16031,Cassia County,Idaho,ID,0.56,2.3562776187959684e-06,0.4357506361323155,0.5204207920792079,0.2242366412,0.20833333333333337,0.2527846534653465,0.1551670792079208,0.12283415841584158,0.5823019801980198,0.44245049504950495,0.1998762376237624,0.2722772277227723,0.9483292079207921,0.6998762376237624,0.0488
16033,Clark County,Idaho,ID,0.5412,2.3001711339768173e-06,0.00763358778625954,0.01237623762376238,0.10623409669999999,0.0015903307888040698,0.04486386138613861,0.1551670792079208,0.04176980198019802,0.08353960396039604,0.15253712871287128,0.07456683168316831,0.18409653465346534,0.65625,0.05971534653465346,0.0394
16035,Clearwater County,Idaho,ID,0.5912,0.0,0.469147582697201,0.35767326732673266,0.8101145037999999,0.09287531806615776,0.06775990099009901,0.1551670792079208,0.06064356435643564,0.3010519801980198,0.1203589108910891,0.1485148514851485,0.15625,0.9650371287128713,0.07178217821782178,0.0531
16037,Custer County,Idaho,ID,0.3713,2.3001711339768173e-06,0.5241730279898219,0.3731435643564357,0.9160305343999999,0.09955470737913483,0.1797648514851485,0.1551670792079208,0.05631188118811881,0.23422029702970298,0.32271039603960394,0.14263613861386137,0.17357673267326731,0.8737623762376238,0.4520420792079208,0.0479
16039,Elmore County,Idaho,ID,0.8155,2.3001711339768173e-06,0.5197201017811705,0.6308787128712872,0.12181933839999999,0.08078880407124682,0.504950495049505,0.1551670792079208,0.09591584158415842,0.6024133663366337,0.1463490099009901,0.3533415841584158,0.20266089108910892,0.9771039603960396,0.2416460396039604,0.068
16041,Franklin County,Idaho,ID,0.1101,2.3001711339768173e-06,0.07633587786259542,0.1448019801980198,0.10623409669999999,0.22900763358778622,0.12871287128712872,0.1551670792079208,0.058787128712871284,0.29238861386138615,0.22617574257425743,0.12252475247524752,0.18780940594059406,0.7936262376237624,0.4090346534653465,0.0174
16043,Fremont County,Idaho,ID,0.5504,6.153006009897354e-05,0.38263358778625955,0.530940594059406,0.10623409669999999,0.17779898218829515,0.1051980198019802,0.1551670792079208,0.09313118811881188,0.32023514851485146,0.5383663366336634,0.15191831683168316,0.21472772277227722,0.8743811881188119,0.6887376237623762,0.0472
16045,Gem County,Idaho,ID,0.6153,0.0,0.3444656488549619,0.3938737623762376,0.3606870229,0.2919847328244275,0.265470297029703,0.1551670792079208,0.08415841584158416,0.4628712871287129,0.0891089108910891,0.28898514851485146,0.15563118811881188,0.9659653465346535,0.22091584158415842,0.0429
16047,Gooding County,Idaho,ID,0.8059,0.0,0.2544529262086514,0.28248762376237624,0.3676844784,0.03435114503816794,0.16120049504950495,0.1551670792079208,0.1203589108910891,0.5776608910891089,0.24659653465346534,0.30476485148514854,0.2301980198019802,0.9542079207920792,0.23638613861386137,0.0535
16049,Idaho County,Idaho,ID,0.5199,2.5170616854319943e-06,0.7837150127226464,0.7332920792079208,0.6456743003,0.09096692111959287,0.09158415841584158,0.1551670792079208,0.08632425742574257,0.40160891089108913,0.14139851485148514,0.17357673267326731,0.17264851485148514,0.9876237623762376,0.3499381188118812,0.0758
16051,Jefferson County,Idaho,ID,0.1212,2.338585027860804e-06,0.40108142493638677,0.5541460396039602,0.10623409669999999,0.39726463104325693,0.14758663366336633,0.1551670792079208,0.09498762376237624,0.7988861386138614,0.8227103960396039,0.1729579207920792,0.24288366336633663,0.6352103960396039,0.5590965346534653,0.0269
16053,Jerome County,Idaho,ID,0.5826,2.0800481365093583e-06,0.21469465648854963,0.16274752475247525,0.6886132316,0.030852417302798977,0.21472772277227722,0.1551670792079208,0.11448019801980198,0.7391707920792079,0.3060024752475248,0.41058168316831684,0.26175742574257427,0.9050123762376238,0.3001237623762376,0.0435
16055,Kootenai County,Idaho,ID,0.2746,2.2635116338065636e-06,0.7897582697201018,0.8208539603960396,0.2340966921,0.46596692111959287,0.4025371287128713,0.1551670792079208,0.24133663366336633,0.8372524752475248,0.8895420792079208,0.8521039603960396,0.16367574257425743,0.8007425742574258,0.2651608910891089,0.0589
16057,Latah County,Idaho,ID,0.2825,2.169537643290645e-06,0.3326972010178117,0.46070544554455445,0.1494910941,0.4306615776081425,0.21132425742574257,0.1551670792079208,0.11912128712871287,0.5303217821782178,0.5461014851485149,0.22277227722772278,0.1828589108910891,0.9229579207920792,0.08725247524752475,0.0278
16059,Lemhi County,Idaho,ID,0.4073,2.2084769237992865e-06,0.41444020356234096,0.40222772277227725,0.5143129771,0.04961832061068702,0.0686881188118812,0.1551670792079208,0.05785891089108911,0.15686881188118812,0.3254950495049505,0.13551980198019803,0.1670792079207921,0.9337871287128713,0.7892945544554455,0.0459
16061,Lewis County,Idaho,ID,0.7146,2.3001711339768173e-06,0.030852417302798977,0.02227722772277227,0.6081424936,0.03403307888040712,0.053527227722772276,0.1551670792079208,0.054455445544554455,0.22277227722772278,0.11943069306930693,0.0823019801980198,0.17636138613861385,0.8632425742574258,0.04888613861386139,0.0446
16063,Lincoln County,Idaho,ID,0.6742,2.077201211467921e-06,0.09064885496183203,0.08323019801980198,0.46564885500000003,0.01017811704834606,0.1280940594059406,0.1551670792079208,0.06528465346534654,0.42357673267326734,0.2626856435643564,0.18657178217821782,0.2079207920792079,0.9226485148514851,0.15037128712871287,0.0447
16065,Madison County,Idaho,ID,0.4318,1.8767863456663567e-06,0.5861959287531806,0.6438737623762375,0.2589058524,0.5776081424936388,0.21287128712871287,0.1551670792079208,0.1234529702970297,0.7784653465346535,0.8561262376237624,0.22679455445544555,0.23422029702970298,0.7107054455445545,0.8864480198019802,0.0452
16067,Minidoka County,Idaho,ID,0.5978,2.2426470498712024e-06,0.2048346055979644,0.24690594059405938,0.3174300254,0.05597964376590331,0.20173267326732675,0.1551670792079208,0.10798267326732673,0.7277227722772277,0.46472772277227725,0.1782178217821782,0.28032178217821785,0.5655940594059405,0.5303217821782178,0.0436
16069,Nez Perce County,Idaho,ID,0.5892,2.3001711339768173e-06,0.3298346055979644,0.5074257425742574,0.10623409669999999,0.553117048346056,0.10612623762376237,0.1551670792079208,0.10024752475247525,0.5767326732673267,0.21472772277227722,0.13768564356435645,0.17852722772277227,0.8963490099009901,0.11386138613861387,0.0368
16071,Oneida County,Idaho,ID,0.0792,2.3001711339768173e-06,0.01399491094147583,0.023514851485148508,0.10623409669999999,0.24618320610687025,0.08725247524752475,0.1551670792079208,0.05228960396039604,0.20111386138613863,0.12530940594059406,0.0922029702970297,0.1775990099009901,0.8171410891089109,0.15594059405940594,0.0149
16073,Owyhee County,Idaho,ID,0.7432,4.129003101492471e-05,0.44115776081424934,0.2874381188118812,0.8622773537,0.00954198473282443,0.13304455445544555,0.1551670792079208,0.08787128712871287,0.5009282178217822,0.12252475247524752,0.26175742574257427,0.22215346534653466,0.9591584158415841,0.20358910891089108,0.0594
16075,Payette County,Idaho,ID,0.6713,1.8695442272217199e-06,0.17111959287531808,0.2636138613861386,0.1542620865,0.11068702290076336,0.16150990099009901,0.1551670792079208,0.09251237623762376,0.5040222772277227,0.10798267326732673,0.1745049504950495,0.17110148514851486,0.9025371287128713,0.2407178217821782,0.0437
16077,Power County,Idaho,ID,0.762,2.307638367824652e-06,0.16921119592875317,0.2249381188118812,0.25063613230000004,0.020674300254452927,0.11107673267326733,0.1551670792079208,0.07889851485148515,0.4282178217821782,0.7911509900990099,0.12438118811881188,0.26423267326732675,0.8929455445544554,0.23576732673267325,0.0497
16079,Shoshone County,Idaho,ID,0.7493,2.4289660168313285e-06,0.628498727735369,0.6051980198019802,0.534351145,0.09860050890585242,0.08044554455445545,0.1551670792079208,0.06590346534653466,0.3316831683168317,0.37407178217821785,0.5841584158415841,0.14758663366336633,0.7045173267326733,0.08508663366336634,0.0709
16081,Teton County,Idaho,ID,0.2052,2.3001711339768173e-06,0.29452926208651403,0.42667079207920794,0.1339058524,0.23091603053435114,0.07456683168316831,0.1551670792079208,0.12995049504950495,0.12995049504950495,0.4526608910891089,0.1500618811881188,0.18162128712871287,0.911200495049505,0.6995668316831684,0.0284
16083,Twin Falls County,Idaho,ID,0.5756,0.2848261790858503,0.4694656488549619,0.541460396039604,0.2490458015,0.4713740458015267,0.3842821782178218,0.1551670792079208,0.1577970297029703,0.8329207920792079,0.4279084158415842,0.599319306930693,0.25402227722772275,0.9412128712871287,0.5556930693069307,0.0673
16085,Valley County,Idaho,ID,0.1365,2.9145099161853822e-06,0.5562977099236641,0.5946782178217823,0.32029262090000005,0.6415394402035624,0.09560643564356436,0.1551670792079208,0.06219059405940594,0.2057549504950495,0.08106435643564357,0.15655940594059406,0.15191831683168316,0.9752475247524752,0.2896039603960396,0.031
16087,Washington County,Idaho,ID,0.9093,0.0,0.30311704834605596,0.2400990099009901,0.6997455471,0.06997455470737914,0.24040841584158415,0.1551670792079208,0.08044554455445545,0.40594059405940597,0.10550742574257425,0.21905940594059406,0.16522277227722773,0.9573019801980198,0.1974009900990099,0.0572
17001,Adams County,Illinois,IL,0.2965,2.7220694514615605e-06,0.6418575063613231,0.687190594059406,0.29643765899999996,0.9201653944020357,0.9037747524752475,0.43595297029702973,0.5996287128712872,0.9155321782178217,0.8220915841584159,0.5683787128712872,0.8449876237623762,0.07797029702970297,0.7682549504950495,0.0405
17003,Alexander County,Illinois,IL,0.8941,1.8185373302026983e-06,0.44083969465648853,0.33013613861386143,0.8676844784,0.4243002544529262,0.5918935643564357,0.4121287128712871,0.44771039603960394,0.5204207920792079,0.38551980198019803,0.7014232673267327,0.7165841584158416,0.04795792079207921,0.18935643564356436,0.0529
17005,Bond County,Illinois,IL,0.5253,0.15379984348388126,0.3622773536895674,0.3935643564356436,0.4373409669,0.7678117048346056,0.4631806930693069,0.4158415841584158,0.5962252475247525,0.6720297029702971,0.5389851485148515,0.24195544554455445,0.5470297029702971,0.10024752475247525,0.4458539603960396,0.0433
17007,Boone County,Illinois,IL,0.4655,2.1963646402365135e-06,0.5734732824427481,0.625,0.2789440204,0.722328244274809,0.6101485148514851,0.3239480198019802,0.7821782178217822,0.4876237623762376,0.7698019801980198,0.37004950495049505,0.5083539603960396,0.10798267326732673,0.6943069306930693,0.0431
17009,Brown County,Illinois,IL,0.4753,0.001725097298998038,0.047391857506361316,0.056002475247524754,0.33555979639999994,0.7108778625954199,0.27073019801980197,0.3261138613861386,0.1998762376237624,0.6392326732673267,0.49566831683168316,0.21967821782178218,0.5615717821782178,0.029393564356435642,0.14418316831683167,0.0197
17011,Bureau County,Illinois,IL,0.3544,0.0357129490303801,0.6227735368956743,0.6426361386138614,0.41698473280000004,0.8008905852417303,0.7673267326732673,0.44461633663366334,0.8220915841584159,0.5006188118811881,0.7073019801980198,0.6386138613861386,0.9474009900990099,0.15408415841584158,0.3805693069306931,0.0443
17013,Calhoun County,Illinois,IL,0.0541,1.4902211603178856e-06,0.06075063613231553,0.08879950495049505,0.1777989822,0.7496819338422391,0.18378712871287128,0.31435643564356436,0.21008663366336633,0.6107673267326733,0.22988861386138615,0.11633663366336634,0.4000618811881188,0.0327970297029703,0.12716584158415842,0.0041
17015,Carroll County,Illinois,IL,0.2304,2.4329343553321757e-06,0.3902671755725191,0.38521039603960405,0.5537531807,0.6940203562340967,0.7521658415841584,0.34777227722772275,0.5708539603960396,0.38304455445544555,0.5773514851485149,0.4900990099009901,0.8517945544554455,0.15439356435643564,0.20235148514851486,0.0224
17017,Cass County,Illinois,IL,0.4998,2.6082962574168617e-06,0.38645038167938933,0.42698019801980197,0.38740458019999996,0.7665394402035624,0.6318069306930693,0.37407178217821785,0.3443688118811881,0.661200495049505,0.8524133663366337,0.3035272277227723,0.8456064356435643,0.03001237623762376,0.18842821782178218,0.0315
17019,Champaign County,Illinois,IL,0.4658,2.0080968903995474e-06,0.9045801526717557,0.9025371287128712,0.308524173,0.8629134860050891,0.8477722772277227,0.6212871287128713,0.9498762376237624,0.8954207920792079,0.9780321782178217,0.7011138613861386,0.9557549504950495,0.1844059405940594,0.7998143564356436,0.0707
17021,Christian County,Illinois,IL,0.1966,1.8182454348373809e-06,0.5403944020356234,0.6324257425742574,0.1704834606,0.8498727735368958,0.5928217821782178,0.49597772277227725,0.4625618811881188,0.6933787128712872,0.8248762376237624,0.3864480198019802,0.9149133663366337,0.1150990099009901,0.4603960396039604,0.0304
17023,Clark County,Illinois,IL,0.0745,1.7834853196975024e-06,0.2732188295165394,0.30167079207920794,0.4268447837,0.6711195928753181,0.3220915841584158,0.5547648514851485,0.3948019801980198,0.5451732673267327,0.4709158415841584,0.4715346534653465,0.7961014851485149,0.10612623762376237,0.2469059405940594,0.0118
17025,Clay County,Illinois,IL,0.5813,2.3001711339768173e-06,0.4106234096692112,0.4186262376237624,0.5203562341,0.8807251908396947,0.593440594059406,0.5349628712871287,0.43007425742574257,0.6349009900990099,0.4402846534653465,0.4192450495049505,0.9050123762376238,0.07858910891089109,0.26051980198019803,0.0344
17027,Clinton County,Illinois,IL,0.1168,0.04803017335750722,0.6558524173027991,0.7038985148514851,0.2763994911,0.8877226463104327,0.8502475247524752,0.504950495049505,0.6676980198019802,0.7806311881188119,0.6896658415841584,0.24597772277227722,0.6107673267326733,0.10426980198019802,0.5581683168316832,0.0393
17029,Coles County,Illinois,IL,0.5574,0.03440726485066326,0.7035623409669212,0.7295792079207919,0.3062977099,0.7395038167938931,0.5739480198019802,0.5467202970297029,0.7286509900990099,0.7181311881188119,0.7561881188118812,0.48360148514851486,0.8951113861386139,0.12004950495049505,0.45699257425742573,0.0591
17031,Cook County,Illinois,IL,0.7964,0.04516064301256782,0.9996819338422391,0.9996905940594061,0.6173664122,0.7328244274809159,0.9956683168316832,0.6209777227722773,0.999690594059406,0.9984529702970297,1.0,0.973700495049505,0.2775371287128713,0.5699257425742574,0.9820544554455446,0.0981
17033,Crawford County,Illinois,IL,0.1919,1.7727843339717848e-06,0.3702290076335878,0.48638613861386143,0.1723918575,0.7550890585241732,0.40501237623762376,0.44245049504950495,0.4588490099009901,0.5705445544554455,0.35426980198019803,0.38273514851485146,0.7249381188118812,0.04641089108910891,0.24752475247524752,0.0207
17035,Cumberland County,Illinois,IL,0.015,0.07682082147155501,0.25858778625954204,0.23762376237623759,0.6323155216,0.8813613231552163,0.42574257425742573,0.5027846534653465,0.31961633663366334,0.4597772277227723,0.41738861386138615,0.3774752475247525,0.869430693069307,0.07271039603960396,0.16336633663366337,0.0126
17037,DeKalb County,Illinois,IL,0.5523,2.2696499615749377e-06,0.8082061068702289,0.8276608910891089,0.29198473280000004,0.7585877862595418,0.7964108910891089,0.4040841584158416,0.8842821782178217,0.6048886138613861,0.9455445544554455,0.6293316831683168,0.7543316831683168,0.08972772277227722,0.5148514851485149,0.0655
17039,De Witt County,Illinois,IL,0.0493,1.8322404264556517e-06,0.2926208651399491,0.3310643564356436,0.41189567429999996,0.9519720101781171,0.46534653465346537,0.40129950495049505,0.4563737623762376,0.5,0.7110148514851485,0.3725247524752475,0.8220915841584159,0.04764851485148515,0.2311262376237624,0.0092
17041,Douglas County,Illinois,IL,0.4578,2.252845977026537e-06,0.6211832061068703,0.5977722772277227,0.5791984733000001,0.6313613231552163,0.8428217821782178,0.5488861386138614,0.4863861386138614,0.5522896039603961,0.7063737623762376,0.3063118811881188,0.895730198019802,0.06806930693069307,0.3654084158415842,0.0466
17043,DuPage County,Illinois,IL,0.2284,0.012148993603766228,0.9764631043256996,0.9839108910891088,0.1580788804,0.717557251908397,0.9919554455445545,0.4443069306930693,0.9935024752475248,0.9356435643564357,0.9969059405940595,0.7586633663366337,0.2530940594059406,0.35550742574257427,0.9619430693069307,0.0727
17045,Edgar County,Illinois,IL,0.343,0.0007984553913193672,0.34923664122137404,0.41089108910891087,0.32569974549999997,0.7026081424936386,0.6482054455445545,0.5742574257425742,0.49504950495049505,0.6092202970297029,0.5269183168316832,0.42048267326732675,0.8681930693069307,0.12469059405940594,0.2524752475247525,0.025
17047,Edwards County,Illinois,IL,0.3058,1.8531605978260333e-06,0.26145038167938933,0.18533415841584158,0.8409669211,0.6154580152671756,0.4910272277227723,0.4285272277227723,0.3193069306930693,0.5083539603960396,0.22060643564356436,0.327970297029703,0.9183168316831684,0.034653465346534656,0.1342821782178218,0.0197
17049,Effingham County,Illinois,IL,0.2081,2.2777172645885953e-06,0.537531806615776,0.6138613861386139,0.22964376590000002,0.9503816793893128,0.6002475247524752,0.556930693069307,0.645730198019802,0.6806930693069307,0.6101485148514851,0.5300123762376238,0.875309405940594,0.13304455445544555,0.39201732673267325,0.0298
17051,Fayette County,Illinois,IL,0.5644,0.10477956616411734,0.4875954198473281,0.5092821782178217,0.4548346056,0.9243002544529262,0.5952970297029703,0.5724009900990099,0.5470297029702971,0.7196782178217822,0.6454207920792079,0.4786509900990099,0.744430693069307,0.18100247524752475,0.4319306930693069,0.0468
17053,Ford County,Illinois,IL,0.3824,2.205248058919111e-06,0.26208651399491095,0.3010519801980199,0.3921755725,0.9179389312977101,0.4811262376237624,0.37097772277227725,0.4557549504950495,0.338490099009901,0.682549504950495,0.27413366336633666,0.5544554455445545,0.04455445544554455,0.1806930693069307,0.0201
17055,Franklin County,Illinois,IL,0.4871,2.359323102555502e-06,0.8094783715012723,0.7413366336633663,0.8330152672,0.688295165394402,0.8886138613861386,0.5965346534653465,0.7988861386138614,0.8784034653465347,0.901299504950495,0.6571782178217822,0.59375,0.08323019801980198,0.6154084158415841,0.0623
17057,Fulton County,Illinois,IL,0.2106,2.1808215360423653e-06,0.5900127226463104,0.6225247524752475,0.3594147583,0.7760814249363868,0.7722772277227723,0.4347153465346535,0.7472153465346535,0.775680693069307,0.7747524752475248,0.7558787128712872,0.6676980198019802,0.07518564356435643,0.44554455445544555,0.0342
17059,Gallatin County,Illinois,IL,0.4521,2.565697576687534e-06,0.3387404580152672,0.21472772277227722,0.9128498728,0.1717557251908397,0.6494430693069307,0.5232054455445545,0.3870668316831683,0.7267945544554455,0.3443688118811881,0.5222772277227723,0.7233910891089109,0.038985148514851485,0.17110148514851486,0.0385
17061,Greene County,Illinois,IL,0.1044,0.09078405853079198,0.1297709923664122,0.17543316831683167,0.2738549618,0.676208651399491,0.5117574257425742,0.3941831683168317,0.3375618811881188,0.6324257425742574,0.5194925742574258,0.20823019801980197,0.693069306930693,0.0297029702970297,0.2716584158415842,0.0155
17063,Grundy County,Illinois,IL,0.0773,1.8647907723248178e-06,0.6650763358778626,0.8372524752475248,0.10623409669999999,0.9949109414758268,0.6417079207920792,0.327970297029703,0.6961633663366337,0.4783415841584158,0.9412128712871287,0.30136138613861385,0.38985148514851486,0.1797648514851485,0.20668316831683167,0.0369
17065,Hamilton County,Illinois,IL,0.3029,2.3101274457739302e-06,0.30820610687022904,0.43719059405940597,0.1580788804,0.7512722646310432,0.5711633663366337,0.46472772277227725,0.3901608910891089,0.46101485148514854,0.327970297029703,0.40748762376237624,0.5402227722772277,0.038366336633663366,0.1469678217821782,0.0217
17067,Hancock County,Illinois,IL,0.0885,2.3001711339768173e-06,0.3107506361323155,0.2818688118811881,0.6482188295,0.6135496183206107,0.6810024752475248,0.44214108910891087,0.3629331683168317,0.8115717821782178,0.6803836633663366,0.505569306930693,0.8452970297029703,0.0411509900990099,0.5931311881188119,0.0143
17069,Hardin County,Illinois,IL,0.2383,1.6160503378278583e-06,0.08301526717557252,0.0686881188118812,0.5890585242,0.2544529262086514,0.3818069306930693,0.44554455445544555,0.3316831683168317,0.3688118811881188,0.21503712871287128,0.44925742574257427,0.47926980198019803,0.07920792079207921,0.19399752475247525,0.021
17071,Henderson County,Illinois,IL,0.0391,2.3001711339768173e-06,0.17525445292620867,0.12685643564356436,0.7706743003,0.3711832061068702,0.5792079207920792,0.3589108910891089,0.30538366336633666,0.5389851485148515,0.26051980198019803,0.44492574257425743,0.8081683168316832,0.043316831683168314,0.3502475247524752,0.0126
17073,Henry County,Illinois,IL,0.126,2.4973712129784456e-06,0.5709287531806616,0.6667698019801979,0.1475826972,0.8381043256997457,0.969059405940594,0.40160891089108913,0.7116336633663366,0.713180693069307,0.6308787128712872,0.7119430693069307,0.9084158415841584,0.09653465346534654,0.6073638613861386,0.0303
17075,Iroquois County,Illinois,IL,0.2673,0.020706633594928123,0.7395038167938931,0.7583539603960396,0.33969465649999997,0.6545801526717557,0.4783415841584158,0.48514851485148514,0.5835396039603961,0.4603960396039604,0.9375,0.3149752475247525,0.2469059405940594,0.06157178217821782,0.349009900990099,0.0518
17077,Jackson County,Illinois,IL,0.8479,0.031245963835811217,0.8711832061068702,0.8369430693069307,0.7659033078999999,0.6520356234096693,0.9857673267326733,0.5798267326732673,0.7490717821782178,0.9102722772277227,0.9000618811881188,0.807240099009901,0.6033415841584159,0.13861386138613863,0.806930693069307,0.0852
17079,Jasper County,Illinois,IL,0.0875,2.0608191103823527e-06,0.20419847328244278,0.35117574257425743,0.1138676845,0.7461832061068702,0.40439356435643564,0.49876237623762376,0.31280940594059403,0.39511138613861385,0.26701732673267325,0.3254950495049505,0.849319306930693,0.05012376237623763,0.1379950495049505,0.0098
17081,Jefferson County,Illinois,IL,0.7117,0.0005155792145438797,0.772264631043257,0.7605198019801979,0.5283078880000001,0.7910305343511449,0.9251237623762376,0.5485767326732673,0.7964108910891089,0.8196163366336634,0.6469678217821783,0.47679455445544555,0.5943688118811881,0.12159653465346534,0.4755569306930693,0.0668
17083,Jersey County,Illinois,IL,0.0318,1.380336567520635e-06,0.18861323155216286,0.3845915841584159,0.10623409669999999,0.8282442748091603,0.4198638613861386,0.32363861386138615,0.39758663366336633,0.8004331683168316,0.5491955445544554,0.26330445544554454,0.46998762376237624,0.03186881188118812,0.42574257425742573,0.007
17085,Jo Daviess County,Illinois,IL,0.076,1.0847697306694648e-06,0.5130407124681934,0.521039603960396,0.487913486,0.5954198473282443,0.6011757425742574,0.380259900990099,0.6964727722772277,0.505569306930693,0.7574257425742574,0.5968440594059405,0.6905940594059405,0.23607673267326731,0.2484529702970297,0.026
17087,Johnson County,Illinois,IL,0.3834,0.035696896172067,0.5108142493638677,0.42110148514851486,0.8196564885,0.47550890585241734,0.6961633663366337,0.5408415841584159,0.5724009900990099,0.6998762376237624,0.6500618811881188,0.7063737623762376,0.5383663366336634,0.13675742574257427,0.3564356435643564,0.0408
17089,Kane County,Illinois,IL,0.5084,2.079335293926435e-06,0.9459287531806616,0.9560643564356437,0.1698473282,0.6374045801526719,0.7790841584158416,0.4152227722772277,0.9866955445544554,0.9037747524752475,0.9919554455445545,0.6624381188118812,0.6664603960396039,0.34560643564356436,0.8830445544554455,0.0797
17091,Kankakee County,Illinois,IL,0.7241,1.6255908646478814e-06,0.8823155216284987,0.8743811881188119,0.49968193380000003,0.8371501272264631,0.7363861386138614,0.4603960396039604,0.8629331683168316,0.7849628712871287,0.9452351485148515,0.5157797029702971,0.4443069306930693,0.22431930693069307,0.5529084158415841,0.0777
17093,Kendall County,Illinois,IL,0.0996,1.7077623916606421e-06,0.8024809160305344,0.8833539603960396,0.10623409669999999,0.960241730279898,0.8496287128712872,0.33199257425742573,0.8994430693069307,0.6327351485148515,0.9597772277227723,0.45544554455445546,0.4709158415841584,0.16584158415841585,0.4282178217821782,0.0485
17095,Knox County,Illinois,IL,0.644,2.309993669535836e-06,0.5715648854961831,0.567450495049505,0.4980916031,0.6599872773536896,0.9607054455445545,0.422029702970297,0.6868811881188119,0.8100247524752475,0.7608292079207921,0.7308168316831684,0.75,0.038056930693069306,0.6729579207920792,0.0494
17097,Lake County,Illinois,IL,0.475,2.172533555504443e-06,0.9599236641221374,0.9706064356435643,0.1405852417,0.7805343511450382,0.9839108910891089,0.3935643564356436,0.9891707920792079,0.9279084158415841,0.989480198019802,0.6581064356435643,0.4238861386138614,0.46441831683168316,0.9384282178217822,0.0781
17099,LaSalle County,Illinois,IL,0.3894,2.159201467811575e-06,0.8610050890585242,0.863861386138614,0.3893129771,0.9064885496183205,0.8592202970297029,0.48298267326732675,0.8452970297029703,0.7079207920792079,0.9659653465346535,0.6466584158415841,0.8830445544554455,0.23422029702970298,0.7196782178217822,0.0633
17101,Lawrence County,Illinois,IL,0.5657,2.104951057734468e-06,0.49236641221374045,0.47308168316831684,0.5734732824000001,0.4729643765903308,0.4625618811881188,0.4223391089108911,0.47215346534653463,0.588180693069307,0.3780940594059406,0.40222772277227725,0.8623143564356436,0.03248762376237624,0.31095297029702973,0.0443
17103,Lee County,Illinois,IL,0.3777,0.00011944051697448372,0.5438931297709924,0.6178836633663366,0.23155216280000002,0.8272900763358777,0.8499381188118812,0.37469059405940597,0.7060643564356436,0.34344059405940597,0.6955445544554455,0.463490099009901,0.8013613861386139,0.11912128712871287,0.30754950495049505,0.037
17105,Livingston County,Illinois,IL,0.328,1.9555599340514137e-06,0.7178753180661578,0.749690594059406,0.304389313,0.9004452926208651,0.7642326732673267,0.44925742574257427,0.5374381188118812,0.5095915841584159,0.8391089108910891,0.40501237623762376,0.7397896039603961,0.05228960396039604,0.6918316831683168,0.048
17107,Logan County,Illinois,IL,0.2921,0.03845933163545945,0.5811068702290076,0.6104579207920792,0.3835877863,0.821882951653944,0.879950495049505,0.442759900990099,0.7063737623762376,0.7586633663366337,0.7806311881188119,0.5111386138613861,0.9263613861386139,0.04176980198019802,0.3818069306930693,0.0391
17109,McDonough County,Illinois,IL,0.539,2.4304298653477463e-06,0.37531806615776075,0.35365099009900985,0.6186386768,0.7433206106870229,0.7329826732673267,0.40748762376237624,0.5331064356435643,0.8285891089108911,0.7366955445544554,0.6810024752475248,0.8394183168316832,0.03558168316831683,0.4870049504950495,0.0319
17111,McHenry County,Illinois,IL,0.0923,2.3001711339768173e-06,0.9077608142493636,0.9384282178217822,0.10623409669999999,0.8400127226463104,0.8586014851485149,0.3347772277227723,0.9644183168316832,0.7639232673267327,0.9675123762376238,0.588180693069307,0.6027227722772277,0.3347772277227723,0.7425742574257426,0.0586
17113,McLean County,Illinois,IL,0.1903,0.017476636894635807,0.8689567430025447,0.8901608910891089,0.1507633588,0.9545165394402035,0.823019801980198,0.49907178217821785,0.8985148514851485,0.8576732673267327,0.9814356435643564,0.7363861386138614,0.932240099009901,0.1135519801980198,0.5860148514851485,0.0585
17115,Macon County,Illinois,IL,0.5396,0.0643562073361874,0.8330152671755725,0.8270420792079208,0.5076335878,0.9096692111959288,0.8935643564356436,0.5334158415841584,0.8647896039603961,0.90625,0.9170792079207921,0.6850247524752475,0.8784034653465347,0.23298267326732675,0.7633044554455446,0.0708
17117,Macoupin County,Illinois,IL,0.1161,0.14283326498173524,0.7993002544529262,0.7896039603960396,0.5069974555000001,0.7274173027989822,0.9121287128712872,0.4396658415841584,0.786200495049505,0.9176980198019802,0.869430693069307,0.49814356435643564,0.6816212871287128,0.11757425742574257,0.8901608910891089,0.0601
17119,Madison County,Illinois,IL,0.2561,0.028561801615546938,0.9341603053435117,0.9430693069306932,0.2589058524,0.8619592875318066,0.6181930693069307,0.5006188118811881,0.9767945544554455,0.9808168316831684,0.9594678217821783,0.7691831683168316,0.6420173267326733,0.1707920792079208,0.9334777227722773,0.0689
17121,Marion County,Illinois,IL,0.6036,0.047575549916147784,0.7713104325699746,0.7308168316831682,0.6857506361,0.9650127226463104,0.9220297029702971,0.5594059405940595,0.713490099009901,0.838799504950495,0.7490717821782178,0.4412128712871287,0.6540841584158416,0.1775990099009901,0.5114480198019802,0.0649
17123,Marshall County,Illinois,IL,0.0894,2.3001711339768173e-06,0.272264631043257,0.29610148514851486,0.4570610687,0.9204834605597965,0.6952351485148515,0.3620049504950495,0.42017326732673266,0.37159653465346537,0.5841584158415841,0.39542079207920794,0.8319925742574258,0.06992574257425743,0.19461633663366337,0.0098
17125,Mason County,Illinois,IL,0.1254,2.726859918529111e-06,0.43034351145038163,0.43131188118811875,0.5292620865,0.6873409669211196,0.745049504950495,0.43038366336633666,0.5337252475247525,0.5894183168316832,0.6943069306930693,0.4941212871287129,0.8728341584158416,0.043007425742574254,0.1905940594059406,0.021
17127,Massac County,Illinois,IL,0.5625,2.048351673094968e-06,0.6160941475826972,0.5767326732673267,0.6218193384,0.280852417302799,0.7042079207920792,0.49288366336633666,0.6741955445544554,0.7379331683168316,0.5083539603960396,0.8118811881188119,0.775990099009901,0.10148514851485149,0.5250618811881188,0.0574
17129,Menard County,Illinois,IL,0.0283,2.442382729410684e-06,0.2868956743002545,0.2667079207920792,0.6208651399,0.8349236641221374,0.6794554455445545,0.3808787128712871,0.5445544554455446,0.6150990099009901,0.551980198019802,0.43285891089108913,0.791769801980198,0.06219059405940594,0.2806311881188119,0.0084
17131,Mercer County,Illinois,IL,0.064,2.6425323822435335e-06,0.08778625954198473,0.21813118811881188,0.10623409669999999,0.8568702290076337,0.6262376237623762,0.34220297029702973,0.24628712871287128,0.5037128712871287,0.35179455445544555,0.6875,0.7230816831683168,0.037747524752475246,0.5928217821782178,0.0044
17133,Monroe County,Illinois,IL,0.001,2.5863428980599616e-06,0.41857506361323155,0.6457301980198021,0.10623409669999999,0.9494274809160304,0.7048267326732673,0.3845915841584158,0.5946782178217822,0.880259900990099,0.5037128712871287,0.23298267326732675,0.42728960396039606,0.04579207920792079,0.4130569306930693,0.0169
17135,Montgomery County,Illinois,IL,0.3191,0.1999314350148072,0.6539440203562341,0.6358292079207921,0.5537531807,0.7624045801526718,0.848700495049505,0.5708539603960396,0.7224628712871287,0.8016707920792079,0.7599009900990099,0.42017326732673266,0.8047648514851485,0.15996287128712872,0.5801361386138614,0.0585
17137,Morgan County,Illinois,IL,0.4935,0.07675671740602087,0.7111959287531806,0.7100866336633663,0.4602417303,0.7814885496183206,0.8756188118811881,0.42110148514851486,0.5095915841584159,0.8397277227722773,0.942759900990099,0.6225247524752475,0.9306930693069307,0.04517326732673267,0.5331064356435643,0.0598
17139,Moultrie County,Illinois,IL,0.4827,2.394978864266062e-06,0.45038167938931295,0.3654084158415841,0.8117048346,0.6043256997455471,0.6113861386138614,0.5080445544554455,0.47370049504950495,0.5745668316831684,0.7038985148514851,0.31219059405940597,0.8901608910891089,0.06930693069306931,0.46905940594059403,0.0353
17141,Ogle County,Illinois,IL,0.3131,2.2242659957526523e-06,0.7108778625954199,0.7744430693069307,0.1746183206,0.8606870229007633,0.7685643564356436,0.359529702970297,0.8044554455445545,0.43873762376237624,0.8134282178217822,0.6277846534653465,0.7642326732673267,0.13830445544554457,0.41738861386138615,0.0477
17143,Peoria County,Illinois,IL,0.6656,2.3001711339768173e-06,0.9068066157760815,0.8932549504950493,0.49968193380000003,0.9357506361323157,0.9579207920792079,0.48607673267326734,0.9591584158415841,0.9313118811881188,0.9860767326732673,0.9019183168316832,0.8582920792079208,0.12252475247524752,0.8889232673267327,0.0775
17145,Perry County,Illinois,IL,0.6001,0.12494353212021256,0.7207379134860051,0.6881188118811881,0.6405852417,0.8222010178117048,0.8149752475247525,0.5587871287128713,0.6169554455445545,0.7967202970297029,0.8821163366336634,0.38242574257425743,0.5925123762376238,0.06466584158415842,0.5074257425742574,0.0674
17147,Piatt County,Illinois,IL,0.0045,2.412216633409561e-06,0.34955470737913485,0.44399752475247517,0.24618320610000002,0.8889949109414758,0.5414603960396039,0.421720297029703,0.45853960396039606,0.4458539603960396,0.6113861386138614,0.34808168316831684,0.8740717821782178,0.06590346534653466,0.1890470297029703,0.0113
17149,Pike County,Illinois,IL,0.2771,2.3936819420087363e-06,0.30343511450381677,0.3372524752475248,0.4188931298,0.5477099236641222,0.6147896039603961,0.4430693069306931,0.34839108910891087,0.7803217821782178,0.6231435643564357,0.2506188118811881,0.823019801980198,0.03650990099009901,0.5247524752475248,0.0226
17151,Pope County,Illinois,IL,0.3277,2.3001711339768173e-06,0.14885496183206107,0.14603960396039603,0.4748727735,0.08874045801526717,0.46132425742574257,0.4501856435643564,0.31590346534653463,0.36448019801980197,0.24102722772277227,0.557240099009901,0.5194925742574258,0.10674504950495049,0.10705445544554455,0.0308
17153,Pulaski County,Illinois,IL,0.6357,2.446508761222259e-06,0.4904580152671756,0.38304455445544555,0.8241094148000001,0.16539440203562342,0.7982673267326733,0.47029702970297027,0.3932549504950495,0.5238242574257426,0.823019801980198,0.6079826732673267,0.7413366336633663,0.03403465346534654,0.17388613861386137,0.0537
17155,Putnam County,Illinois,IL,0.0048,2.3001711339768173e-06,0.09160305343511449,0.11943069306930693,0.3476463104,0.7989821882951653,0.4439975247524752,0.3214727722772277,0.34560643564356436,0.2233910891089109,0.33972772277227725,0.26051980198019803,0.6376856435643564,0.06961633663366337,0.09715346534653466,0.0023
17157,Randolph County,Illinois,IL,0.4897,3.4667855953115632e-06,0.7862595419847328,0.7694925742574257,0.5575699746,0.8018447837150127,0.948019801980198,0.5875618811881188,0.8066212871287128,0.8963490099009901,0.7614480198019802,0.5327970297029703,0.5844678217821783,0.08787128712871287,0.5482673267326733,0.0599
17159,Richland County,Illinois,IL,0.413,0.0,0.46660305343511443,0.43038366336633666,0.6685750636000001,0.8829516539440203,0.5538366336633663,0.5451732673267327,0.5371287128712872,0.6543935643564357,0.41646039603960394,0.5064975247524752,0.7787747524752475,0.053836633663366336,0.28836633663366334,0.031
17161,Rock Island County,Illinois,IL,0.7556,2.4186807968383733e-06,0.8412849872773536,0.8211633663366337,0.6024173027999999,0.8724554707379135,0.943069306930693,0.3604579207920792,0.9124381188118812,0.9359529702970297,0.958230198019802,0.817759900990099,0.7128712871287128,0.11200495049504951,0.8975866336633663,0.0741
17163,St. Clair County,Illinois,IL,0.532,0.06652769453098434,0.9491094147582696,0.9508044554455446,0.3784987277,0.7493638676844785,0.5522896039603961,0.5170173267326733,0.9557549504950495,0.9820544554455446,0.9653465346534653,0.916769801980198,0.624690594059406,0.17388613861386137,0.9390470297029703,0.0844
17165,Saline County,Illinois,IL,0.6557,2.598209081627887e-06,0.7013358778625954,0.6132425742574257,0.8470101781,0.6145038167938931,0.8895420792079208,0.5810643564356436,0.6933787128712872,0.7923886138613861,0.7045173267326733,0.7351485148514851,0.6791460396039604,0.11045792079207921,0.48267326732673266,0.0594
17167,Sangamon County,Illinois,IL,0.4041,2.3172891963901527e-06,0.9169847328244275,0.9189356435643564,0.32029262090000005,0.9220737913486005,0.8678836633663366,0.5655940594059405,0.9721534653465347,0.963490099009901,0.9665841584158416,0.8202351485148515,0.9603960396039604,0.21008663366336633,0.8876856435643564,0.0696
17169,Schuyler County,Illinois,IL,0.4957,2.3001711339768173e-06,0.11354961832061068,0.08694306930693069,0.715648855,0.6310432569974554,0.6256188118811881,0.37345297029702973,0.29548267326732675,0.567450495049505,0.6237623762376238,0.25433168316831684,0.6256188118811881,0.03063118811881188,0.21318069306930693,0.0223
17171,Scott County,Illinois,IL,0.0512,2.6082962574168617e-06,0.02767175572519084,0.07209158415841584,0.10623409669999999,0.8276081424936386,0.24938118811881188,0.32673267326732675,0.17543316831683167,0.375,0.3131188118811881,0.16955445544554457,0.723700495049505,0.028155940594059407,0.08570544554455446,0.0029
17173,Shelby County,Illinois,IL,0.1069,2.382337833560829e-06,0.5174936386768448,0.599319306930693,0.2102417303,0.8164758269720103,0.4368811881188119,0.5600247524752475,0.41398514851485146,0.5792079207920792,0.8307549504950495,0.3152846534653465,0.9359529702970297,0.1494430693069307,0.7370049504950495,0.0256
17175,Stark County,Illinois,IL,0.0579,2.505587882936847e-06,0.07251908396946564,0.1113861386138614,0.2022900763,0.8323791348600509,0.48669554455445546,0.33601485148514854,0.27722772277227725,0.25433168316831684,0.2698019801980198,0.36107673267326734,0.7948638613861386,0.03527227722772277,0.11200495049504951,0.0036
17177,Stephenson County,Illinois,IL,0.5218,2.3001711339768173e-06,0.7391857506361323,0.7147277227722771,0.5667938931,0.6860687022900762,0.8548886138613861,0.37004950495049505,0.8273514851485149,0.6503712871287128,0.8131188118811881,0.718440594059406,0.8155940594059405,0.2896039603960396,0.48669554455445546,0.0579
17179,Tazewell County,Illinois,IL,0.1085,2.3083944100920577e-06,0.8419211195928753,0.8610767326732673,0.2321882952,0.9449745547073792,0.8629331683168316,0.46689356435643564,0.9074876237623762,0.8657178217821783,0.9514232673267327,0.7673267326732673,0.8508663366336634,0.10457920792079207,0.6646039603960396,0.0514
17181,Union County,Illinois,IL,0.602,2.8773700666406074e-06,0.5537531806615776,0.5015470297029703,0.68543257,0.5645674300254453,0.8706683168316832,0.526299504950495,0.6262376237623762,0.8471534653465347,0.6893564356435643,0.6608910891089109,0.6191212871287128,0.11695544554455446,0.39758663366336633,0.0474
17183,Vermilion County,Illinois,IL,0.6806,2.4542336956968397e-06,0.7881679389312977,0.745049504950495,0.7019720102,0.8699109414758268,0.874690594059406,0.6011757425742574,0.8025990099009901,0.7985767326732673,0.9337871287128713,0.6410891089108911,0.874690594059406,0.24783415841584158,0.6045792079207921,0.0658
17185,Wabash County,Illinois,IL,0.4209,2.3001711339768173e-06,0.24840966921119592,0.24783415841584158,0.5260814249,0.5623409669211196,0.3681930693069307,0.37654702970297027,0.3103341584158416,0.5615717821782178,0.275990099009901,0.34715346534653463,0.6921410891089109,0.03155940594059406,0.17481435643564355,0.0249
17187,Warren County,Illinois,IL,0.5441,2.4542336956968397e-06,0.15489821882951654,0.22277227722772278,0.227735369,0.9061704834605598,0.47586633663366334,0.3879950495049505,0.30445544554455445,0.6701732673267327,0.5479579207920792,0.5826113861386139,0.8239480198019802,0.029084158415841586,0.3845915841584158,0.0226
17189,Washington County,Illinois,IL,0.0347,2.3001711339768173e-06,0.5515267175572519,0.572710396039604,0.4211195929,0.9850508905852416,0.7688737623762376,0.5457920792079208,0.45761138613861385,0.9053217821782178,0.598700495049505,0.26639851485148514,0.6751237623762376,0.06497524752475248,0.7305074257425742,0.0235
17191,Wayne County,Illinois,IL,0.4843,2.4086164097044055e-06,0.4074427480916031,0.46379950495049505,0.32029262090000005,0.5365776081424937,0.38892326732673266,0.5287747524752475,0.48298267326732675,0.8691212871287128,0.47988861386138615,0.39882425742574257,0.713799504950495,0.04146039603960396,0.2527846534653465,0.0359
17193,White County,Illinois,IL,0.3999,2.3001711339768173e-06,0.5426208651399491,0.5030940594059405,0.6625318066,0.785941475826972,0.6432549504950495,0.5225866336633663,0.6095297029702971,0.6698638613861386,0.43780940594059403,0.5717821782178217,0.6850247524752475,0.04888613861386139,0.36324257425742573,0.0363
17195,Whiteside County,Illinois,IL,0.3236,2.3001711339768173e-06,0.6580788804071247,0.6717202970297029,0.4363867684,0.8171119592875317,0.8582920792079208,0.39449257425742573,0.7871287128712872,0.5201113861386139,0.7691831683168316,0.7110148514851485,0.8712871287128713,0.1646039603960396,0.5179455445544554,0.043
17197,Will County,Illinois,IL,0.244,0.027370369835714524,0.9726463104325701,0.9817450495049507,0.1339058524,0.9236641221374046,0.5216584158415841,0.452970297029703,0.9925742574257426,0.9566831683168316,0.9962871287128713,0.8165222772277227,0.3978960396039604,0.5742574257425742,0.9022277227722773,0.0723
17199,Williamson County,Illinois,IL,0.3948,0.08332658542901296,0.8578244274809159,0.8443688118811881,0.5537531807,0.7818066157760815,0.9913366336633663,0.588490099009901,0.8084777227722773,0.9105816831683168,0.8725247524752475,0.8323019801980198,0.5547648514851485,0.16522277227722773,0.6862623762376238,0.0704
17201,Winnebago County,Illinois,IL,0.7728,2.2802569193157494e-06,0.9236641221374046,0.9248143564356437,0.3893129771,0.6854325699745547,0.974009900990099,0.4068688118811881,0.973700495049505,0.8579826732673267,0.9786509900990099,0.8626237623762376,0.5903465346534653,0.34498762376237624,0.8954207920792079,0.0858
17203,Woodford County,Illinois,IL,0.0175,2.3001711339768173e-06,0.3991730279898219,0.6321163366336634,0.10623409669999999,0.960559796437659,0.3725247524752475,0.3777846534653465,0.5396039603960396,0.5126856435643564,0.7261757425742574,0.5009282178217822,0.7103960396039604,0.05971534653465346,0.22926980198019803,0.0164
18001,Adams County,Indiana,IN,0.5355,1.6919192394653473e-06,0.5213104325699746,0.4176980198019802,0.8514631043,0.4500636132315521,0.8604579207920792,0.5538366336633663,0.7654702970297029,0.6670792079207921,0.47896039603960394,0.37066831683168316,0.07317450495049505,0.12840346534653466,0.4192450495049505,0.0445
18003,Allen County,Indiana,IN,0.5374,2.364339956981736e-06,0.9083969465648855,0.9050123762376237,0.3552798982,0.784033078880407,0.9764851485148515,0.583230198019802,0.9752475247524752,0.7348391089108911,0.8251856435643564,0.7818688118811881,0.5819925742574258,0.40779702970297027,0.84375,0.0744
18005,Bartholomew County,Indiana,IN,0.287,0.14256647670553732,0.7086513994910942,0.7555693069306932,0.2305979644,0.7853053435114503,0.5819925742574258,0.41738861386138615,0.8768564356435643,0.6222153465346535,0.5006188118811881,0.6188118811881188,0.5176361386138614,0.28125,0.4659653465346535,0.0583
18007,Benton County,Indiana,IN,0.3369,2.1039635971075927e-06,0.04866412213740458,0.06064356435643564,0.2830788804,0.6793893129770993,0.23576732673267325,0.43254950495049505,0.31373762376237624,0.25092821782178215,0.44183168316831684,0.16893564356435645,0.07317450495049505,0.038675742574257425,0.08601485148514851,0.015
18009,Blackford County,Indiana,IN,0.4801,1.8722224833399658e-06,0.09001272264631044,0.09127475247524751,0.5152671756,0.9007633587786259,0.37685643564356436,0.41676980198019803,0.4665841584158416,0.38675742574257427,0.18224009900990099,0.1967821782178218,0.3183787128712871,0.05198019801980198,0.13211633663366337,0.0184
18011,Boone County,Indiana,IN,0.0331,1.7388890531226533e-06,0.43225190839694655,0.6844059405940596,0.10623409669999999,0.9828244274809159,0.6602722772277227,0.36324257425742573,0.4124381188118812,0.5754950495049505,0.6095297029702971,0.5238242574257426,0.5850866336633663,0.0952970297029703,0.29610148514851486,0.0193
18013,Brown County,Indiana,IN,0.1712,0.06240532526627609,0.196882951653944,0.20823019801980203,0.4742366412,0.5970101781170484,0.4489480198019802,0.31095297029702973,0.5241336633663366,0.35488861386138615,0.1952351485148515,0.739480198019802,0.22772277227722773,0.10767326732673267,0.2255569306930693,0.0186
18015,Carroll County,Indiana,IN,0.0821,2.230697037042828e-06,0.2964376590330789,0.43162128712871284,0.1339058524,0.6743002544529262,0.4090346534653465,0.48050742574257427,0.4412128712871287,0.3864480198019802,0.5426980198019802,0.24443069306930693,0.6098391089108911,0.0968440594059406,0.1692450495049505,0.0143
18017,Cass County,Indiana,IN,0.5587,2.248522430980926e-06,0.5677480916030534,0.5173267326732673,0.6867048346,0.7153307888040712,0.8616955445544554,0.5086633663366337,0.6150990099009901,0.6466584158415841,0.7462871287128713,0.32982673267326734,0.6992574257425742,0.1349009900990099,0.44832920792079206,0.0445
18019,Clark County,Indiana,IN,0.3093,0.02854561468570027,0.8136132315521628,0.8496287128712872,0.1777989822,0.6542620865139949,0.9733910891089109,0.36695544554455445,0.9529702970297029,0.6101485148514851,0.7933168316831684,0.7725866336633663,0.4186262376237624,0.22834158415841585,0.7920792079207921,0.0613
18021,Clay County,Indiana,IN,0.1718,2.2867234205844768e-06,0.2703562340966921,0.3722153465346534,0.1972010178,0.7694020356234098,0.7004950495049505,0.3948019801980198,0.46751237623762376,0.5129950495049505,0.4755569306930693,0.4873143564356436,0.5875618811881188,0.09375,0.21132425742574257,0.0147
18023,Clinton County,Indiana,IN,0.3443,2.2497770728320306e-06,0.3053435114503817,0.390779702970297,0.256043257,0.6469465648854961,0.6943069306930693,0.4464727722772277,0.5788985148514851,0.5077351485148515,0.5869430693069307,0.4090346534653465,0.6590346534653465,0.08075495049504951,0.27011138613861385,0.024
18025,Crawford County,Indiana,IN,0.3124,2.0504524506887134e-06,0.25795165394402036,0.16738861386138615,0.8377862595000001,0.1924300254452926,0.5250618811881188,0.3530321782178218,0.6157178217821783,0.45853960396039606,0.27042079207920794,0.46967821782178215,0.29207920792079206,0.10952970297029703,0.2555693069306931,0.0298
18027,Daviess County,Indiana,IN,0.6239,0.07688456272047045,0.5881043256997456,0.5077351485148515,0.7763994911000001,0.39949109414758266,0.6717202970297029,0.4832920792079208,0.7289603960396039,0.6751237623762376,0.33601485148514854,0.6308787128712872,0.7583539603960396,0.24504950495049505,0.5510519801980198,0.06
18029,Dearborn County,Indiana,IN,0.0312,2.27880567237816e-06,0.45229007633587787,0.5785891089108911,0.12181933839999999,0.486323155216285,0.8100247524752475,0.31961633663366334,0.7614480198019802,0.3814975247524752,0.6460396039603961,0.588799504950495,0.28001237623762376,0.14665841584158415,0.5708539603960396,0.0244
18031,Decatur County,Indiana,IN,0.0159,2.2665195328776955e-06,0.23123409669211195,0.42883663366336633,0.10623409669999999,0.7872137404580153,0.45761138613861385,0.39851485148514854,0.6064356435643564,0.23731435643564355,0.28217821782178215,0.4718440594059406,0.4430693069306931,0.09344059405940594,0.6321163366336634,0.0084
18033,DeKalb County,Indiana,IN,0.1384,1.6007152882753024e-06,0.4131679389312977,0.46534653465346537,0.3562340967,0.9430661577608143,0.8010519801980198,0.4183168316831683,0.6850247524752475,0.2790841584158416,0.48360148514851486,0.45853960396039606,0.5897277227722773,0.1438737623762376,0.40191831683168316,0.0188
18035,Delaware County,Indiana,IN,0.6309,2.4281632155443415e-06,0.7633587786259542,0.755259900990099,0.4933206107,0.8241094147582697,0.6670792079207921,0.4941212871287129,0.906559405940594,0.3780940594059406,0.5108292079207921,0.5918935643564357,0.4542079207920792,0.23948019801980197,0.7626856435643564,0.0628
18037,Dubois County,Indiana,IN,0.1619,2.2487925537357235e-06,0.5912849872773537,0.6472772277227723,0.292302799,0.9195292620865141,0.8777846534653465,0.49257425742574257,0.598700495049505,0.6485148514851485,0.4025371287128713,0.6655321782178217,0.6215965346534653,0.19028465346534654,0.42326732673267325,0.0319
18039,Elkhart County,Indiana,IN,0.8132,2.4230066074222136e-06,0.837468193384224,0.8338490099009901,0.45324427479999996,0.611323155216285,0.9569925742574258,0.6076732673267327,0.9090346534653465,0.7385519801980198,0.9470915841584159,0.6448019801980198,0.4854579207920792,0.34715346534653463,0.6726485148514851,0.0794
18041,Fayette County,Indiana,IN,0.6293,2.2446716146318176e-06,0.3349236641221374,0.34405940594059403,0.5178117048,0.5772900763358778,0.6082920792079208,0.36169554455445546,0.6905940594059405,0.2926980198019802,0.3728341584158416,0.44616336633663367,0.3527227722772277,0.07178217821782178,0.33199257425742573,0.0359
18043,Floyd County,Indiana,IN,0.1915,2.26718066979876e-06,0.7538167938931298,0.7824876237623762,0.29071246819999996,0.6937022900763359,0.9415222772277227,0.3310643564356436,0.9241955445544554,0.6265470297029703,0.8406559405940595,0.7144183168316832,0.2688737623762376,0.21472772277227722,0.7165841584158416,0.0483
18045,Fountain County,Indiana,IN,0.2924,2.3019893243349045e-06,0.2124681933842239,0.27320544554455445,0.2808524173,0.4611959287531807,0.5897277227722773,0.474009900990099,0.38613861386138615,0.4000618811881188,0.681930693069307,0.2939356435643564,0.6352103960396039,0.09034653465346534,0.6865717821782178,0.0215
18047,Franklin County,Indiana,IN,0.1199,0.0009772611693123908,0.34223918575063617,0.44368811881188125,0.2121501272,0.4312977099236641,0.583230198019802,0.3372524752475248,0.6154084158415841,0.26701732673267325,0.4347153465346535,0.4817450495049505,0.41336633663366334,0.17172029702970298,0.3069306930693069,0.0221
18049,Fulton County,Indiana,IN,0.5415,0.05554853728632863,0.20197201017811708,0.22184405940594062,0.45324427479999996,0.7484096692111959,0.6321163366336634,0.4993811881188119,0.5216584158415841,0.39913366336633666,0.6024133663366337,0.21070544554455445,0.7091584158415841,0.07951732673267327,0.32023514851485146,0.0293
18051,Gibson County,Indiana,IN,0.2342,0.04543474520883811,0.4799618320610687,0.563118811881188,0.21851145039999997,0.9045801526717557,0.7735148514851485,0.4659653465346535,0.4040841584158416,0.6995668316831684,0.2660891089108911,0.5188737623762376,0.9588490099009901,0.08725247524752475,0.3722153465346535,0.0307
18053,Grant County,Indiana,IN,0.7649,2.028908507307592e-06,0.6940203562340967,0.6534653465346536,0.6790712468,0.6921119592875317,0.6711014851485149,0.4975247524752475,0.8913985148514851,0.7744430693069307,0.5714727722772277,0.4746287128712871,0.6361386138613861,0.17945544554455445,0.5012376237623762,0.0624
18055,Greene County,Indiana,IN,0.5275,0.1538269928057525,0.4249363867684479,0.46998762376237624,0.3676844784,0.51176844783715,0.7871287128712872,0.4489480198019802,0.6444925742574258,0.6113861386138614,0.34560643564356436,0.5550742574257426,0.5847772277227723,0.10891089108910891,0.3131188118811881,0.0511
18057,Hamilton County,Indiana,IN,0.0302,0.06246894021645945,0.8880407124681934,0.9294554455445544,0.10623409669999999,0.931297709923664,0.8134282178217822,0.44832920792079206,0.968440594059406,0.8647896039603961,0.8647896039603961,0.7534034653465347,0.5278465346534653,0.22462871287128713,0.8431311881188119,0.0589
18059,Hancock County,Indiana,IN,0.0185,0.07689851967728048,0.44020356234096686,0.6485148514851485,0.10623409669999999,0.8982188295165394,0.40965346534653463,0.36633663366336633,0.7456683168316832,0.47648514851485146,0.2905321782178218,0.5510519801980198,0.5386757425742574,0.07456683168316831,0.34808168316831684,0.025
18061,Harrison County,Indiana,IN,0.1009,2.3412544837688235e-06,0.5104961832061069,0.5668316831683168,0.2830788804,0.42716284987277353,0.7416460396039604,0.3613861386138614,0.8258044554455446,0.5278465346534653,0.5878712871287128,0.6327351485148515,0.4619430693069307,0.20358910891089108,0.5151608910891089,0.0309
18063,Hendricks County,Indiana,IN,0.0904,0.05262380185120045,0.7681297709923663,0.8629331683168318,0.10623409669999999,0.9147582697201018,0.7732054455445545,0.3499381188118812,0.8737623762376238,0.7673267326732673,0.7781559405940595,0.6135519801980198,0.573019801980198,0.13087871287128713,0.5946782178217822,0.0495
18065,Henry County,Indiana,IN,0.3045,2.1835645688693175e-06,0.4481552162849873,0.49907178217821785,0.3444656489,0.7270992366412213,0.41676980198019803,0.41089108910891087,0.812190594059406,0.29300742574257427,0.2629950495049505,0.583230198019802,0.40655940594059403,0.11540841584158416,0.4662747524752475,0.0287
18067,Howard County,Indiana,IN,0.4505,3.0786703974928084e-06,0.63676844783715,0.6581064356435643,0.4077608142,0.8788167938931298,0.8561262376237624,0.5012376237623762,0.8412747524752475,0.7023514851485149,0.7453589108910891,0.5804455445544554,0.6089108910891089,0.1692450495049505,0.531559405940594,0.0454
18069,Huntington County,Indiana,IN,0.1362,2.374198980030772e-06,0.38231552162849874,0.4755569306930693,0.2242366412,0.8963104325699746,0.6933787128712872,0.4786509900990099,0.687809405940594,0.5689975247524752,0.43038366336633666,0.28279702970297027,0.650680693069307,0.12066831683168316,0.2756806930693069,0.0178
18071,Jackson County,Indiana,IN,0.4556,2.4943817913143012e-06,0.5292620865139949,0.6287128712871287,0.1580788804,0.7684478371501272,0.8508663366336634,0.4313118811881188,0.8366336633663366,0.49257425742574257,0.38273514851485146,0.536819306930693,0.5668316831683168,0.10829207920792079,0.5210396039603961,0.0398
18073,Jasper County,Indiana,IN,0.1005,2.0843109901139496e-06,0.3282442748091603,0.44832920792079206,0.1698473282,0.6259541984732826,0.5909653465346535,0.4535891089108911,0.47679455445544555,0.4353341584158416,0.7079207920792079,0.26485148514851486,0.07317450495049505,0.2088490099009901,0.22277227722772278,0.0171
18075,Jay County,Indiana,IN,0.4626,2.387692672358588e-06,0.22868956743002544,0.24907178217821785,0.4389312977,0.5499363867684478,0.5433168316831684,0.5439356435643564,0.6274752475247525,0.19647277227722773,0.2753712871287129,0.4876237623762376,0.07317450495049505,0.07766089108910891,0.20327970297029702,0.0261
18077,Jefferson County,Indiana,IN,0.5832,0.1409424415040351,0.482824427480916,0.531868811881188,0.33555979639999994,0.6800254452926208,0.8394183168316832,0.40965346534653463,0.8254950495049505,0.3530321782178218,0.35086633663366334,0.6352103960396039,0.31683168316831684,0.1188118811881188,0.47215346534653463,0.0528
18079,Jennings County,Indiana,IN,0.3573,2.3001711339768173e-06,0.3190203562340967,0.3422029702970298,0.44879134860000003,0.34510178117048346,0.5853960396039604,0.432240099009901,0.687190594059406,0.31714108910891087,0.30476485148514854,0.5931311881188119,0.5250618811881188,0.1655321782178218,0.4656559405940594,0.0306
18081,Johnson County,Indiana,IN,0.1117,1.437268204797592e-06,0.746501272264631,0.8465346534653464,0.10623409669999999,0.878498727735369,0.9173886138613861,0.34189356435643564,0.8960396039603961,0.6689356435643564,0.5838490099009901,0.6101485148514851,0.5173267326732673,0.21875,0.604269801980198,0.0444
18083,Knox County,Indiana,IN,0.497,2.4140726373757362e-06,0.553117048346056,0.5853960396039602,0.37213740459999994,0.8438295165394402,0.5467202970297029,0.45451732673267325,0.6203589108910891,0.6383044554455446,0.2716584158415842,0.5844678217821783,0.8140470297029703,0.10705445544554455,0.7038985148514851,0.0412
18085,Kosciusko County,Indiana,IN,0.3926,1.7625015949401716e-06,0.6631679389312977,0.6741955445544554,0.4421119593,0.7913486005089058,0.9161509900990099,0.5668316831683168,0.8632425742574258,0.5903465346534653,0.8579826732673267,0.4560643564356436,0.6067450495049505,0.26485148514851486,0.6859529702970297,0.0461
18087,LaGrange County,Indiana,IN,0.3961,1.6598280465542243e-06,0.6240458015267174,0.44183168316831684,0.9917302799,0.057251908396946556,0.9180074257425742,0.6188118811881188,0.8137376237623762,0.40284653465346537,0.7057549504950495,0.4870049504950495,0.7639232673267327,0.3183787128712871,0.6005569306930693,0.0569
18089,Lake County,Indiana,IN,0.7031,0.03072866206690678,0.9592875318066157,0.9548267326732671,0.48727735369999997,0.7331424936386768,0.9300742574257426,0.3966584158415842,0.9916460396039604,0.9306930693069307,0.994430693069307,0.7831064356435643,0.07317450495049505,0.6698638613861386,0.9279084158415841,0.0889
18091,LaPorte County,Indiana,IN,0.5046,2.4112129030577496e-06,0.7888040712468194,0.7834158415841584,0.4869592875,0.8260178117048347,0.7193688118811881,0.45823019801980197,0.9275990099009901,0.687809405940594,0.9439975247524752,0.5030940594059405,0.07317450495049505,0.37004950495049505,0.6834777227722773,0.0607
18093,Lawrence County,Indiana,IN,0.2981,0.05873497167032928,0.47773536895674307,0.536200495049505,0.2993002545,0.6733460559796438,0.8047648514851485,0.37376237623762376,0.749690594059406,0.6364480198019802,0.31992574257425743,0.5631188118811881,0.4910272277227723,0.17883663366336633,0.40965346534653463,0.0359
18095,Madison County,Indiana,IN,0.5985,0.047607399210573165,0.7725826972010178,0.7654702970297029,0.4910941476,0.6758905852417303,0.8688118811881188,0.44863861386138615,0.8567450495049505,0.750309405940594,0.7880569306930693,0.6178836633663366,0.6259282178217822,0.21379950495049505,0.5758044554455446,0.0681
18097,Marion County,Indiana,IN,0.826,2.5992950591134594e-06,0.9748727735368956,0.973700495049505,0.3969465649,0.49363867684478363,0.9876237623762376,0.5111386138613861,0.9904084158415841,0.9870049504950495,0.9873143564356436,0.8638613861386139,0.38675742574257427,0.24412128712871287,0.9699876237623762,0.0967
18099,Marshall County,Indiana,IN,0.4493,0.15371039912317552,0.416030534351145,0.5018564356435643,0.225826972,0.6479007633587787,0.4817450495049505,0.4931930693069307,0.6720297029702971,0.46070544554455445,0.7530940594059405,0.3270420792079208,0.5488861386138614,0.09251237623762376,0.7629950495049505,0.0459
18101,Martin County,Indiana,IN,0.1613,0.07671907802870344,0.12309160305343513,0.13768564356435642,0.43002544530000003,0.7057888040712467,0.41955445544554454,0.35705445544554454,0.3650990099009901,0.380259900990099,0.17883663366336633,0.33323019801980197,0.4467821782178218,0.0525990099009901,0.1318069306930693,0.0157
18103,Miami County,Indiana,IN,0.3904,3.8765782236645926e-05,0.5279898218829516,0.520730198019802,0.534351145,0.5483460559796438,0.7410272277227723,0.505569306930693,0.6033415841584159,0.5327970297029703,0.6608910891089109,0.3103341584158416,0.708230198019802,0.11571782178217822,0.3787128712871287,0.039
18105,Monroe County,Indiana,IN,0.4302,0.19966722885302898,0.7598600508905853,0.7855816831683168,0.3008905852,0.6186386768447837,0.90625,0.4350247524752475,0.8264232673267327,0.8517945544554455,0.5918935643564357,0.6751237623762376,0.31095297029702973,0.33044554455445546,0.6339727722772277,0.0746
18107,Montgomery County,Indiana,IN,0.455,2.3101274457739302e-06,0.4099872773536896,0.4597772277227723,0.3581424936,0.7948473282442748,0.7961014851485149,0.48948019801980197,0.4975247524752475,0.5538366336633663,0.7206064356435643,0.505259900990099,0.7215346534653465,0.13768564356435645,0.30507425742574257,0.031
18109,Morgan County,Indiana,IN,0.0538,0.0663938515588892,0.6348600508905853,0.6918316831683168,0.2369592875,0.7248727735368958,0.849009900990099,0.3316831683168317,0.7827970297029703,0.6460396039603961,0.6336633663366337,0.5860148514851485,0.5498143564356436,0.25185643564356436,0.49288366336633666,0.0385
18111,Newton County,Indiana,IN,0.3229,2.2348802806665192e-06,0.11673027989821882,0.16367574257425743,0.2531806616,0.5267175572519084,0.34870049504950495,0.37964108910891087,0.34344059405940597,0.30198019801980197,0.6147896039603961,0.18564356435643564,0.07317450495049505,0.12716584158415842,0.12469059405940594,0.0184
18113,Noble County,Indiana,IN,0.5418,0.16616515876514007,0.44243002544529264,0.4566831683168317,0.4869592875,0.7121501272264631,0.8214727722772277,0.48360148514851486,0.7515470297029703,0.31095297029702973,0.5971534653465347,0.4285272277227723,0.7029702970297029,0.18873762376237624,0.474009900990099,0.0499
18115,Ohio County,Indiana,IN,0.1734,2.3180924952116205e-06,0.03371501272264631,0.05136138613861386,0.1857506361,0.22519083969465647,0.45451732673267325,0.31064356435643564,0.3626237623762376,0.15068069306930693,0.21349009900990099,0.24288366336633663,0.24783415841584158,0.03589108910891089,0.15346534653465346,0.0191
18117,Orange County,Indiana,IN,0.5791,2.423421183352835e-06,0.40489821882951643,0.4034653465346534,0.5203562341,0.5213104325699746,0.7008044554455446,0.4282178217821782,0.7738242574257426,0.525990099009901,0.296720297029703,0.5024752475247525,0.5377475247524752,0.1516089108910891,0.23391089108910892,0.0387
18119,Owen County,Indiana,IN,0.238,2.4971490618377683e-06,0.3511450381679389,0.3681930693069307,0.47105597959999995,0.43352417302798985,0.8316831683168316,0.3496287128712871,0.4724628712871287,0.5160891089108911,0.39542079207920794,0.5358910891089109,0.47957920792079206,0.13923267326732675,0.21813118811881188,0.0257
18121,Parke County,Indiana,IN,0.6424,4.405319424023052e-06,0.27576335877862596,0.2589727722772277,0.5852417303,0.4363867684478372,0.5269183168316832,0.4542079207920792,0.48917079207920794,0.47215346534653463,0.6234529702970297,0.37933168316831684,0.6958539603960396,0.12097772277227722,0.34344059405940597,0.0364
18123,Perry County,Indiana,IN,0.3182,6.079637934993915e-06,0.3501908396946565,0.40532178217821785,0.35591603050000004,0.6790712468193384,0.6701732673267327,0.38551980198019803,0.6550123762376238,0.4941212871287129,0.27073019801980197,0.6451113861386139,0.42419554455445546,0.08508663366336634,0.24257425742574257,0.0244
18125,Pike County,Indiana,IN,0.0465,0.07139720614810581,0.1924300254452926,0.1782178217821782,0.6024173027999999,0.5887404580152672,0.4709158415841584,0.43904702970297027,0.4192450495049505,0.5092821782178217,0.15099009900990099,0.36014851485148514,0.5974628712871287,0.13985148514851486,0.2719678217821782,0.0146
18127,Porter County,Indiana,IN,0.1374,0.029292645368072998,0.8139312977099238,0.8582920792079208,0.1339058524,0.8899491094147582,0.9146039603960396,0.3564356435643564,0.9455445544554455,0.7144183168316832,0.9399752475247525,0.5123762376237624,0.07317450495049505,0.6160272277227723,0.5798267326732673,0.0528
18129,Posey County,Indiana,IN,0.0092,2.3001711339768173e-06,0.4631043256997455,0.5380569306930693,0.26367684480000003,0.9099872773536898,0.5835396039603961,0.46132425742574257,0.5705445544554455,0.5996287128712872,0.3341584158415842,0.6045792079207921,0.5284653465346535,0.0625,0.2620668316831683,0.0177
18131,Pulaski County,Indiana,IN,0.3866,0.4999183577673235,0.11195928753180659,0.13706683168316833,0.3947201018,0.7410941475826972,0.35396039603960394,0.48886138613861385,0.36417079207920794,0.328279702970297,0.5804455445544554,0.442759900990099,0.20823019801980197,0.04610148514851485,0.18564356435643564,0.057
18133,Putnam County,Indiana,IN,0.1502,2.4890258171531103e-06,0.4284351145038168,0.4907178217821782,0.31456743,0.708969465648855,0.7998143564356436,0.40284653465346537,0.6404702970297029,0.5414603960396039,0.6280940594059405,0.557549504950495,0.6605816831683168,0.12438118811881188,0.327970297029703,0.0223
18135,Randolph County,Indiana,IN,0.5113,2.4608528577094456e-06,0.3145674300254453,0.3162128712871287,0.5407124682,0.6110050890585241,0.5399133663366337,0.49845297029702973,0.7014232673267327,0.21782178217821782,0.21225247524752475,0.30507425742574257,0.07317450495049505,0.09622524752475248,0.28248762376237624,0.0301
18137,Ripley County,Indiana,IN,0.2062,2.6058524051188742e-06,0.46787531806615784,0.4826732673267326,0.4570610687,0.5661577608142495,0.818069306930693,0.47617574257425743,0.8001237623762376,0.35705445544554454,0.43904702970297027,0.5253712871287128,0.53125,0.10488861386138613,0.525680693069307,0.0284
18139,Rush County,Indiana,IN,0.2125,0.09088570011333484,0.15776081424936386,0.2023514851485149,0.2945292621,0.7073791348600509,0.28155940594059403,0.40625,0.5606435643564357,0.18935643564356436,0.2645420792079208,0.4313118811881188,0.49907178217821785,0.039294554455445545,0.25340346534653463,0.0197
18141,St. Joseph County,Indiana,IN,0.6134,2.486200994065177e-06,0.8581424936386768,0.8626237623762375,0.37213740459999994,0.8998091603053437,0.9099628712871287,0.5813737623762376,0.9077970297029703,0.7998143564356436,0.9696782178217822,0.6785272277227723,0.15284653465346534,0.24288366336633663,0.8090965346534653,0.0711
18143,Scott County,Indiana,IN,0.5807,2.505587882936847e-06,0.22264631043257002,0.2995049504950495,0.2334605598,0.3953562340966921,0.650680693069307,0.40655940594059403,0.7339108910891089,0.34405940594059403,0.3118811881188119,0.3901608910891089,0.39603960396039606,0.08694306930693069,0.3189975247524752,0.0339
18145,Shelby County,Indiana,IN,0.2832,2.5021272177363246e-06,0.43416030534351147,0.5355816831683168,0.1972010178,0.7846692111959288,0.4031559405940594,0.35488861386138615,0.7942450495049505,0.42574257425742573,0.32054455445544555,0.5473391089108911,0.6120049504950495,0.07301980198019802,0.3239480198019802,0.0271
18147,Spencer County,Indiana,IN,0.0369,2.3113719847485696e-06,0.39408396946564883,0.44461633663366334,0.3498727735,0.6755725190839695,0.6946163366336634,0.44523514851485146,0.567450495049505,0.5634282178217822,0.20142326732673269,0.7373143564356436,0.6209777227722773,0.31280940594059403,0.2422648514851485,0.0166
18149,Starke County,Indiana,IN,0.2829,2.5538967006125883e-06,0.24936386768447838,0.2781559405940594,0.4128498728,0.7347328244274809,0.5891089108910891,0.41491336633663367,0.6082920792079208,0.3743811881188119,0.7147277227722773,0.23669554455445543,0.07317450495049505,0.15501237623762376,0.3409653465346535,0.0175
18151,Steuben County,Indiana,IN,0.1651,2.4059222760980627e-06,0.2719465648854962,0.3530321782178218,0.256043257,0.6946564885496184,0.6410891089108911,0.46967821782178215,0.6147896039603961,0.2964108910891089,0.41491336633663367,0.43347772277227725,0.5389851485148515,0.1531559405940594,0.4040841584158416,0.0153
18153,Sullivan County,Indiana,IN,0.574,2.4611245917018485e-06,0.20642493638676845,0.26113861386138615,0.3034351145,0.6389949109414759,0.5194925742574258,0.4375,0.4938118811881188,0.49133663366336633,0.41336633663366334,0.4152227722772277,0.5770420792079208,0.054455445544554455,0.14047029702970298,0.028
18155,Switzerland County,Indiana,IN,0.5886,2.505587882936847e-06,0.1160941475826972,0.140470297029703,0.3374681934,0.08142493638676845,0.6383044554455446,0.33941831683168316,0.505569306930693,0.2280321782178218,0.23236386138613863,0.3691212871287129,0.3465346534653465,0.05662128712871287,0.21967821782178218,0.0398
18157,Tippecanoe County,Indiana,IN,0.5087,2.5338231860091965e-06,0.818384223918575,0.8350866336633663,0.2977099237,0.6513994910941476,0.8564356435643564,0.5819925742574258,0.8378712871287128,0.8638613861386139,0.9576113861386139,0.6568688118811881,0.5767326732673267,0.3097153465346535,0.6695544554455446,0.0663
18159,Tipton County,Indiana,IN,0.0382,2.3001711339768173e-06,0.08874045801526717,0.21751237623762376,0.10623409669999999,0.839058524173028,0.26732673267326734,0.36386138613861385,0.4375,0.31157178217821785,0.2719678217821782,0.26021039603960394,0.5089727722772277,0.04084158415841584,0.0708539603960396,0.0037
18161,Union County,Indiana,IN,0.0897,2.3001711339768173e-06,0.05216284987277354,0.09900990099009899,0.10623409669999999,0.20642493638676845,0.7472153465346535,0.3313737623762376,0.3032178217821782,0.1478960396039604,0.18100247524752475,0.20235148514851486,0.30167079207920794,0.03125,0.08849009900990099,0.0169
18163,Vanderburgh County,Indiana,IN,0.5612,2.3614362108440567e-06,0.9131679389312976,0.9040841584158418,0.4850508906,0.8600508905852418,0.9597772277227723,0.5761138613861386,0.9600866336633663,0.9362623762376238,0.8641707920792079,0.9303836633663366,0.5408415841584159,0.3307549504950495,0.8044554455445545,0.0749
18165,Vermillion County,Indiana,IN,0.391,2.3001711339768173e-06,0.2344147582697201,0.24566831683168316,0.4968193384,0.7420483460559797,0.4381188118811881,0.47586633663366334,0.4118193069306931,0.40655940594059403,0.6209777227722773,0.4130569306930693,0.5968440594059405,0.09870049504950495,0.19306930693069307,0.0206
18167,Vigo County,Indiana,IN,0.7286,2.6719436446566688e-06,0.83206106870229,0.8230198019801979,0.5238549618,0.8994910941475827,0.9508044554455446,0.5727103960396039,0.8369430693069307,0.838180693069307,0.8511757425742574,0.7478341584158416,0.5801361386138614,0.28991336633663367,0.6191212871287128,0.0723
18169,Wabash County,Indiana,IN,0.147,2.487192750040655e-06,0.40966921119592875,0.43100247524752483,0.4739185751,0.9367048346055981,0.7224628712871287,0.4873143564356436,0.724319306930693,0.41676980198019803,0.6030321782178217,0.2775371287128713,0.7023514851485149,0.12128712871287128,0.3688118811881188,0.0185
18171,Warren County,Indiana,IN,0.0315,2.389777940150835e-06,0.05756997455470738,0.08941831683168316,0.1475826972,0.6125954198473281,0.23886138613861385,0.4344059405940594,0.2589727722772277,0.25866336633663367,0.442759900990099,0.2172029702970297,0.4087252475247525,0.05136138613861386,0.08477722772277228,0.0052
18173,Warrick County,Indiana,IN,0.0194,2.359323102555502e-06,0.6510814249363868,0.7172029702970297,0.1972010178,0.8683206106870229,0.8344678217821783,0.42574257425742573,0.7249381188118812,0.7667079207920792,0.39603960396039606,0.8041460396039604,0.49535891089108913,0.37314356435643564,0.43595297029702973,0.032
18175,Washington County,Indiana,IN,0.3382,2.332605357496822e-06,0.40935114503816794,0.44925742574257427,0.37468193380000003,0.36863867684478363,0.724319306930693,0.41336633663366334,0.7790841584158416,0.46720297029702973,0.4399752475247525,0.4251237623762376,0.5714727722772277,0.1318069306930693,0.37995049504950495,0.0342
18177,Wayne County,Indiana,IN,0.7515,2.3001711339768173e-06,0.7410941475826972,0.6723391089108911,0.7853053434999999,0.6991094147582697,0.9003712871287128,0.4662747524752475,0.9099628712871287,0.5133044554455446,0.6157178217821783,0.5878712871287128,0.27258663366336633,0.2286509900990099,0.6064356435643564,0.0654
18179,Wells County,Indiana,IN,0.0531,2.3990569660490974e-06,0.22837150127226466,0.3347772277227723,0.1777989822,0.8575063613231552,0.5210396039603961,0.4551361386138614,0.6017945544554455,0.4975247524752475,0.27103960396039606,0.25402227722772275,0.4130569306930693,0.07549504950495049,0.21287128712871287,0.008
18181,White County,Indiana,IN,0.2221,2.5424904838839637e-06,0.3851781170483461,0.4399752475247525,0.3444656489,0.8412849872773536,0.5866336633663366,0.5157797029702971,0.5383663366336634,0.4551361386138614,0.7258663366336634,0.22246287128712872,0.1686262376237624,0.09900990099009901,0.2589727722772277,0.0209
18183,Whitley County,Indiana,IN,0.0735,2.4197471560368966e-06,0.2458651399491094,0.3353960396039604,0.2242366412,0.8702290076335878,0.6033415841584159,0.4566831683168317,0.620049504950495,0.5482673267326733,0.3155940594059406,0.3217821782178218,0.655940594059406,0.12592821782178218,0.22060643564356436,0.0091
19001,Adair County,Iowa,IA,0.0554,1.723796981459054e-06,0.4949109414758271,0.4860767326732674,0.5562977098999999,0.6434478371501272,0.7215346534653465,0.36757425742574257,0.6339727722772277,0.6098391089108911,0.8842821782178217,0.4458539603960396,0.9470915841584159,0.35860148514851486,0.1265470297029703,0.023
19003,Adams County,Iowa,IA,0.091,0.03895684920188804,0.20356234096692108,0.2645420792079208,0.2808524173,0.5833333333333334,0.2988861386138614,0.32054455445544555,0.3972772277227723,0.5473391089108911,0.5758044554455446,0.24659653465346534,0.9576113861386139,0.3353960396039604,0.07735148514851485,0.0147
19005,Allamakee County,Iowa,IA,0.2164,2.3772024148368283e-06,0.3819974554707379,0.36633663366336633,0.558524173,0.40839694656488557,0.44925742574257427,0.34467821782178215,0.5686881188118812,0.45482673267326734,0.661200495049505,0.32271039603960394,0.5179455445544554,0.18966584158415842,0.2125618811881188,0.0267
19007,Appanoose County,Iowa,IA,0.4547,1.7308825972955803e-06,0.4118956743002545,0.3610767326732674,0.6997455471,0.6001908396946565,0.588180693069307,0.3254950495049505,0.7382425742574258,0.7063737623762376,0.5133044554455446,0.33879950495049505,0.9644183168316832,0.6061262376237624,0.4777227722772277,0.0326
19009,Audubon County,Iowa,IA,0.0611,2.3001711339768173e-06,0.38581424936386777,0.4043935643564357,0.48187022900000004,0.9080788804071248,0.5547648514851485,0.37035891089108913,0.6076732673267327,0.38923267326732675,0.6899752475247525,0.6472772277227723,0.9789603960396039,0.35179455445544555,0.09777227722772278,0.0142
19011,Benton County,Iowa,IA,0.007,2.3475749991214394e-06,0.2881679389312977,0.5241336633663366,0.10623409669999999,0.9268447837150129,0.7778465346534653,0.3459158415841584,0.4511138613861386,0.20544554455445543,0.2354579207920792,0.4910272277227723,0.8338490099009901,0.3811881188118812,0.1729579207920792,0.0101
19013,Black Hawk County,Iowa,IA,0.5667,0.017352288152200464,0.7659033078880406,0.8066212871287128,0.2340966921,0.9456106870229009,0.9483292079207921,0.3849009900990099,0.9161509900990099,0.46782178217821785,0.6856435643564357,0.7066831683168316,0.9675123762376238,0.38613861386138615,0.5606435643564357,0.0623
19015,Boone County,Iowa,IA,0.0255,2.3617961586648262e-06,0.28403307888040713,0.5405321782178217,0.10623409669999999,0.9643765903307887,0.3910891089108911,0.3276608910891089,0.5838490099009901,0.11014851485148515,0.4368811881188119,0.41955445544554454,0.9517326732673267,0.18224009900990099,0.15532178217821782,0.0108
19017,Bremer County,Iowa,IA,0.021,2.32343838858206e-06,0.2455470737913486,0.5129950495049505,0.10623409669999999,0.9802798982188295,0.5154702970297029,0.3208539603960396,0.5358910891089109,0.21349009900990099,0.3771658415841584,0.31435643564356436,0.8654084158415841,0.24969059405940594,0.10643564356435643,0.009
19019,Buchanan County,Iowa,IA,0.0655,2.277225603334257e-06,0.2404580152671756,0.4563737623762376,0.10623409669999999,0.8772264631043256,0.49566831683168316,0.3502475247524752,0.3917079207920792,0.27413366336633666,0.31064356435643564,0.297029702970297,0.8162128712871287,0.09715346534653466,0.17202970297029702,0.0101
19021,Buena Vista County,Iowa,IA,0.6258,1.5599841093445374e-06,0.39281170483460565,0.4232673267326732,0.4064885496,0.5324427480916031,0.6361386138613861,0.1551670792079208,0.7465965346534653,0.28991336633663367,0.6274752475247525,0.5377475247524752,0.7527846534653465,0.20111386138613863,0.2141089108910891,0.0399
19023,Butler County,Iowa,IA,0.0325,2.3416921370976474e-06,0.2709923664122138,0.4962871287128713,0.10623409669999999,0.8940839694656488,0.551980198019802,0.33261138613861385,0.4969059405940594,0.15996287128712872,0.47215346534653463,0.2592821782178218,0.8886138613861386,0.2453589108910891,0.09467821782178218,0.0103
19025,Calhoun County,Iowa,IA,0.092,2.212756945044446e-06,0.44561068702290074,0.4619430693069307,0.4850508906,0.8762722646310432,0.661509900990099,0.36726485148514854,0.7435024752475248,0.2073019801980198,0.6141707920792079,0.5037128712871287,0.9715346534653465,0.10983910891089109,0.2233910891089109,0.0189
19027,Carroll County,Iowa,IA,0.0815,2.3412906563591313e-06,0.5760178117048346,0.6466584158415841,0.22964376590000002,0.9472010178117048,0.8412747524752475,0.4025371287128713,0.8586014851485149,0.2332920792079208,0.6033415841584159,0.6711014851485149,0.9483292079207921,0.30476485148514854,0.24040841584158415,0.0279
19029,Cass County,Iowa,IA,0.2144,2.3001711339768173e-06,0.6005089058524173,0.5420792079207921,0.7496819338,0.8136132315521628,0.619430693069307,0.3886138613861386,0.7642326732673267,0.7286509900990099,0.8722153465346535,0.5949876237623762,0.9771039603960396,0.421720297029703,0.19801980198019803,0.0333
19031,Cedar County,Iowa,IA,0.0089,1.7717575768991886e-06,0.21501272264631044,0.43842821782178215,0.10623409669999999,0.9106234096692113,0.7261757425742574,0.3344678217821782,0.4712252475247525,0.4464727722772277,0.2722772277227723,0.4938118811881188,0.8084777227722773,0.33632425742574257,0.22524752475247525,0.0069
19033,Cerro Gordo County,Iowa,IA,0.1343,2.4032341949008618e-06,0.6959287531806616,0.7026608910891089,0.4634223919,0.922709923664122,0.7088490099009901,0.34375,0.8963490099009901,0.2286509900990099,0.7515470297029703,0.4619430693069307,0.9767945544554455,0.286509900990099,0.23143564356435645,0.0385
19035,Cherokee County,Iowa,IA,0.1546,0.04347464237883991,0.3412849872773537,0.37840346534653463,0.4268447837,0.8177480916030534,0.5402227722772277,0.1551670792079208,0.6181930693069307,0.30445544554455445,0.5089727722772277,0.5129950495049505,0.8087871287128713,0.2651608910891089,0.28001237623762376,0.0196
19037,Chickasaw County,Iowa,IA,0.0433,2.3001711339768173e-06,0.31743002544529264,0.3879950495049505,0.3174300254,0.8431933842239185,0.536509900990099,0.34839108910891087,0.6036509900990099,0.24907178217821782,0.4433787128712871,0.3087871287128713,0.8725247524752475,0.21751237623762376,0.16584158415841585,0.0112
19039,Clarke County,Iowa,IA,0.8107,2.1578489998065082e-06,0.18384223918575063,0.34900990099009893,0.10623409669999999,0.6033715012722646,0.36757425742574257,0.3162128712871287,0.46101485148514854,0.5597153465346535,0.6073638613861386,0.390779702970297,0.9279084158415841,0.43595297029702973,0.12066831683168316,0.0374
19041,Clay County,Iowa,IA,0.1826,2.3001711339768173e-06,0.3638676844783715,0.5516707920792079,0.10623409669999999,0.7197837150127226,0.34498762376237624,0.1551670792079208,0.5504331683168316,0.1967821782178218,0.4436881188118812,0.4375,0.6277846534653465,0.3155940594059406,0.13768564356435645,0.0215
19043,Clayton County,Iowa,IA,0.2752,0.0006047258391922712,0.42207379134860046,0.49566831683168316,0.2763994911,0.6370865139949109,0.43285891089108913,0.3688118811881188,0.5522896039603961,0.4474009900990099,0.5590965346534653,0.2716584158415842,0.6531559405940595,0.14727722772277227,0.20977722772277227,0.0277
19045,Clinton County,Iowa,IA,0.3446,2.2429439357232937e-06,0.6482188295165394,0.682549504950495,0.34637404580000003,0.8746819338422391,0.9365717821782178,0.3623143564356436,0.7961014851485149,0.5590965346534653,0.6698638613861386,0.7181311881188119,0.9260519801980198,0.5142326732673267,0.5334158415841584,0.0428
19047,Crawford County,Iowa,IA,0.7563,2.1575215837645334e-06,0.6084605597964376,0.6593440594059404,0.2814885496,0.23346055979643765,0.666769801980198,0.1551670792079208,0.8285891089108911,0.33261138613861385,0.6729579207920792,0.6652227722772277,0.9842202970297029,0.47679455445544555,0.28898514851485146,0.0667
19049,Dallas County,Iowa,IA,0.0515,2.3001711339768173e-06,0.6059160305343512,0.7967202970297029,0.10623409669999999,0.9805979643765904,0.6803836633663366,0.35148514851485146,0.8511757425742574,0.7558787128712872,0.5974628712871287,0.7076113861386139,0.9362623762376238,0.42264851485148514,0.5228960396039604,0.0315
19051,Davis County,Iowa,IA,0.4585,2.3001711339768173e-06,0.503498727735369,0.39851485148514854,0.8075699745999999,0.07792620865139947,0.6497524752475248,0.36107673267326734,0.6958539603960396,0.7657797029702971,0.3808787128712871,0.40191831683168316,0.9870049504950495,0.6949257425742574,0.5891089108910891,0.051
19053,Decatur County,Iowa,IA,0.524,2.0724557193043225e-06,0.23600508905852416,0.25711633663366334,0.43002544530000003,0.4106234096692112,0.4291460396039604,0.32116336633663367,0.4972153465346535,0.6494430693069307,0.5634282178217822,0.28217821782178215,0.9436881188118812,0.5340346534653465,0.19028465346534654,0.0315
19055,Delaware County,Iowa,IA,0.0248,2.141604109885287e-06,0.4974554707379134,0.5504331683168318,0.32569974549999997,0.9071246819338422,0.708230198019802,0.40222772277227725,0.5959158415841584,0.36417079207920794,0.5612623762376238,0.3378712871287129,0.8149752475247525,0.14820544554455445,0.30074257425742573,0.0202
19057,Des Moines County,Iowa,IA,0.4174,2.202067365542205e-06,0.5578880407124682,0.594059405940594,0.3444656489,0.8924936386768448,0.854269801980198,0.3722153465346535,0.7023514851485149,0.8400371287128713,0.3833539603960396,0.6936881188118812,0.8539603960396039,0.44492574257425743,0.6732673267326733,0.0384
19059,Dickinson County,Iowa,IA,0.055,2.2314984960725884e-06,0.36323155216284997,0.49381188118811875,0.1494910941,0.8692748091603053,0.359529702970297,0.1551670792079208,0.6500618811881188,0.34034653465346537,0.5414603960396039,0.7218440594059405,0.44554455445544555,0.5547648514851485,0.16120049504950495,0.0145
19061,Dubuque County,Iowa,IA,0.2281,2.3458193004123794e-06,0.6358142493638677,0.8063118811881188,0.10623409669999999,0.9694656488549616,0.7824876237623762,0.34034653465346537,0.8446782178217822,0.6240717821782178,0.7843440594059405,0.5225866336633663,0.692450495049505,0.24907178217821782,0.3666460396039604,0.0399
19063,Emmet County,Iowa,IA,0.2494,2.3001711339768173e-06,0.42748091603053434,0.4829826732673268,0.33555979639999994,0.6714376590330788,0.30847772277227725,0.1551670792079208,0.4474009900990099,0.2753712871287129,0.8654084158415841,0.41336633663366334,0.968440594059406,0.2589727722772277,0.4025371287128713,0.0263
19065,Fayette County,Iowa,IA,0.2179,2.3001711339768173e-06,0.5089058524173028,0.5021658415841584,0.5540712468,0.7382315521628499,0.7660891089108911,0.3870668316831683,0.7230816831683168,0.4251237623762376,0.5807549504950495,0.3839727722772277,0.8666460396039604,0.16800742574257427,0.2385519801980198,0.0285
19067,Floyd County,Iowa,IA,0.1196,2.390217099079697e-06,0.4774173027989822,0.49659653465346537,0.4602417303,0.8314249363867683,0.3657178217821782,0.34808168316831684,0.6887376237623762,0.2376237623762376,0.5210396039603961,0.3307549504950495,0.9402846534653465,0.30785891089108913,0.18162128712871287,0.0223
19069,Franklin County,Iowa,IA,0.2132,2.0574719196101527e-06,0.21946564885496184,0.38490099009900985,0.10623409669999999,0.5168575063613231,0.3409653465346535,0.34405940594059403,0.5163985148514851,0.11602722772277228,0.5488861386138614,0.3224009900990099,0.9585396039603961,0.08663366336633663,0.08663366336633663,0.0188
19071,Fremont County,Iowa,IA,0.0146,2.282552100936268e-06,0.14980916030534353,0.20266089108910898,0.2490458015,0.47900763358778625,0.28094059405940597,0.1551670792079208,0.4715346534653465,0.5352722772277227,0.32951732673267325,0.37097772277227725,0.8038366336633663,0.38551980198019803,0.13830445544554457,0.0091
19073,Greene County,Iowa,IA,0.1664,2.1039635971075927e-06,0.31774809160305345,0.4279084158415841,0.2022900763,0.951653944020356,0.40810643564356436,0.3533415841584158,0.6646039603960396,0.1875,0.666769801980198,0.43657178217821785,0.9696782178217822,0.12747524752475248,0.11540841584158416,0.0155
19075,Grundy County,Iowa,IA,0.0029,0.05853508895934806,0.1313613231552163,0.3292079207920792,0.10623409669999999,0.9465648854961831,0.4316212871287129,0.32735148514851486,0.3654084158415842,0.12716584158415842,0.3220915841584158,0.27042079207920794,0.8954207920792079,0.10550742574257425,0.06064356435643564,0.0081
19077,Guthrie County,Iowa,IA,0.0178,2.2803339331606467e-06,0.2652671755725191,0.47896039603960405,0.10623409669999999,0.8584605597964376,0.4433787128712871,0.33292079207920794,0.650990099009901,0.3251856435643564,0.3353960396039604,0.3972772277227723,0.9508044554455446,0.40748762376237624,0.09870049504950495,0.0095
19079,Hamilton County,Iowa,IA,0.1289,1.7736255385958662e-06,0.4290712468193384,0.5167079207920792,0.2242366412,0.7146946564885497,0.6967821782178217,0.39820544554455445,0.6574876237623762,0.1395420792079208,0.5959158415841584,0.4350247524752475,0.963799504950495,0.15841584158415842,0.19771039603960397,0.0219
19081,Hancock County,Iowa,IA,0.0713,0.0454325581210345,0.2878498727735369,0.3948019801980198,0.1972010178,0.8056615776081425,0.390470297029703,0.1551670792079208,0.5185643564356436,0.1234529702970297,0.6735767326732673,0.30228960396039606,0.9545173267326733,0.09127475247524752,0.19275990099009901,0.0152
19083,Hardin County,Iowa,IA,0.1514,2.2242659957526523e-06,0.583969465648855,0.6141707920792079,0.3829516539,0.8053435114503816,0.7001856435643564,0.39913366336633666,0.729269801980198,0.1438737623762376,0.5618811881188119,0.45142326732673266,0.9653465346534653,0.4068688118811881,0.12252475247524752,0.0313
19085,Harrison County,Iowa,IA,0.0388,2.3001711339768173e-06,0.3129770992366413,0.3465346534653465,0.4421119593,0.693384223918575,0.5708539603960396,0.1551670792079208,0.6116955445544554,0.22308168316831684,0.3100247524752475,0.5699257425742574,0.8678836633663366,0.6089108910891089,0.18719059405940594,0.012
19087,Henry County,Iowa,IA,0.2001,2.3001711339768173e-06,0.30852417302798985,0.33756188118811875,0.4634223919,0.8686386768447837,0.8060024752475248,0.3780940594059406,0.4993811881188119,0.8165222772277227,0.32580445544554454,0.4474009900990099,0.7889851485148515,0.4935024752475248,0.6444925742574258,0.0157
19089,Howard County,Iowa,IA,0.0846,2.3001711339768173e-06,0.15585241730279895,0.31714108910891087,0.10623409669999999,0.7506361323155215,0.48978960396039606,0.3292079207920792,0.422029702970297,0.19771039603960397,0.29146039603960394,0.2676361386138614,0.7892945544554455,0.11726485148514851,0.2354579207920792,0.0082
19091,Humboldt County,Iowa,IA,0.1941,1.9538688265730333e-06,0.24077608142493642,0.3412747524752475,0.1933842239,0.7398218829516542,0.3558168316831683,0.32332920792079206,0.4693688118811881,0.12685643564356436,0.5754950495049505,0.3400371287128713,0.9542079207920792,0.07642326732673267,0.15253712871287128,0.0146
19093,Ida County,Iowa,IA,0.0445,2.3001711339768173e-06,0.18352417302798985,0.23267326732673269,0.3298346056,0.939885496183206,0.3691212871287129,0.1551670792079208,0.6021039603960396,0.27011138613861385,0.38675742574257427,0.4306930693069307,0.7858910891089109,0.2233910891089109,0.28867574257425743,0.0051
19095,Iowa County,Iowa,IA,0.0484,2.3001711339768173e-06,0.2824427480916031,0.3932549504950495,0.1940203562,0.9408396946564885,0.8217821782178217,0.33910891089108913,0.6098391089108911,0.5154702970297029,0.2676361386138614,0.484220297029703,0.7586633663366337,0.6219059405940595,0.19337871287128713,0.0096
19097,Jackson County,Iowa,IA,0.078,2.4762426330854145e-06,0.3606870229007634,0.484220297029703,0.159351145,0.7547709923664122,0.7150371287128713,0.338490099009901,0.5600247524752475,0.37995049504950495,0.5829207920792079,0.4037747524752475,0.7905321782178217,0.37469059405940597,0.18811881188118812,0.0162
19099,Jasper County,Iowa,IA,0.2078,2.3001711339768173e-06,0.43670483460559795,0.5293935643564357,0.21851145039999997,0.8918575063613232,0.8032178217821783,0.349009900990099,0.7110148514851485,0.5194925742574258,0.3400371287128713,0.5736386138613861,0.9594678217821783,0.5436262376237624,0.33353960396039606,0.0236
19101,Jefferson County,Iowa,IA,0.6774,2.3001711339768173e-06,0.270674300254453,0.24412128712871287,0.6230916031,0.5012722646310432,0.6095297029702971,0.35550742574257427,0.5538366336633663,0.8025990099009901,0.26485148514851486,0.43564356435643564,0.8279702970297029,0.5590965346534653,0.6847153465346535,0.036
19103,Johnson County,Iowa,IA,0.3863,2.3001711339768173e-06,0.8743638676844785,0.9037747524752477,0.1138676845,0.9669211195928752,0.989480198019802,0.359220297029703,0.9823638613861386,0.8796410891089109,0.9056311881188119,0.7744430693069307,0.8227103960396039,0.6534653465346535,0.7515470297029703,0.0649
19105,Jones County,Iowa,IA,0.1082,2.402879508456832e-06,0.32665394402035625,0.5303217821782177,0.10623409669999999,0.789440203562341,0.7441212871287128,0.32580445544554454,0.5228960396039604,0.2719678217821782,0.3681930693069307,0.3620049504950495,0.7704207920792079,0.2933168316831683,0.18038366336633663,0.0162
19107,Keokuk County,Iowa,IA,0.0633,2.3001711339768173e-06,0.21851145038167938,0.3056930693069307,0.215648855,0.813295165394402,0.6732673267326733,0.33570544554455445,0.43842821782178215,0.5377475247524752,0.26175742574257427,0.32363861386138615,0.8106435643564357,0.4588490099009901,0.2995049504950495,0.0081
19109,Kossuth County,Iowa,IA,0.203,2.3065716201321046e-06,0.32251908396946566,0.5222772277227723,0.10623409669999999,0.7563613231552163,0.38613861386138615,0.1551670792079208,0.6219059405940595,0.1342821782178218,0.7156559405940595,0.4031559405940594,0.9405940594059405,0.15655940594059406,0.3613861386138614,0.0198
19111,Lee County,Iowa,IA,0.2631,2.432224758308265e-06,0.6294529262086515,0.645111386138614,0.4328880407,0.847328244274809,0.807549504950495,0.3910891089108911,0.7113242574257426,0.8545792079207921,0.3756188118811881,0.588490099009901,0.8335396039603961,0.5012376237623762,0.6287128712871287,0.0382
19113,Linn County,Iowa,IA,0.1944,2.3529925837093965e-06,0.8670483460559797,0.8876856435643564,0.1542620865,0.9869592875318066,0.9848391089108911,0.37933168316831684,0.9560643564356436,0.7029702970297029,0.843440594059406,0.8691212871287128,0.879950495049505,0.484529702970297,0.8555074257425742,0.057
19115,Louisa County,Iowa,IA,0.2676,2.3001711339768173e-06,0.17461832061068702,0.2843440594059406,0.1361323155,0.5817430025445293,0.7793935643564357,0.3462252475247525,0.3598391089108911,0.5392945544554455,0.22431930693069307,0.5284653465346535,0.7790841584158416,0.369740099009901,0.31992574257425743,0.0174
19117,Lucas County,Iowa,IA,0.3458,0.0,0.2967557251908397,0.2599009900990099,0.6905216285,0.8126590330788804,0.5278465346534653,0.31745049504950495,0.5844678217821783,0.5659034653465347,0.5909653465346535,0.3323019801980198,0.9452351485148515,0.5581683168316832,0.1745049504950495,0.0203
19119,Lyon County,Iowa,IA,0.0286,2.3987711734776314e-06,0.19179389312977102,0.38613861386138615,0.10623409669999999,0.7935750636132317,0.20823019801980197,0.1551670792079208,0.474009900990099,0.3245668316831683,0.4337871287128713,0.7020420792079208,0.7280321782178217,0.3032178217821782,0.11695544554455446,0.0073
19121,Madison County,Iowa,IA,0.0035,3.324069104324425e-06,0.3552798982188295,0.36138613861386143,0.5467557252,0.8867684478371501,0.6577970297029703,0.3220915841584158,0.5615717821782178,0.5349628712871287,0.4665841584158416,0.5909653465346535,0.9514232673267327,0.6101485148514851,0.3010519801980198,0.0105
19123,Mahaska County,Iowa,IA,0.1575,2.3001711339768173e-06,0.2973918575063613,0.39139851485148514,0.2299618321,0.7891221374045801,0.7017326732673267,0.3409653465346535,0.5587871287128713,0.5652846534653465,0.3650990099009901,0.4848391089108911,0.84375,0.43935643564356436,0.36788366336633666,0.0151
19125,Marion County,Iowa,IA,0.099,1.844740304631828e-06,0.3435114503816794,0.48886138613861385,0.1339058524,0.9681933842239183,0.4876237623762376,0.3183787128712871,0.6862623762376238,0.6290222772277227,0.2744430693069307,0.4659653465346535,0.8879950495049505,0.5191831683168316,0.36076732673267325,0.0148
19127,Marshall County,Iowa,IA,0.6799,0.0768841263908939,0.6246819338422392,0.6469678217821783,0.39917302800000004,0.6339058524173028,0.8638613861386139,0.3712871287128713,0.8313737623762376,0.1333539603960396,0.4275990099009901,0.536509900990099,0.979269801980198,0.6311881188118812,0.28279702970297027,0.0617
19129,Mills County,Iowa,IA,0.0811,2.388166477525915e-06,0.18479643765903309,0.3734529702970298,0.10623409669999999,0.8082061068702289,0.3650990099009901,0.1551670792079208,0.5714727722772277,0.4223391089108911,0.30507425742574257,0.44801980198019803,0.6624381188118812,0.536819306930693,0.16058168316831684,0.0087
19131,Mitchell County,Iowa,IA,0.085,2.3001711339768173e-06,0.3769083969465649,0.4916460396039604,0.1746183206,0.8594147582697201,0.9675123762376238,0.1551670792079208,0.4910272277227723,0.1921410891089109,0.33910891089108913,0.2682549504950495,0.9056311881188119,0.14139851485148514,0.13242574257425743,0.0162
19133,Monona County,Iowa,IA,0.0951,2.3001711339768173e-06,0.25095419847328243,0.2957920792079208,0.3676844784,0.82029262086514,0.40625,0.1551670792079208,0.5909653465346535,0.34189356435643564,0.3536509900990099,0.4724628712871287,0.8963490099009901,0.6448019801980198,0.1417079207920792,0.01
19135,Monroe County,Iowa,IA,0.1203,2.3001711339768173e-06,0.1030534351145038,0.22122524752475248,0.10623409669999999,0.5693384223918575,0.31064356435643564,0.3125,0.4155321782178218,0.44492574257425743,0.28836633663366334,0.2524752475247525,0.9047029702970297,0.41646039603960394,0.1775990099009901,0.0105
19137,Montgomery County,Iowa,IA,0.1432,2.4542336956968397e-06,0.3368320610687023,0.39603960396039595,0.3422391858,0.7201017811704835,0.4254331683168317,0.1551670792079208,0.6265470297029703,0.7088490099009901,0.6516089108910891,0.4118193069306931,0.8316831683168316,0.36726485148514854,0.15625,0.0169
19139,Muscatine County,Iowa,IA,0.4792,2.3561938836931892e-06,0.5776081424936388,0.6107673267326733,0.3676844784,0.8603689567430025,0.9186262376237624,0.35396039603960394,0.562190594059406,0.7738242574257426,0.43007425742574257,0.7493811881188119,0.806930693069307,0.619740099009901,0.7295792079207921,0.0422
19141,O'Brien County,Iowa,IA,0.3681,0.06657836136164984,0.16412213740458015,0.3929455445544555,0.10623409669999999,0.9631043256997457,0.3155940594059406,0.1551670792079208,0.5012376237623762,0.2385519801980198,0.4873143564356436,0.46751237623762376,0.6800742574257426,0.15037128712871287,0.2079207920792079,0.0232
19143,Osceola County,Iowa,IA,0.251,2.3001711339768173e-06,0.14853689567430026,0.1494430693069307,0.5124045802,0.6752544529262088,0.31126237623762376,0.1551670792079208,0.44214108910891087,0.29207920792079206,0.5204207920792079,0.4931930693069307,0.6045792079207921,0.15253712871287128,0.16986386138613863,0.0138
19145,Page County,Iowa,IA,0.3878,0.12448656364282071,0.4020356234096692,0.4254331683168317,0.4519720102,0.8158396946564885,0.5145420792079208,0.1551670792079208,0.7045173267326733,0.8620049504950495,0.6816212871287128,0.4535891089108911,0.8601485148514851,0.36386138613861385,0.32425742574257427,0.0376
19147,Palo Alto County,Iowa,IA,0.1422,2.3803232551470336e-06,0.15458015267175573,0.33849009900990107,0.10623409669999999,0.8648218829516542,0.24752475247524752,0.1551670792079208,0.40439356435643564,0.13304455445544555,0.6330445544554455,0.30909653465346537,0.8344678217821783,0.13397277227722773,0.6030321782178217,0.0094
19149,Plymouth County,Iowa,IA,0.0624,2.328182508835003e-06,0.4920483460559797,0.5590965346534653,0.26176844779999997,0.8909033078880406,0.44492574257425743,0.1551670792079208,0.7797029702970297,0.4381188118811881,0.5355816831683168,0.724319306930693,0.905940594059406,0.713180693069307,0.38923267326732675,0.0215
19151,Pocahontas County,Iowa,IA,0.1476,2.3001711339768173e-06,0.330470737913486,0.40037128712871284,0.3094783715,0.686704834605598,0.37530940594059403,0.1551670792079208,0.5102103960396039,0.1639851485148515,0.5662128712871287,0.38582920792079206,0.9826732673267327,0.06837871287128713,0.26021039603960394,0.0173
19153,Polk County,Iowa,IA,0.4477,2.3461612256335492e-06,0.9198473282442748,0.9356435643564357,0.1698473282,0.9118956743002543,0.9922648514851485,0.4622524752475248,0.9817450495049505,0.9681311881188119,0.9152227722772277,0.9232673267326733,0.9498762376237624,0.588490099009901,0.786509900990099,0.0718
19155,Pottawattamie County,Iowa,IA,0.4944,2.3001711339768173e-06,0.8043893129770991,0.8353960396039604,0.21851145039999997,0.6917938931297711,0.9538985148514851,0.1551670792079208,0.9535891089108911,0.8431311881188119,0.7951732673267327,0.8242574257425742,0.8978960396039604,0.6810024752475248,0.7329826732673267,0.0641
19157,Poweshiek County,Iowa,IA,0.2348,2.0141562508879116e-06,0.3126590330788804,0.41646039603960405,0.21374045800000002,0.8486005089058524,0.7951732673267327,0.34529702970297027,0.6086014851485149,0.505259900990099,0.41120049504950495,0.46689356435643564,0.9538985148514851,0.4752475247524752,0.22153465346534654,0.0182
19159,Ringgold County,Iowa,IA,0.2176,1.3893094752868383e-06,0.14153944020356238,0.2698019801980199,0.10623409669999999,0.4758269720101781,0.4501856435643564,0.3155940594059406,0.3338490099009901,0.6454207920792079,0.4405940594059406,0.2264851485148515,0.9396658415841584,0.3431311881188119,0.07611386138613861,0.0169
19161,Sac County,Iowa,IA,0.0614,2.3001711339768173e-06,0.2729007633587786,0.49969059405940597,0.10623409669999999,0.902671755725191,0.3103341584158416,0.1551670792079208,0.6110767326732673,0.19275990099009901,0.47339108910891087,0.5977722772277227,0.9223391089108911,0.12221534653465346,0.1608910891089109,0.0114
19163,Scott County,Iowa,IA,0.3252,2.338686774406823e-06,0.8489185750636132,0.8725247524752475,0.19147582700000002,0.9592875318066157,0.9653465346534653,0.3873762376237624,0.8335396039603961,0.8737623762376238,0.8125,0.8629331683168316,0.8378712871287128,0.5352722772277227,0.8397277227722773,0.06
19165,Shelby County,Iowa,IA,0.029,2.3001711339768173e-06,0.227735368956743,0.44492574257425743,0.10623409669999999,0.8737277353689568,0.4375,0.1551670792079208,0.6423267326732673,0.38521039603960394,0.5550742574257426,0.4526608910891089,0.7939356435643564,0.23236386138613863,0.1135519801980198,0.0083
19167,Sioux County,Iowa,IA,0.1311,2.3001711339768173e-06,0.523854961832061,0.7227722772277229,0.10623409669999999,0.9513358778625954,0.5046410891089109,0.1551670792079208,0.7991955445544554,0.4285272277227723,0.619740099009901,0.7385519801980198,0.7224628712871287,0.4130569306930693,0.3180693069306931,0.0282
19169,Story County,Iowa,IA,0.2364,0.03844763460290487,0.688295165394402,0.7738242574257426,0.1294529262,0.8680025445292621,0.7069925742574258,0.36478960396039606,0.9158415841584159,0.16181930693069307,0.37035891089108913,0.6676980198019802,0.9650371287128713,0.3224009900990099,0.5764232673267327,0.0465
19171,Tama County,Iowa,IA,0.4384,2.3001711339768173e-06,0.4532442748091603,0.443069306930693,0.5718829517,0.6510814249363868,0.8613861386138614,0.3833539603960396,0.5857054455445545,0.24443069306930693,0.5232054455445545,0.45451732673267325,0.9733910891089109,0.6642945544554455,0.13892326732673269,0.0341
19173,Taylor County,Iowa,IA,0.1292,2.110408288416405e-06,0.3848600508905852,0.34715346534653463,0.6498091603,0.40903307888040713,0.43564356435643564,0.33508663366336633,0.5550742574257426,0.8217821782178217,0.619430693069307,0.30785891089108913,0.974319306930693,0.38273514851485146,0.2119430693069307,0.0235
19175,Union County,Iowa,IA,0.3767,2.327179011146976e-06,0.4952290076335878,0.4393564356435643,0.7417302799,0.768765903307888,0.5535272277227723,0.3400371287128713,0.5826113861386139,0.8335396039603961,0.849009900990099,0.41367574257425743,0.9548267326732673,0.5120668316831684,0.21627475247524752,0.0323
19177,Van Buren County,Iowa,IA,0.3608,2.423421183352835e-06,0.3361959287531807,0.28125,0.7134223919,0.39090330788804073,0.5683787128712872,0.3582920792079208,0.5590965346534653,0.7518564356435643,0.21658415841584158,0.23731435643564355,0.8270420792079208,0.5346534653465347,0.817759900990099,0.0296
19179,Wapello County,Iowa,IA,0.7852,0.33275888807935267,0.6533078880407125,0.6642945544554455,0.4328880407,0.7016539440203562,0.7475247524752475,0.3341584158415842,0.8227103960396039,0.7602103960396039,0.33353960396039606,0.48948019801980197,0.9727722772277227,0.6268564356435643,0.5380569306930693,0.0871
19181,Warren County,Iowa,IA,0.0741,1.9896501139688697e-06,0.36100508905852424,0.5816831683168318,0.10623409669999999,0.9131679389312976,0.5625,0.3149752475247525,0.6680074257425742,0.6673886138613861,0.4907178217821782,0.5482673267326733,0.9195544554455446,0.6051980198019802,0.6160272277227723,0.0162
19183,Washington County,Iowa,IA,0.1397,2.3001711339768173e-06,0.4417938931297709,0.4783415841584159,0.41698473280000004,0.9029898218829517,0.911819306930693,0.40717821782178215,0.5813737623762376,0.6596534653465347,0.4724628712871287,0.5074257425742574,0.7957920792079208,0.5612623762376238,0.49969059405940597,0.0205
19185,Wayne County,Iowa,IA,0.4168,2.3001711339768173e-06,0.22010178117048343,0.17048267326732675,0.7391857505999999,0.46151399491094147,0.41738861386138615,0.32425742574257427,0.5640470297029703,0.5445544554455446,0.4603960396039604,0.42326732673267325,0.9495668316831684,0.4470915841584158,0.1364480198019802,0.0254
19187,Webster County,Iowa,IA,0.3439,2.2520451152125706e-06,0.5998727735368957,0.6732673267326733,0.2146946565,0.8317430025445293,0.6169554455445545,0.3551980198019802,0.9229579207920792,0.1676980198019802,0.3573638613861386,0.5742574257425742,0.9607054455445545,0.21349009900990099,0.32271039603960394,0.04
19189,Winnebago County,Iowa,IA,0.1403,2.4542336956968397e-06,0.306615776081425,0.33261138613861385,0.4570610687,0.8326972010178118,0.43595297029702973,0.1551670792079208,0.47308168316831684,0.14047029702970298,0.6639851485148515,0.28248762376237624,0.9616336633663366,0.15965346534653466,0.2370049504950495,0.0137
19191,Winneshiek County,Iowa,IA,0.0522,2.366095022025004e-06,0.3619592875318066,0.510519801980198,0.12181933839999999,0.9157124681933843,0.28217821782178215,0.3474628712871287,0.6188118811881188,0.37004950495049505,0.5597153465346535,0.3459158415841584,0.7623762376237624,0.24566831683168316,0.2218440594059406,0.0143
19193,Woodbury County,Iowa,IA,0.7197,2.3001711339768173e-06,0.8326972010178118,0.8400371287128714,0.3937659033,0.8775445292620865,0.8452970297029703,0.1551670792079208,0.9662747524752475,0.8378712871287128,0.8743811881188119,0.8660272277227723,0.9074876237623762,0.8771658415841584,0.5297029702970297,0.0726
19195,Worth County,Iowa,IA,0.0232,2.4542336956968397e-06,0.09860050890585242,0.22370049504950498,0.10623409669999999,0.6851145038167938,0.2843440594059406,0.1551670792079208,0.3774752475247525,0.1280940594059406,0.39913366336633666,0.20327970297029702,0.8960396039603961,0.05816831683168317,0.05693069306930693,0.0051
19197,Wright County,Iowa,IA,0.3971,2.3511770292669548e-06,0.4150763358778626,0.4535891089108911,0.39790076339999997,0.7713104325699746,0.484529702970297,0.3818069306930693,0.5563118811881188,0.13768564356435645,0.6417079207920792,0.3743811881188119,0.9795792079207921,0.09808168316831684,0.2583539603960396,0.0293
20001,Allen County,Kansas,KS,0.5854,1.7557611186032177e-06,0.15267175572519084,0.25340346534653463,0.1361323155,0.5868320610687023,0.4693688118811881,0.38273514851485146,0.37035891089108913,0.5606435643564357,0.32735148514851486,0.6064356435643564,0.5711633663366337,0.24474009900990099,0.5018564356435643,0.028
20003,Anderson County,Kansas,KS,0.4085,2.1190577228888348e-06,0.178117048346056,0.1333539603960396,0.7643129770999999,0.45960559796437667,0.5785891089108911,0.1551670792079208,0.42326732673267325,0.5488861386138614,0.4118193069306931,0.7286509900990099,0.7667079207920792,0.3886138613861386,0.6076732673267327,0.0239
20005,Atchison County,Kansas,KS,0.4728,1.9249741504800324e-06,0.15966921119592875,0.32611386138613857,0.10623409669999999,0.7732188295165394,0.39232673267326734,0.1551670792079208,0.5083539603960396,0.5430074257425742,0.2592821782178218,0.6404702970297029,0.6157178217821783,0.7348391089108911,0.3657178217821782,0.0221
20007,Barber County,Kansas,KS,0.5107,1.980295512927884e-06,0.4033078880407125,0.484529702970297,0.24491094149999998,0.5553435114503816,0.3307549504950495,0.39882425742574257,0.44925742574257427,0.26392326732673266,0.8514851485148515,0.5600247524752475,0.9313118811881188,0.9248143564356436,0.1670792079207921,0.0366
20009,Barton County,Kansas,KS,0.7006,3.0560644941802368e-06,0.6030534351145038,0.573019801980198,0.6036895674,0.7045165394402035,0.9087252475247525,0.1551670792079208,0.870049504950495,0.692450495049505,0.676980198019802,0.8991336633663366,0.4931930693069307,0.7478341584158416,0.48948019801980197,0.0527
20011,Bourbon County,Kansas,KS,0.5126,2.3001711339768173e-06,0.35655216284987273,0.359529702970297,0.5270356234,0.5807888040712468,0.6070544554455446,0.43409653465346537,0.45235148514851486,0.6500618811881188,0.4801980198019802,0.7636138613861386,0.7722772277227723,0.463490099009901,0.4885519801980198,0.0327
20013,Brown County,Kansas,KS,0.1893,0.00036620546788833006,0.1533078880407125,0.22896039603960397,0.2022900763,0.8225190839694656,0.2936262376237624,0.1551670792079208,0.5618811881188119,0.5798267326732673,0.23081683168316833,0.5761138613861386,0.745049504950495,0.7218440594059405,0.23236386138613863,0.0104
20015,Butler County,Kansas,KS,0.1295,0.019213866876629345,0.7439567430025447,0.8087871287128714,0.1361323155,0.6727099236641222,0.8530321782178217,0.47926980198019803,0.9043935643564357,0.8456064356435643,0.7518564356435643,0.8446782178217822,0.5649752475247525,0.9576113861386139,0.6593440594059405,0.0478
20017,Chase County,Kansas,KS,0.2358,0.09996732942263961,0.0935114503816794,0.13459158415841585,0.2442748092,0.4287531806615776,0.3087871287128713,0.1551670792079208,0.32580445544554454,0.24876237623762376,0.13056930693069307,0.5974628712871287,0.39201732673267325,0.8090965346534653,0.36757425742574257,0.0249
20019,Chautauqua County,Kansas,KS,0.5781,2.0498777034501296e-06,0.12118320610687022,0.12871287128712872,0.4545165394,0.10114503816793893,0.2902227722772277,0.3787128712871287,0.45823019801980197,0.34870049504950495,0.2868193069306931,0.5745668316831684,0.4551361386138614,0.911509900990099,0.09900990099009901,0.0388
20021,Cherokee County,Kansas,KS,0.4718,0.04344754177719389,0.5368956743002544,0.5482673267326733,0.4351145038,0.34955470737913485,0.6856435643564357,0.4526608910891089,0.750309405940594,0.682240099009901,0.6435643564356436,0.8635519801980198,0.9334777227722773,0.5748762376237624,0.328279702970297,0.0508
20023,Cheyenne County,Kansas,KS,0.2953,2.4778085945072227e-06,0.08396946564885496,0.051980198019801985,0.8101145037999999,0.3991730279898219,0.2295792079207921,0.1551670792079208,0.37097772277227725,0.07301980198019802,0.3722153465346535,0.375,0.6803836633663366,0.6395420792079208,0.18224009900990099,0.0193
20025,Clark County,Kansas,KS,0.2354,2.3001711339768173e-06,0.07092875318066158,0.10334158415841584,0.2242366412,0.7111959287531806,0.20482673267326731,0.3725247524752475,0.28217821782178215,0.14108910891089108,0.338490099009901,0.33044554455445546,0.8214727722772277,0.8824257425742574,0.07332920792079207,0.0113
20027,Clay County,Kansas,KS,0.4636,0.055510758146878184,0.16444020356234096,0.17945544554455445,0.46469465649999997,0.9634223918575063,0.5544554455445545,0.1551670792079208,0.4573019801980198,0.5720915841584159,0.09870049504950495,0.7892945544554455,0.2564975247524752,0.7419554455445545,0.17636138613861385,0.0238
20029,Cloud County,Kansas,KS,0.3427,0.04993221517299244,0.20165394402035625,0.23824257425742573,0.39090330790000005,0.9478371501272264,0.656559405940594,0.1551670792079208,0.49288366336633666,0.504950495049505,0.27660891089108913,0.8313737623762376,0.33353960396039606,0.6314975247524752,0.3193069306930693,0.0203
20031,Coffey County,Kansas,KS,0.2743,2.0432437717535195e-06,0.35337150127226463,0.2880569306930693,0.7954834606,0.8193384223918575,0.5878712871287128,0.1551670792079208,0.5006188118811881,0.5810643564356436,0.4158415841584158,0.7961014851485149,0.7162747524752475,0.7908415841584159,0.9173886138613861,0.02
20033,Comanche County,Kansas,KS,0.2577,0.045377710863015244,0.20229007633587787,0.18069306930693071,0.6132315521999999,0.43447837150127233,0.2599009900990099,0.35798267326732675,0.3118811881188119,0.1844059405940594,0.5476485148514851,0.3521039603960396,0.8756188118811881,0.9477103960396039,0.06002475247524752,0.0235
20035,Cowley County,Kansas,KS,0.7871,2.3001711339768173e-06,0.6911577608142494,0.6980198019801979,0.44592875319999997,0.6100508905852418,0.838180693069307,0.41398514851485146,0.9127475247524752,0.7933168316831684,0.8638613861386139,0.8737623762376238,0.6534653465346535,0.9180074257425742,0.4396658415841584,0.0651
20037,Crawford County,Kansas,KS,0.7213,2.371241420100564e-06,0.7143765903307888,0.7023514851485149,0.5190839695,0.6243638676844784,0.9093440594059405,0.46720297029702973,0.8889232673267327,0.8010519801980198,0.6067450495049505,0.9328589108910891,0.9526608910891089,0.3551980198019802,0.6327351485148515,0.0641
20039,Decatur County,Kansas,KS,0.0681,2.3253803144430357e-06,0.11291348600508906,0.1584158415841584,0.2598600509,0.35050890585241734,0.6215965346534653,0.1551670792079208,0.2939356435643564,0.16150990099009901,0.18254950495049505,0.4594678217821782,0.7636138613861386,0.31961633663366334,0.16522277227722773,0.0131
20041,Dickinson County,Kansas,KS,0.1884,2.295588275631793e-06,0.49141221374045796,0.5269183168316832,0.3899491094,0.8854961832061069,0.7821782178217822,0.1551670792079208,0.7660891089108911,0.838490099009901,0.2781559405940594,0.8784034653465347,0.5213490099009901,0.84375,0.46008663366336633,0.0255
20043,Doniphan County,Kansas,KS,0.1861,1.7897800947687504e-06,0.13994910941475827,0.17698019801980197,0.32029262090000005,0.6326335877862596,0.2004950495049505,0.1551670792079208,0.5860148514851485,0.44245049504950495,0.35148514851485146,0.4801980198019802,0.760519801980198,0.531559405940594,0.21658415841584158,0.0121
20045,Douglas County,Kansas,KS,0.3602,0.12495917881158115,0.7480916030534351,0.8233292079207919,0.1138676845,0.8333333333333335,0.8787128712871287,0.1551670792079208,0.9260519801980198,0.713490099009901,0.7128712871287128,0.9248143564356436,0.5204207920792079,0.5696163366336634,0.8675742574257426,0.0633
20047,Edwards County,Kansas,KS,0.4639,2.364379853355393e-06,0.17557251908396945,0.2280321782178218,0.2868956743,0.41412213740458015,0.3032178217821782,0.1551670792079208,0.26794554455445546,0.15253712871287128,0.5693069306930693,0.4176980198019802,0.9353341584158416,0.5377475247524752,0.06033415841584158,0.0275
20049,Elk County,Kansas,KS,0.336,2.208607616771179e-06,0.14599236641221375,0.09560643564356436,0.8117048346,0.2970737913486005,0.3097153465346535,0.3876856435643564,0.3966584158415842,0.327970297029703,0.24628712871287128,0.5485767326732673,0.47308168316831684,0.9192450495049505,0.1624381188118812,0.0245
20051,Ellis County,Kansas,KS,0.2393,2.369975836872652e-06,0.32697201017811706,0.5287747524752475,0.10623409669999999,0.7795801526717557,0.7382425742574258,0.1551670792079208,0.5878712871287128,0.1998762376237624,0.5594059405940595,0.7995049504950495,0.619740099009901,0.6175742574257426,0.6711014851485149,0.0211
20053,Ellsworth County,Kansas,KS,0.1731,2.2672492856635788e-06,0.15171755725190839,0.22617574257425743,0.2022900763,0.5050890585241731,0.43409653465346537,0.1551670792079208,0.525990099009901,0.3728341584158416,0.37592821782178215,0.8350866336633663,0.5535272277227723,0.7800123762376238,0.11138613861386139,0.0145
20055,Finney County,Kansas,KS,0.8966,2.3364211484991754e-06,0.6374045801526719,0.6596534653465347,0.3498727735,0.0645674300254453,0.8239480198019802,0.1551670792079208,0.7750618811881188,0.23607673267326731,0.7400990099009901,0.676980198019802,0.9836014851485149,0.47896039603960394,0.5915841584158416,0.0789
20057,Ford County,Kansas,KS,0.7359,0.021014676488859307,0.5168575063613231,0.5792079207920792,0.24204834609999998,0.04866412213740458,0.6837871287128713,0.1551670792079208,0.7209158415841584,0.3004331683168317,0.6482054455445545,0.7370049504950495,0.9591584158415841,0.6890470297029703,0.505569306930693,0.0669
20059,Franklin County,Kansas,KS,0.224,2.511388242698292e-06,0.43734096692111957,0.5188737623762376,0.25413486009999997,0.8435114503816794,0.7568069306930693,0.1551670792079208,0.6751237623762376,0.7094678217821783,0.4746287128712871,0.8533415841584159,0.5655940594059405,0.5157797029702971,0.6701732673267327,0.0244
20061,Geary County,Kansas,KS,0.7353,1.7813150291058668e-06,0.405852417302799,0.561881188118812,0.10623409669999999,0.48536895674300257,0.6120049504950495,0.1551670792079208,0.817759900990099,0.6837871287128713,0.11757425742574257,0.8579826732673267,0.2781559405940594,0.8245668316831684,0.4910272277227723,0.0473
20063,Gove County,Kansas,KS,0.0372,0.028529424276352834,0.04770992366412214,0.09622524752475249,0.10623409669999999,0.4802798982188295,0.26082920792079206,0.1551670792079208,0.26330445544554454,0.14201732673267325,0.1775990099009901,0.15532178217821782,0.7428836633663366,0.4090346534653465,0.08787128712871287,0.0102
20065,Graham County,Kansas,KS,0.2765,2.3686433836301603e-06,0.04325699745547073,0.04517326732673268,0.42430025450000003,0.419529262086514,0.28991336633663367,0.1551670792079208,0.2667079207920792,0.18316831683168316,0.17357673267326731,0.2957920792079208,0.7744430693069307,0.34839108910891087,0.11014851485148515,0.0177
20067,Grant County,Kansas,KS,0.3363,0.09514964316819137,0.1354961832061069,0.23917079207920794,0.10623409669999999,0.03944020356234097,0.23638613861386137,0.1551670792079208,0.32054455445544555,0.06930693069306931,0.4313118811881188,0.35798267326732675,0.9532797029702971,0.5244430693069307,0.38211633663366334,0.0408
20069,Gray County,Kansas,KS,0.2816,0.06568569165801585,0.36736641221374045,0.4031559405940594,0.38517811700000004,0.16189567430025445,0.39820544554455445,0.1551670792079208,0.46534653465346537,0.10581683168316831,0.6370668316831684,0.4780321782178218,0.9721534653465347,0.40717821782178215,0.20080445544554457,0.0409
20071,Greeley County,Kansas,KS,0.2689,2.2860459600101408e-06,0.01972010178117048,0.046101485148514844,0.10623409669999999,0.5340330788804071,0.11540841584158416,0.1551670792079208,0.16181930693069307,0.06219059405940594,0.23391089108910892,0.08787128712871287,0.7416460396039604,0.08818069306930693,0.07766089108910891,0.0148
20073,Greenwood County,Kansas,KS,0.2978,2.247386391291925e-06,0.24491094147582695,0.28929455445544555,0.3552798982,0.4268447837150127,0.49845297029702973,0.1551670792079208,0.2564975247524752,0.4504950495049505,0.3041460396039604,0.9340965346534653,0.46441831683168316,0.9155321782178217,0.3935643564356436,0.0235
20075,Hamilton County,Kansas,KS,0.3398,2.0594204859797632e-06,0.04103053435114504,0.0724009900990099,0.10623409669999999,0.01240458015267176,0.1021039603960396,0.1551670792079208,0.1676980198019802,0.06311881188118812,0.2667079207920792,0.18842821782178218,0.8555074257425742,0.29455445544554454,0.1859529702970297,0.0321
20077,Harper County,Kansas,KS,0.6316,2.3412544837688235e-06,0.3132951653944021,0.30228960396039606,0.5814249363999999,0.5852417302798982,0.49288366336633666,0.4245049504950495,0.6373762376237624,0.49566831683168316,0.7144183168316832,0.6868811881188119,0.8833539603960396,0.8004331683168316,0.20451732673267325,0.0347
20079,Harvey County,Kansas,KS,0.4193,2.3001711339768173e-06,0.3893129770992366,0.6163366336633663,0.10623409669999999,0.9427480916030533,0.4161509900990099,0.1551670792079208,0.7930074257425742,0.650990099009901,0.500309405940594,0.7620668316831684,0.5123762376237624,0.682240099009901,0.35550742574257427,0.0302
20081,Haskell County,Kansas,KS,0.4143,1.7890355887899229e-06,0.15012722646310434,0.2215346534653465,0.19147582700000002,0.13994910941475827,0.23267326732673269,0.1551670792079208,0.28001237623762376,0.07642326732673267,0.5136138613861386,0.2998143564356436,0.963180693069307,0.2698019801980198,0.1630569306930693,0.0327
20083,Hodgeman County,Kansas,KS,0.0646,0.0768495314768341,0.05947837150127226,0.11014851485148515,0.10623409669999999,0.3291984732824427,0.19956683168316833,0.1551670792079208,0.2756806930693069,0.07858910891089109,0.29207920792079206,0.23360148514851486,0.8022896039603961,0.4709158415841584,0.058787128712871284,0.0188
20085,Jackson County,Kansas,KS,0.2472,0.07691039628567414,0.21533078880407125,0.2527846534653465,0.3807251908,0.7099236641221374,0.42636138613861385,0.1551670792079208,0.5015470297029703,0.5850866336633663,0.27691831683168316,0.7267945544554455,0.41800742574257427,0.8948019801980198,0.4093440594059406,0.0215
20087,Jefferson County,Kansas,KS,0.0197,2.1836784399453584e-06,0.1965648854961832,0.4040841584158416,0.10623409669999999,0.871501272264631,0.4127475247524752,0.1551670792079208,0.49257425742574257,0.5727103960396039,0.28094059405940597,0.6958539603960396,0.47896039603960394,0.6859529702970297,0.6181930693069307,0.0066
20089,Jewell County,Kansas,KS,0.0455,0.1109581014300047,0.25286259541984735,0.24938118811881188,0.530216285,0.44974554707379133,0.7354579207920792,0.1551670792079208,0.40284653465346537,0.2568069306930693,0.1670792079207921,0.7512376237623762,0.7490717821782178,0.45823019801980197,0.36417079207920794,0.0227
20091,Johnson County,Kansas,KS,0.0605,0.011760406242977216,0.9484732824427481,0.9681311881188119,0.10623409669999999,0.7531806615776081,0.4854579207920792,0.1551670792079208,0.989480198019802,0.9845297029702971,0.9801980198019802,0.9879331683168316,0.2698019801980198,0.6228341584158416,0.9842202970297029,0.0634
20093,Kearny County,Kansas,KS,0.5358,2.9837531197912618e-06,0.08365139949109417,0.15779702970297033,0.10623409669999999,0.07283715012722647,0.25185643564356436,0.1551670792079208,0.23205445544554457,0.0655940594059406,0.27722772277227725,0.22370049504950495,0.9393564356435643,0.3400371287128713,0.19863861386138615,0.0378
20095,Kingman County,Kansas,KS,0.1079,2.2460852403193545e-06,0.3555979643765903,0.3941831683168317,0.4106234097,0.7169211195928753,0.48576732673267325,0.4099628712871287,0.6633663366336634,0.5034034653465347,0.7472153465346535,0.8842821782178217,0.7481435643564357,0.8706683168316832,0.16027227722772278,0.0163
20097,Kiowa County,Kansas,KS,0.2879,2.101024251290136e-06,0.15044529262086517,0.17202970297029702,0.3966284987,0.635178117048346,0.3010519801980198,0.1551670792079208,0.34220297029702973,0.1661509900990099,0.5928217821782178,0.4158415841584158,0.9251237623762376,0.8326113861386139,0.06126237623762376,0.0159
20099,Labette County,Kansas,KS,0.4941,2.3001711339768173e-06,0.6618956743002545,0.5714727722772277,0.8470101781,0.6571246819338422,0.817759900990099,0.5448638613861386,0.8400371287128713,0.7289603960396039,0.7370049504950495,0.9127475247524752,0.8248762376237624,0.4025371287128713,0.48205445544554454,0.0496
20101,Lane County,Kansas,KS,0.0716,2.202067365542205e-06,0.02321882951653944,0.053527227722772276,0.10623409669999999,0.5524809160305344,0.17357673267326731,0.1551670792079208,0.24040841584158415,0.07271039603960396,0.19183168316831684,0.19554455445544555,0.7462871287128713,0.30198019801980197,0.05847772277227723,0.0074
20103,Leavenworth County,Kansas,KS,0.2475,2.586834547382875e-06,0.6634860050890584,0.7614480198019803,0.1138676845,0.6698473282442748,0.8443688118811881,0.1551670792079208,0.8688118811881188,0.8920173267326733,0.775990099009901,0.880569306930693,0.4724628712871287,0.6011757425742574,0.583230198019802,0.0441
20105,Lincoln County,Kansas,KS,0.1021,2.3001711339768173e-06,0.1351781170483461,0.1339727722772277,0.5225826972000001,0.49586513994910947,0.36107673267326734,0.1551670792079208,0.3805693069306931,0.29146039603960394,0.12438118811881188,0.8558168316831684,0.5634282178217822,0.604269801980198,0.0952970297029703,0.0112
20107,Linn County,Kansas,KS,0.2733,2.3001711339768173e-06,0.12245547073791348,0.18997524752475248,0.18129770990000002,0.2868956743002545,0.46875,0.33972772277227725,0.40532178217821785,0.47586633663366334,0.26082920792079206,0.4962871287128713,0.4248143564356436,0.3805693069306931,0.21782178217821782,0.0226
20109,Logan County,Kansas,KS,0.28,2.3333619393156566e-06,0.0737913486005089,0.06126237623762377,0.5912849873,0.44751908396946566,0.5798267326732673,0.1551670792079208,0.2837252475247525,0.125,0.265779702970297,0.12592821782178218,0.8004331683168316,0.3341584158415842,0.1296410891089109,0.0175
20111,Lyon County,Kansas,KS,0.7222,2.3496140500129573e-06,0.47646310432569977,0.5603341584158416,0.207697201,0.6634860050890584,0.5491955445544554,0.1551670792079208,0.7048267326732673,0.6163366336633663,0.5331064356435643,0.931930693069307,0.5594059405940595,0.8858292079207921,0.7478341584158416,0.0469
20113,McPherson County,Kansas,KS,0.1635,0.032257813461756726,0.392175572519084,0.6067450495049505,0.10623409669999999,0.9163486005089058,0.7020420792079208,0.1551670792079208,0.7772277227722773,0.619430693069307,0.5956064356435643,0.8536509900990099,0.3063118811881188,0.682549504950495,0.4439975247524752,0.0237
20115,Marion County,Kansas,KS,0.1355,2.3001711339768173e-06,0.3797709923664122,0.42945544554455445,0.3578244275,0.8269720101781171,0.7459777227722773,0.1551670792079208,0.6989480198019802,0.7122524752475248,0.3149752475247525,0.911200495049505,0.39232673267326734,0.786819306930693,0.5835396039603961,0.0175
20117,Marshall County,Kansas,KS,0.181,2.565697576687534e-06,0.214058524173028,0.2592821782178218,0.36259541980000004,0.9083969465648855,0.6834777227722773,0.1551670792079208,0.5720915841584159,0.5027846534653465,0.08508663366336634,0.7320544554455446,0.411509900990099,0.817450495049505,0.2431930693069307,0.0111
20119,Meade County,Kansas,KS,0.2628,2.3561938836931892e-06,0.15553435114503816,0.265779702970297,0.1138676845,0.2433206106870229,0.2713490099009901,0.1551670792079208,0.34715346534653463,0.0968440594059406,0.3183787128712871,0.3728341584158416,0.9554455445544554,0.8796410891089109,0.12221534653465346,0.0246
20121,Miami County,Kansas,KS,0.0757,2.3001711339768173e-06,0.4306615776081425,0.5652846534653466,0.12181933839999999,0.8037531806615776,0.7741336633663366,0.1551670792079208,0.6800742574257426,0.7438118811881188,0.567759900990099,0.7506188118811881,0.390779702970297,0.3722153465346535,0.5021658415841584,0.0198
20123,Mitchell County,Kansas,KS,0.1285,0.0025648504124913033,0.29834605597964375,0.3620049504950495,0.3117048346,0.7118320610687023,0.7877475247524752,0.1551670792079208,0.4176980198019802,0.34220297029702973,0.2422648514851485,0.8168316831683168,0.7094678217821783,0.35117574257425743,0.2933168316831683,0.0149
20125,Montgomery County,Kansas,KS,0.8209,2.3001711339768173e-06,0.7337786259541985,0.7017326732673267,0.6055979644,0.5194020356234097,0.8409653465346535,0.5173267326732673,0.8886138613861386,0.8248762376237624,0.8849009900990099,0.8480816831683168,0.7193688118811881,0.7103960396039604,0.7561881188118812,0.0709
20127,Morris County,Kansas,KS,0.1569,2.3001711339768173e-06,0.2744910941475827,0.20513613861386137,0.7929389313,0.6005089058524173,0.5030940594059405,0.1551670792079208,0.5544554455445545,0.8162128712871287,0.24721534653465346,0.7790841584158416,0.5034034653465347,0.8449876237623762,0.4347153465346535,0.0152
20129,Morton County,Kansas,KS,0.3077,0.11086617001717362,0.046755725190839696,0.08106435643564357,0.10623409669999999,0.10368956743002544,0.11633663366336634,0.1551670792079208,0.22246287128712872,0.06342821782178218,0.1646039603960396,0.2391707920792079,0.9136757425742574,0.7379331683168316,0.2301980198019802,0.0367
20131,Nemaha County,Kansas,KS,0.057,2.423421183352835e-06,0.1743002544529262,0.2806311881188119,0.1475826972,0.8721374045801527,0.338490099009901,0.1551670792079208,0.5943688118811881,0.5287747524752475,0.1516089108910891,0.630259900990099,0.5461014851485149,0.8329207920792079,0.21936881188118812,0.0061
20133,Neosho County,Kansas,KS,0.6911,0.0,0.3250636132315521,0.4204826732673268,0.225826972,0.5871501272264631,0.5946782178217822,0.43873762376237624,0.6553217821782178,0.6051980198019802,0.47586633663366334,0.7317450495049505,0.7076113861386139,0.23205445544554457,0.4474009900990099,0.0385
20135,Ness County,Kansas,KS,0.0999,2.3001711339768173e-06,0.10527989821882952,0.11850247524752473,0.46405852420000004,0.5823791348600509,0.3502475247524752,0.1551670792079208,0.41089108910891087,0.08725247524752475,0.3189975247524752,0.4814356435643564,0.7725866336633663,0.5185643564356436,0.11633663366336634,0.0089
20137,Norton County,Kansas,KS,0.223,2.3772024148368283e-06,0.19783715012722644,0.18966584158415842,0.56043257,0.47646310432569977,0.655940594059406,0.1551670792079208,0.49195544554455445,0.26732673267326734,0.2834158415841584,0.5788985148514851,0.8483910891089109,0.3316831683168317,0.23978960396039603,0.0177
20139,Osage County,Kansas,KS,0.1909,2.402879508456832e-06,0.3543256997455471,0.3839727722772277,0.44751908399999996,0.5944656488549618,0.614480198019802,0.1551670792079208,0.5819925742574258,0.6311881188118812,0.4003712871287129,0.96875,0.5720915841584159,0.7561881188118812,0.7886757425742574,0.021
20141,Osborne County,Kansas,KS,0.0687,0.12489439264472893,0.2143765903307888,0.21967821782178215,0.5104961832,0.6205470737913485,0.6237623762376238,0.1551670792079208,0.35148514851485146,0.1358292079207921,0.20513613861386137,0.6803836633663366,0.801980198019802,0.5337252475247525,0.19925742574257427,0.02
20143,Ottawa County,Kansas,KS,0.042,0.11102660705057771,0.16889312977099238,0.2088490099009901,0.3320610687,0.6304071246819338,0.43842821782178215,0.1551670792079208,0.4542079207920792,0.3876856435643564,0.08972772277227722,0.905940594059406,0.3558168316831683,0.7339108910891089,0.09622524752475248,0.0166
20145,Pawnee County,Kansas,KS,0.3019,0.06663172794297854,0.31615776081424934,0.3774752475247525,0.33969465649999997,0.8635496183206108,0.4863861386138614,0.1551670792079208,0.5649752475247525,0.17945544554455445,0.6757425742574258,0.6590346534653465,0.9087252475247525,0.5634282178217822,0.12128712871287128,0.0255
20147,Phillips County,Kansas,KS,0.3137,2.831224019398251e-06,0.40521628498727735,0.33601485148514854,0.7449109414999999,0.4974554707379134,0.7577351485148515,0.1551670792079208,0.5770420792079208,0.3239480198019802,0.25123762376237624,0.775990099009901,0.9285272277227723,0.594059405940594,0.33292079207920794,0.0289
20149,Pottawatomie County,Kansas,KS,0.0544,2.442382729410684e-06,0.30884223918575066,0.5250618811881188,0.10623409669999999,0.8460559796437659,0.46689356435643564,0.1551670792079208,0.5863242574257426,0.5773514851485149,0.40222772277227725,0.8743811881188119,0.2787747524752475,0.9099628712871287,0.37933168316831684,0.0131
20151,Pratt County,Kansas,KS,0.3341,2.7124476599825517e-06,0.5483460559796438,0.5389851485148515,0.5499363868,0.8027989821882952,0.5123762376237624,0.1551670792079208,0.6943069306930693,0.35148514851485146,0.9071782178217822,0.7280321782178217,0.9619430693069307,0.8112623762376238,0.18471534653465346,0.0347
20153,Rawlins County,Kansas,KS,0.3958,0.026304957799092987,0.048346055979643754,0.09220297029702967,0.10623409669999999,0.3107506361323155,0.1516089108910891,0.1551670792079208,0.30754950495049505,0.11200495049504951,0.14975247524752475,0.35148514851485146,0.729269801980198,0.3849009900990099,0.24102722772277227,0.027
20155,Reno County,Kansas,KS,0.5011,2.3412544837688235e-06,0.8015267175572519,0.817759900990099,0.3320610687,0.7375954198473282,0.9672029702970297,0.1551670792079208,0.9344059405940595,0.8511757425742574,0.8100247524752475,0.9715346534653465,0.526299504950495,0.9566831683168316,0.5167079207920792,0.0632
20157,Republic County,Kansas,KS,0.041,2.7539401274330816e-06,0.18924936386768448,0.23205445544554457,0.3524173028,0.8123409669211196,0.7487623762376238,0.1551670792079208,0.4260519801980198,0.3409653465346535,0.19399752475247525,0.8620049504950495,0.5238242574257426,0.4306930693069307,0.26732673267326734,0.006
20159,Rice County,Kansas,KS,0.1823,2.8400949626935454e-06,0.28530534351145037,0.3657178217821782,0.256043257,0.6485368956743003,0.47215346534653463,0.1551670792079208,0.6376856435643564,0.4811262376237624,0.5912747524752475,0.8189975247524752,0.6485148514851485,0.7747524752475248,0.14758663366336633,0.0171
20161,Riley County,Kansas,KS,0.567,0.06657601519137488,0.5846055979643766,0.719059405940594,0.10623409669999999,0.6409033078880406,0.5872524752475248,0.1551670792079208,0.8471534653465347,0.806930693069307,0.15563118811881188,0.9226485148514851,0.2685643564356436,0.8982054455445545,0.6581064356435643,0.0557
20163,Rooks County,Kansas,KS,0.071,2.3882068835311154e-06,0.14344783715012724,0.27382425742574257,0.10623409669999999,0.48823155216284997,0.5717821782178217,0.1551670792079208,0.3873762376237624,0.11974009900990099,0.20977722772277227,0.5535272277227723,0.8060024752475248,0.5182549504950495,0.1454207920792079,0.0114
20165,Rush County,Kansas,KS,0.0916,2.7539401274330816e-06,0.04961832061068702,0.11757425742574255,0.10623409669999999,0.8040712468193384,0.24412128712871287,0.1551670792079208,0.33323019801980197,0.0891089108910891,0.28991336633663367,0.5095915841584159,0.6810024752475248,0.44090346534653463,0.08818069306930693,0.0049
20167,Russell County,Kansas,KS,0.3226,2.3561938836931892e-06,0.1253180661577608,0.1646039603960396,0.2942111959,0.5715648854961831,0.453279702970297,0.1551670792079208,0.4743193069306931,0.36478960396039606,0.36633663366336633,0.8449876237623762,0.7088490099009901,0.6002475247524752,0.20142326732673269,0.0177
20169,Saline County,Kansas,KS,0.5008,2.3500142739879372e-06,0.6615776081424937,0.7462871287128714,0.1437659033,0.8377862595419847,0.6806930693069307,0.1551670792079208,0.9164603960396039,0.7874381188118812,0.7301980198019802,0.9353341584158416,0.4879331683168317,0.8288985148514851,0.6361386138613861,0.0508
20171,Scott County,Kansas,KS,0.4349,0.06664050342846477,0.4643765903307888,0.36695544554455445,0.8059796438,0.25318066157760816,0.7332920792079208,0.1551670792079208,0.40191831683168316,0.1036509900990099,0.7054455445544554,0.32673267326732675,0.9625618811881188,0.2416460396039604,0.23886138613861385,0.0477
20173,Sedgwick County,Kansas,KS,0.7292,2.305483636105094e-06,0.965966921119593,0.9678217821782178,0.2993002545,0.7038804071246819,0.8821163366336634,0.5751856435643564,0.9928836633663366,0.9854579207920792,0.9935024752475248,0.9978341584158416,0.6463490099009901,0.9458539603960396,0.9814356435643564,0.0887
20175,Seward County,Kansas,KS,0.8578,2.3412544837688235e-06,0.42302798982188294,0.4146039603960396,0.5044529261999999,0.037531806615776084,0.6686262376237624,0.1551670792079208,0.6983292079207921,0.22741336633663367,0.6008663366336634,0.6021039603960396,0.973700495049505,0.8870668316831684,0.5807549504950495,0.063
20177,Shawnee County,Kansas,KS,0.6137,2.4542336956968397e-06,0.8804071246819337,0.8821163366336634,0.3530534351,0.8581424936386768,0.8004331683168316,0.1551670792079208,0.9597772277227723,0.9514232673267327,0.8155940594059405,0.9805074257425742,0.4823638613861386,0.7599009900990099,0.9520420792079208,0.0736
20179,Sheridan County,Kansas,KS,0.0706,2.6991088482011314e-06,0.06138676844783715,0.13985148514851486,0.10623409669999999,0.8291984732824428,0.43780940594059403,0.1551670792079208,0.20482673267326731,0.13613861386138615,0.14882425742574257,0.1958539603960396,0.7855816831683168,0.18007425742574257,0.08446782178217822,0.0041
20181,Sherman County,Kansas,KS,0.4992,2.348822469256824e-06,0.1116412213740458,0.18409653465346534,0.1723918575,0.36418575063613223,0.801980198019802,0.1551670792079208,0.34405940594059403,0.07147277227722772,0.35550742574257427,0.2354579207920792,0.5915841584158416,0.3004331683168317,0.20018564356435645,0.0285
20183,Smith County,Kansas,KS,0.0404,2.520088782340459e-06,0.2121501272264631,0.2744430693069307,0.2868956743,0.7423664122137404,0.7168935643564357,0.1551670792079208,0.4090346534653465,0.25030940594059403,0.17728960396039603,0.7008044554455446,0.8044554455445545,0.4251237623762376,0.3589108910891089,0.0076
20185,Stafford County,Kansas,KS,0.2272,2.3686433836301603e-06,0.23059796437659036,0.2685643564356436,0.36959287529999996,0.4961832061068702,0.3654084158415842,0.1551670792079208,0.40501237623762376,0.21472772277227722,0.630259900990099,0.6318069306930693,0.942450495049505,0.8162128712871287,0.08292079207920793,0.0189
20187,Stanton County,Kansas,KS,0.3786,2.338686774406823e-06,0.09637404580152673,0.11478960396039603,0.3533715013,0.01844783715012722,0.10674504950495049,0.1551670792079208,0.18502475247524752,0.0640470297029703,0.18471534653465346,0.19863861386138615,0.9668935643564357,0.32332920792079206,0.3972772277227723,0.034
20189,Stevens County,Kansas,KS,0.6879,0.1428386561488246,0.40044529262086515,0.26639851485148514,0.8645038168000001,0.06329516539440204,0.34220297029702973,0.1551670792079208,0.42636138613861385,0.07580445544554455,0.42326732673267325,0.48298267326732675,0.9919554455445545,0.7527846534653465,0.43904702970297027,0.0649
20191,Sumner County,Kansas,KS,0.3322,0.041635345932973154,0.48823155216284997,0.552289603960396,0.2779898219,0.787531806615776,0.6779084158415841,0.4084158415841584,0.7957920792079208,0.6785272277227723,0.6763613861386139,0.7589727722772277,0.7840346534653465,0.6574876237623762,0.19090346534653466,0.0351
20193,Thomas County,Kansas,KS,0.1247,2.371913747654885e-06,0.09446564885496184,0.21070544554455445,0.10623409669999999,0.6965648854961831,0.2645420792079208,0.1551670792079208,0.38242574257425743,0.15965346534653466,0.2747524752475248,0.2837252475247525,0.8264232673267327,0.17698019801980197,0.26423267326732675,0.0084
20195,Trego County,Kansas,KS,0.0105,0.09090649883662257,0.02703562340966921,0.06590346534653466,0.10623409669999999,0.628498727735369,0.2524752475247525,0.1551670792079208,0.3097153465346535,0.08044554455445545,0.18564356435643564,0.3926361386138614,0.6444925742574258,0.48267326732673266,0.10303217821782178,0.0112
20197,Wabaunsee County,Kansas,KS,0.0636,2.402879508456832e-06,0.14631043256997456,0.21194306930693071,0.2204198473,0.7573155216284987,0.3041460396039604,0.1551670792079208,0.35241336633663367,0.390779702970297,0.0906559405940594,0.661819306930693,0.3842821782178218,0.8892326732673267,0.26639851485148514,0.0063
20199,Wallace County,Kansas,KS,0.1756,2.317704410482802e-06,0.011768447837150132,0.0129950495049505,0.3320610687,0.21183206106870225,0.16893564356435645,0.1551670792079208,0.1806930693069307,0.06280940594059406,0.2004950495049505,0.10488861386138613,0.3774752475247525,0.3217821782178218,0.08199257425742575,0.0194
20201,Washington County,Kansas,KS,0.0802,2.3001711339768173e-06,0.1561704834605598,0.21441831683168316,0.2531806616,0.6949745547073792,0.6284034653465347,0.1551670792079208,0.4279084158415842,0.3654084158415842,0.2103960396039604,0.6853341584158416,0.35798267326732675,0.7849628712871287,0.1516089108910891,0.0079
20203,Wichita County,Kansas,KS,0.4858,2.5182721122426344e-06,0.08174300254452926,0.1203589108910891,0.23027989819999997,0.33778625954198477,0.1531559405940594,0.1551670792079208,0.2020420792079208,0.08199257425742575,0.40717821782178215,0.1395420792079208,0.8094059405940595,0.12407178217821782,0.10334158415841584,0.0279
20205,Wilson County,Kansas,KS,0.4566,2.3001711339768173e-06,0.17970737913486004,0.265470297029703,0.1857506361,0.48091603053435117,0.5597153465346535,0.1551670792079208,0.5293935643564357,0.47277227722772275,0.3849009900990099,0.5464108910891089,0.6547029702970297,0.6008663366336634,0.34034653465346537,0.0261
20207,Woodson County,Kansas,KS,0.2491,2.3001711339768173e-06,0.07729007633587787,0.043626237623762366,0.8695928753,0.4837786259541985,0.34034653465346537,0.1551670792079208,0.2843440594059406,0.37407178217821785,0.28558168316831684,0.5637376237623762,0.6482054455445545,0.7660891089108911,0.3849009900990099,0.0156
20209,Wyandotte County,Kansas,KS,0.9386,2.3001711339768173e-06,0.893765903307888,0.8756188118811881,0.5884223919,0.4217557251908397,0.9873143564356436,0.1551670792079208,0.9696782178217822,0.9702970297029703,0.9551361386138614,0.9566831683168316,0.3307549504950495,0.47648514851485146,0.8768564356435643,0.0931
21001,Adair County,Kentucky,KY,0.6026,1.446407391415354e-06,0.3944020356234097,0.3103341584158416,0.784351145,0.4138040712468193,0.6488242574257426,0.6163366336633663,0.666769801980198,0.37035891089108913,0.6574876237623762,0.6110767326732673,0.39820544554455445,0.18193069306930693,0.484529702970297,0.0404
21003,Allen County,Kentucky,KY,0.6484,1.172698344091014e-06,0.33333333333333326,0.2982673267326733,0.6405852417,0.34287531806615784,0.7066831683168316,0.4777227722772277,0.7032797029702971,0.4275990099009901,0.5287747524752475,0.6596534653465347,0.4511138613861386,0.11788366336633663,0.3780940594059406,0.0412
21005,Anderson County,Kentucky,KY,0.0843,1.3009863375143432e-06,0.2633587786259542,0.3756188118811881,0.1698473282,0.7083333333333335,0.687190594059406,0.39603960396039606,0.6516089108910891,0.2843440594059406,0.35396039603960394,0.8251856435643564,0.19925742574257427,0.1051980198019802,0.4443069306930693,0.0121
21007,Ballard County,Kentucky,KY,0.2507,0.00021881823374854644,0.39631043256997456,0.3892326732673268,0.5467557252,0.5146310432569975,0.5770420792079208,0.4780321782178218,0.33570544554455445,0.5244430693069307,0.42698019801980197,0.8409653465346535,0.9647277227722773,0.08570544554455446,0.23298267326732675,0.0265
21009,Barren County,Kentucky,KY,0.7919,0.03326165919308941,0.6790712468193384,0.5968440594059405,0.8021628499000001,0.5534351145038169,0.8951113861386139,0.5922029702970297,0.8582920792079208,0.6330445544554455,0.7339108910891089,0.786200495049505,0.5030940594059405,0.18842821782178218,0.7988861386138614,0.0663
21011,Bath County,Kentucky,KY,0.5269,1.117224898368452e-06,0.13708651399491095,0.12747524752475248,0.56043257,0.23123409669211195,0.3994430693069307,0.45482673267326734,0.34467821782178215,0.3521039603960396,0.2125618811881188,0.2698019801980198,0.2407178217821782,0.2818688118811881,0.7459777227722773,0.0332
21013,Bell County,Kentucky,KY,0.7782,1.453134950974238e-06,0.6800254452926208,0.583230198019802,0.8075699745999999,0.13581424936386768,0.48050742574257427,0.5194925742574258,0.432240099009901,0.44863861386138615,0.7391707920792079,0.28001237623762376,0.19647277227722773,0.7397896039603961,0.22741336633663367,0.0737
21015,Boone County,Kentucky,KY,0.1177,1.8780141420246852e-06,0.7445928753180663,0.8347772277227723,0.10623409669999999,0.7191475826972009,0.9368811881188119,0.35860148514851486,0.9186262376237624,0.557240099009901,0.9173886138613861,0.71875,0.20915841584158415,0.26732673267326734,0.7725866336633663,0.0458
21017,Bourbon County,Kentucky,KY,0.5237,1.1522964607079684e-06,0.393765903307888,0.38211633663366334,0.5830152672,0.8247455470737911,0.7753712871287128,0.5748762376237624,0.6011757425742574,0.39139851485148514,0.42574257425742573,0.49566831683168316,0.3189975247524752,0.0708539603960396,0.49876237623762376,0.0315
21019,Boyd County,Kentucky,KY,0.6704,1.731930543243909e-06,0.7493638676844785,0.7202970297029703,0.5877862595,0.5877862595419847,0.4566831683168317,0.6330445544554455,0.5266089108910891,0.9668935643564357,0.2407178217821782,0.7722772277227723,0.16676980198019803,0.693069306930693,0.5838490099009901,0.0657
21021,Boyle County,Kentucky,KY,0.5304,1.424738626184037e-06,0.41571246819338414,0.44616336633663367,0.42811704829999997,0.7407760814249363,0.8168316831683168,0.48824257425742573,0.7704207920792079,0.3650990099009901,0.5114480198019802,0.6673886138613861,0.21905940594059406,0.11974009900990099,0.5266089108910891,0.0344
21023,Bracken County,Kentucky,KY,0.2568,2.547542105118442e-06,0.1202290076335878,0.1516089108910891,0.3263358779,0.40108142493638677,0.7725866336633663,0.3180693069306931,0.3378712871287129,0.2645420792079208,0.1806930693069307,0.2484529702970297,0.20327970297029702,0.04238861386138614,0.36448019801980197,0.0188
21025,Breathitt County,Kentucky,KY,0.6962,2.3001711339768173e-06,0.6466284987277355,0.500618811881188,0.9118956743,0.0626590330788804,0.3805693069306931,0.5510519801980198,0.29517326732673266,0.37469059405940597,0.41800742574257427,0.2561881188118812,0.07317450495049505,0.7073019801980198,0.37035891089108913,0.0697
21027,Breckinridge County,Kentucky,KY,0.6481,2.3772024148368283e-06,0.3953562340966921,0.41336633663366334,0.44592875319999997,0.4716921119592875,0.6748143564356436,0.4870049504950495,0.6386138613861386,0.4910272277227723,0.3972772277227723,0.7899133663366337,0.3935643564356436,0.12933168316831684,0.2998143564356436,0.0419
21029,Bullitt County,Kentucky,KY,0.1779,0.056981773249646074,0.717557251908397,0.8214727722772277,0.10623409669999999,0.7366412213740458,0.9238861386138614,0.3573638613861386,0.8892326732673267,0.5346534653465347,0.8056930693069307,0.6943069306930693,0.19461633663366337,0.28836633663366334,0.7085396039603961,0.0501
21031,Butler County,Kentucky,KY,0.7623,2.3001711339768173e-06,0.18129770992366406,0.17667079207920794,0.5194020356,0.18638676844783714,0.49814356435643564,0.4037747524752475,0.47060643564356436,0.40439356435643564,0.2376237623762376,0.6828589108910891,0.3316831683168317,0.07889851485148515,0.24783415841584158,0.0442
21033,Caldwell County,Kentucky,KY,0.7184,0.18136564310306302,0.38963104325699743,0.3220915841584159,0.725826972,0.43479643765903314,0.6463490099009901,0.42636138613861385,0.6222153465346535,0.5386757425742574,0.38366336633663367,0.9003712871287128,0.7255569306930693,0.08353960396039604,0.34405940594059403,0.0585
21035,Calloway County,Kentucky,KY,0.5482,2.406872553691718e-06,0.753498727735369,0.713490099009901,0.637086514,0.5302162849872774,0.6466584158415841,0.5507425742574258,0.7985767326732673,0.745049504950495,0.7936262376237624,0.9170792079207921,0.6695544554455446,0.20853960396039603,0.7577351485148515,0.0625
21037,Campbell County,Kentucky,KY,0.2103,2.3065716201321046e-06,0.5833333333333334,0.6875,0.1294529262,0.8104325699745547,0.6636757425742574,0.33663366336633666,0.8050742574257426,0.6921410891089109,0.7193688118811881,0.6992574257425742,0.18347772277227722,0.1670792079207921,0.7855816831683168,0.0347
21039,Carlisle County,Kentucky,KY,0.4225,0.09081203750072195,0.18734096692111962,0.17728960396039603,0.5562977098999999,0.31647582697201015,0.3941831683168317,0.4405940594059406,0.32363861386138615,0.422029702970297,0.36324257425742573,0.8428217821782178,0.7168935643564357,0.059096534653465344,0.17326732673267325,0.0356
21041,Carroll County,Kentucky,KY,0.8886,0.0007404775451231801,0.2340966921119593,0.19832920792079206,0.6539440204,0.3412849872773537,0.5758044554455446,0.35426980198019803,0.5894183168316832,0.25742574257425743,0.2555693069306931,0.4498762376237624,0.20482673267326731,0.053217821782178217,0.2868193069306931,0.0459
21043,Carter County,Kentucky,KY,0.5581,2.3001711339768173e-06,0.52735368956743,0.48917079207920794,0.6160941476,0.11832061068702289,0.3972772277227723,0.5324876237623762,0.4183168316831683,0.8688118811881188,0.21844059405940594,0.6191212871287128,0.18224009900990099,0.59375,0.4285272277227723,0.0557
21045,Casey County,Kentucky,KY,0.8361,0.00020338081764359023,0.3705470737913486,0.2626856435643564,0.8384223919,0.17557251908396945,0.6076732673267327,0.5903465346534653,0.6240717821782178,0.31590346534653463,0.6092202970297029,0.4743193069306931,0.3620049504950495,0.2004950495049505,0.46410891089108913,0.0539
21047,Christian County,Kentucky,KY,0.9469,0.028560322705544927,0.7964376590330786,0.8069306930693068,0.36959287529999996,0.3575063613231552,0.6998762376237624,0.5136138613861386,0.9146039603960396,0.770730198019802,0.6584158415841584,0.8666460396039604,0.7954826732673267,0.16831683168316833,0.8103341584158416,0.0881
21049,Clark County,Kentucky,KY,0.51,2.3001711339768173e-06,0.3829516539440203,0.47215346534653463,0.2363231552,0.7900763358778626,0.8053836633663366,0.5068069306930693,0.6890470297029703,0.45699257425742573,0.45761138613861385,0.525680693069307,0.24628712871287128,0.16646039603960397,0.5683787128712872,0.0321
21051,Clay County,Kentucky,KY,0.8174,2.3466476807172123e-06,0.6714376590330788,0.525990099009901,0.9236641220999999,0.06806615776081425,0.5745668316831684,0.5290841584158416,0.4291460396039604,0.4944306930693069,0.7029702970297029,0.23267326732673269,0.31590346534653463,0.8555074257425742,0.3842821782178218,0.0759
21053,Clinton County,Kentucky,KY,0.6472,2.3001711339768173e-06,0.2452290076335878,0.15965346534653466,0.8492366412,0.23600508905852416,0.41027227722772275,0.5956064356435643,0.47648514851485146,0.26485148514851486,0.5290841584158416,0.4127475247524752,0.25464108910891087,0.35241336633663367,0.4127475247524752,0.0401
21055,Crittenden County,Kentucky,KY,0.518,2.1463322772377534e-06,0.3037531806615776,0.23483910891089102,0.7627226463,0.3132951653944021,0.6454207920792079,0.4402846534653465,0.4916460396039604,0.5089727722772277,0.37623762376237624,0.8861386138613861,0.6844059405940595,0.11293316831683169,0.26330445544554454,0.0357
21057,Cumberland County,Kentucky,KY,0.7544,2.3001711339768173e-06,0.30089058524173035,0.16522277227722776,0.9640585242,0.1806615776081425,0.28558168316831684,0.5244430693069307,0.4006806930693069,0.24938118811881188,0.4504950495049505,0.37530940594059403,0.28836633663366334,0.0875618811881188,0.29517326732673266,0.0474
21059,Daviess County,Kentucky,KY,0.6109,0.04794450141142796,0.8813613231552163,0.8780940594059404,0.4602417303,0.8444656488549618,0.9489480198019802,0.5182549504950495,0.8920173267326733,0.911819306930693,0.6918316831683168,0.9619430693069307,0.71875,0.20142326732673269,0.7032797029702971,0.0774
21061,Edmonson County,Kentucky,KY,0.3697,2.3001711339768173e-06,0.11036895674300254,0.1469678217821782,0.2808524173,0.22582697201017812,0.3978960396039604,0.37902227722772275,0.4251237623762376,0.31064356435643564,0.23483910891089108,0.531559405940594,0.28094059405940597,0.06126237623762376,0.2249381188118812,0.0273
21063,Elliott County,Kentucky,KY,0.7617,2.3001711339768173e-06,0.12213740458015267,0.05847772277227723,0.9211195929,0.11227735368956743,0.2908415841584158,0.5198019801980198,0.26175742574257427,0.4752475247524752,0.16986386138613863,0.3239480198019802,0.2156559405940594,0.5847772277227723,0.28991336633663367,0.0448
21065,Estill County,Kentucky,KY,0.7604,2.3001711339768173e-06,0.4179389312977099,0.3069306930693069,0.8431933841999999,0.2299618320610687,0.49133663366336633,0.4665841584158416,0.39449257425742573,0.3712871287128713,0.4229579207920792,0.35767326732673266,0.1943069306930693,0.46163366336633666,0.4436881188118812,0.0519
21067,Fayette County,Kentucky,KY,0.5542,2.3001711339768173e-06,0.9204834605597965,0.9176980198019803,0.3947201018,0.75,0.9520420792079208,0.6810024752475248,0.9801980198019802,0.8743811881188119,0.9699876237623762,0.9183168316831684,0.2416460396039604,0.28898514851485146,0.9603960396039604,0.0767
21069,Fleming County,Kentucky,KY,0.6771,2.3001711339768173e-06,0.3097964376590331,0.2020420792079208,0.8845419846999999,0.24300254452926212,0.7933168316831684,0.5346534653465347,0.5547648514851485,0.4158415841584158,0.2332920792079208,0.41089108910891087,0.31435643564356436,0.24659653465346534,0.5426980198019802,0.0433
21071,Floyd County,Kentucky,KY,0.7073,2.3375359547859117e-06,0.9417938931297711,0.911200495049505,0.8425572519000001,0.42748091603053434,0.719059405940594,0.6349009900990099,0.37345297029702973,0.5968440594059405,0.4631806930693069,0.34467821782178215,0.07317450495049505,0.8669554455445545,0.5788985148514851,0.0895
21073,Franklin County,Kentucky,KY,0.6255,0.14226994181731212,0.6447201017811705,0.6834777227722771,0.3244274809,0.7821246819338422,0.9340965346534653,0.46905940594059403,0.8533415841584159,0.4229579207920792,0.5297029702970297,0.7004950495049505,0.21379950495049505,0.17326732673267325,0.661509900990099,0.0649
21075,Fulton County,Kentucky,KY,0.91,2.4091895201097097e-06,0.4675572519083969,0.33292079207920794,0.8867684478,0.15235368956743003,0.5686881188118812,0.5148514851485149,0.5170173267326733,0.5293935643564357,0.38923267326732675,0.8966584158415841,0.8446782178217822,0.07425742574257425,0.3412747524752475,0.0623
21077,Gallatin County,Kentucky,KY,0.5514,2.3001711339768173e-06,0.17270992366412213,0.1608910891089109,0.5712468193,0.3435114503816794,0.7057549504950495,0.31157178217821785,0.4811262376237624,0.21689356435643564,0.26794554455445546,0.317759900990099,0.21967821782178218,0.04672029702970297,0.30816831683168316,0.0319
21079,Garrard County,Kentucky,KY,0.3312,2.3544678303655947e-06,0.30248091603053434,0.2103960396039604,0.8597328244000001,0.4872773536895674,0.7026608910891089,0.5909653465346535,0.5872524752475248,0.317759900990099,0.49597772277227725,0.6401608910891089,0.33910891089108913,0.20327970297029702,0.5204207920792079,0.0246
21081,Grant County,Kentucky,KY,0.2876,2.3001711339768173e-06,0.1628498727735369,0.21534653465346534,0.268129771,0.3387404580152672,0.5931311881188119,0.31590346534653463,0.6534653465346535,0.4511138613861386,0.3938737623762376,0.4087252475247525,0.1983292079207921,0.09746287128712872,0.6147896039603961,0.0226
21083,Graves County,Kentucky,KY,0.5507,0.043301164709041766,0.8396946564885497,0.7920792079207919,0.7496819338,0.37372773536895676,0.9195544554455446,0.619740099009901,0.7141089108910891,0.7611386138613861,0.7750618811881188,0.9443069306930693,0.8926361386138614,0.2871287128712871,0.7481435643564357,0.0776
21085,Grayson County,Kentucky,KY,0.5428,2.3001711339768173e-06,0.45260814249363873,0.4037747524752475,0.6828880407,0.44847328244274803,0.7970297029702971,0.5185643564356436,0.7156559405940595,0.5609529702970297,0.5068069306930693,0.8137376237623762,0.3094059405940594,0.14108910891089108,0.4783415841584158,0.0411
21087,Green County,Kentucky,KY,0.629,2.3001711339768173e-06,0.14026717557251908,0.10024752475247527,0.7763994911000001,0.4650127226463104,0.46720297029702973,0.49535891089108913,0.47586633663366334,0.28465346534653463,0.36478960396039606,0.5405321782178217,0.4056311881188119,0.06899752475247525,0.32951732673267325,0.0308
21089,Greenup County,Kentucky,KY,0.2351,2.264954396590033e-06,0.5260814249363868,0.5275371287128713,0.4860050891,0.3501908396946565,0.5086633663366337,0.5522896039603961,0.4313118811881188,0.8842821782178217,0.20606435643564355,0.6274752475247525,0.17326732673267325,0.4186262376237624,0.5089727722772277,0.0378
21091,Hancock County,Kentucky,KY,0.1874,2.088103273739504e-06,0.2875318066157761,0.2540222772277227,0.6701653944,0.7102417302798982,0.4907178217821782,0.369740099009901,0.3613861386138614,0.37654702970297027,0.2156559405940594,0.7404084158415841,0.3310643564356436,0.07704207920792079,0.15872524752475248,0.0154
21093,Hardin County,Kentucky,KY,0.5721,0.05244823788944968,0.7550890585241732,0.7732054455445545,0.3374681934,0.563295165394402,0.9551361386138614,0.557549504950495,0.8462252475247525,0.7298886138613861,0.7942450495049505,0.9294554455445545,0.31961633663366334,0.3465346534653465,0.8666460396039604,0.0683
21095,Harlan County,Kentucky,KY,0.8336,1.933739182333208e-06,0.657442748091603,0.5615717821782177,0.7999363868,0.13676844783715011,0.8728341584158416,0.5739480198019802,0.41120049504950495,0.4189356435643564,0.6630569306930693,0.29548267326732675,0.07317450495049505,0.7063737623762376,0.18657178217821782,0.0738
21097,Harrison County,Kentucky,KY,0.2714,2.2055208200762567e-06,0.33778625954198477,0.32889851485148514,0.5667938931,0.5935114503816794,0.7366955445544554,0.5030940594059405,0.6432549504950495,0.34282178217821785,0.2837252475247525,0.5426980198019802,0.2645420792079208,0.12283415841584158,0.5485767326732673,0.0227
21099,Hart County,Kentucky,KY,0.8037,0.07121732269857116,0.4112595419847328,0.33910891089108913,0.7579516539,0.45165394402035625,0.6704826732673267,0.5436262376237624,0.6482054455445545,0.42945544554455445,0.5058787128712872,0.6977103960396039,0.35705445544554454,0.1333539603960396,0.4223391089108911,0.0535
21101,Henderson County,Kentucky,KY,0.6386,1.7854782311636993e-06,0.7315521628498728,0.7116336633663366,0.5375318066,0.5995547073791349,0.885519801980198,0.4749381188118812,0.5767326732673267,0.7478341584158416,0.4535891089108911,0.8709777227722773,0.7196782178217822,0.09591584158415842,0.5071163366336634,0.0629
21103,Henry County,Kentucky,KY,0.5845,1.1635265978684516e-06,0.15744274809160305,0.18347772277227722,0.37786259540000006,0.5149491094147582,0.6683168316831684,0.3301361386138614,0.5151608910891089,0.2370049504950495,0.2939356435643564,0.3842821782178218,0.24566831683168316,0.08477722772277228,0.40439356435643564,0.0289
21105,Hickman County,Kentucky,KY,0.2326,1.8963144810543006e-06,0.3581424936386768,0.2735148514851486,0.8358778626,0.6876590330788804,0.5136138613861386,0.5405321782178217,0.43038366336633666,0.42667079207920794,0.3598391089108911,0.875,0.8422029702970297,0.054146039603960396,0.22586633663366337,0.0201
21107,Hopkins County,Kentucky,KY,0.6344,2.8477392329911394e-06,0.7255089058524173,0.6853341584158416,0.6746183206,0.6558524173027991,0.9316212871287128,0.4801980198019802,0.8016707920792079,0.760519801980198,0.5145420792079208,0.9668935643564357,0.7110148514851485,0.20977722772277227,0.7902227722772277,0.0609
21109,Jackson County,Kentucky,KY,0.664,2.3001711339768173e-06,0.2417302798982188,0.18719059405940594,0.707697201,0.13708651399491095,0.452970297029703,0.5495049504950495,0.33663366336633666,0.3613861386138614,0.4375,0.28155940594059403,0.07317450495049505,0.8038366336633663,0.3719059405940594,0.0438
21111,Jefferson County,Kentucky,KY,0.622,0.014894920698041273,0.9828244274809159,0.9808168316831682,0.5486641221,0.7662213740458015,0.9108910891089109,0.5241336633663366,0.9975247524752475,0.9699876237623762,0.9498762376237624,0.8669554455445545,0.23391089108910892,0.573019801980198,0.9152227722772277,0.087
21113,Jessamine County,Kentucky,KY,0.3474,2.6082962574168617e-06,0.3979007633587786,0.5609529702970297,0.10623409669999999,0.5769720101781171,0.8517945544554455,0.5581683168316832,0.7011138613861386,0.4347153465346535,0.5374381188118812,0.5689975247524752,0.19554455445544555,0.09282178217821782,0.7973391089108911,0.0312
21115,Johnson County,Kentucky,KY,0.7509,0.09063637700843377,0.710559796437659,0.6150990099009901,0.8212468193,0.17111959287531808,0.3353960396039604,0.5983910891089109,0.3239480198019802,0.6178836633663366,0.3818069306930693,0.37995049504950495,0.07317450495049505,0.7694925742574258,0.46132425742574257,0.0814
21117,Kenton County,Kentucky,KY,0.308,2.306144921055085e-06,0.7741730279898219,0.8261138613861386,0.1526717557,0.8059796437659033,0.9529702970297029,0.3558168316831683,0.9189356435643564,0.8131188118811881,0.8675742574257426,0.7592821782178217,0.18193069306930693,0.23081683168316833,0.8412747524752475,0.0536
21119,Knott County,Kentucky,KY,0.7334,2.3001711339768173e-06,0.5209923664122137,0.40625,0.8101145037999999,0.045801526717557245,0.34189356435643564,0.5142326732673267,0.21689356435643564,0.3533415841584158,0.38521039603960394,0.17202970297029702,0.07317450495049505,0.7481435643564357,0.2902227722772277,0.063
21121,Knox County,Kentucky,KY,0.8584,2.3180924952116205e-06,0.7471374045801527,0.5983910891089108,0.9669211196,0.15839694656488548,0.6268564356435643,0.5482673267326733,0.624690594059406,0.5739480198019802,0.9625618811881188,0.3100247524752475,0.22370049504950495,0.8514851485148515,0.6169554455445545,0.0807
21123,Larue County,Kentucky,KY,0.2501,0.19995477908689915,0.12436386768447835,0.19337871287128713,0.1879770992,0.6281806615776081,0.4650371287128713,0.4458539603960396,0.37995049504950495,0.27939356435643564,0.3224009900990099,0.45699257425742573,0.3149752475247525,0.09560643564356436,0.35705445544554454,0.0303
21125,Laurel County,Kentucky,KY,0.5285,0.0475635828534735,0.7166030534351145,0.661509900990099,0.6822519083999999,0.2900763358778626,0.7914603960396039,0.6361386138613861,0.8397277227722773,0.8029084158415841,0.8913985148514851,0.47957920792079206,0.3025990099009901,0.8978960396039604,0.744740099009901,0.0677
21127,Lawrence County,Kentucky,KY,0.4744,2.3001711339768173e-06,0.5327608142493638,0.4659653465346534,0.7010178117,0.12118320610687022,0.3276608910891089,0.5123762376237624,0.2264851485148515,0.7883663366336634,0.15748762376237624,0.41738861386138615,0.17883663366336633,0.6785272277227723,0.31064356435643564,0.0526
21129,Lee County,Kentucky,KY,0.8492,2.3001711339768173e-06,0.07506361323155217,0.05290841584158415,0.6682569975,0.07124681933842239,0.3162128712871287,0.45235148514851486,0.255259900990099,0.2431930693069307,0.3001237623762376,0.22308168316831684,0.1707920792079208,0.5894183168316832,0.24721534653465346,0.0486
21131,Leslie County,Kentucky,KY,0.5746,2.312972106287391e-06,0.31711195928753183,0.2329826732673267,0.7821246819,0.10400763358778625,0.3626237623762376,0.49195544554455445,0.2416460396039604,0.2896039603960396,0.40810643564356436,0.11757425742574257,0.07317450495049505,0.6383044554455446,0.18502475247524752,0.0444
21133,Letcher County,Kentucky,KY,0.7012,2.3001711339768173e-06,0.666030534351145,0.5473391089108911,0.8629134860000001,0.10750636132315522,0.3771658415841584,0.5637376237623762,0.2979579207920792,0.38985148514851486,0.5343440594059405,0.18471534653465346,0.07317450495049505,0.7713490099009901,0.14573019801980197,0.0703
21135,Lewis County,Kentucky,KY,0.5495,2.3001711339768173e-06,0.41475826972010177,0.3285891089108911,0.7398218830000001,0.07569974554707379,0.4464727722772277,0.5114480198019802,0.37469059405940597,0.6076732673267327,0.1751237623762376,0.3623143564356436,0.2558787128712871,0.17636138613861385,0.40748762376237624,0.0493
21137,Lincoln County,Kentucky,KY,0.5835,2.332605357496822e-06,0.3256997455470738,0.2784653465346535,0.6898854962000001,0.4179389312977099,0.7595915841584159,0.5733292079207921,0.4127475247524752,0.3805693069306931,0.5915841584158416,0.5897277227722773,0.32642326732673266,0.26392326732673266,0.5077351485148515,0.0366
21139,Livingston County,Kentucky,KY,0.2374,2.4368294449026222e-06,0.27131043256997456,0.24040841584158415,0.6253180662,0.36354961832061067,0.6290222772277227,0.43719059405940597,0.5046410891089109,0.5210396039603961,0.34529702970297027,0.8545792079207921,0.6967821782178217,0.0906559405940594,0.2747524752475248,0.0233
21141,Logan County,Kentucky,KY,0.4671,2.3475749991214394e-06,0.5464376590330788,0.556930693069307,0.43543256999999996,0.3400127226463104,0.6977103960396039,0.5163985148514851,0.6856435643564357,0.5504331683168316,0.8616955445544554,0.7413366336633663,0.594059405940594,0.08261138613861387,0.7465965346534653,0.048
21143,Lyon County,Kentucky,KY,0.1845,2.547542105118442e-06,0.2888040712468194,0.22060643564356436,0.7646310433,0.3101145038167939,0.8620049504950495,0.390470297029703,0.4944306930693069,0.47957920792079206,0.3626237623762376,0.8904702970297029,0.7038985148514851,0.15129950495049505,0.2874381188118812,0.0232
21145,McCracken County,Kentucky,KY,0.5517,2.4372096557779033e-06,0.8966284987277355,0.8873762376237625,0.4554707379,0.8167938931297711,0.8323019801980198,0.5869430693069307,0.8610767326732673,0.9538985148514851,0.8604579207920792,0.937190594059406,0.7107054455445545,0.37376237623762376,0.7905321782178217,0.0732
21147,McCreary County,Kentucky,KY,0.6965,1.844740304631828e-06,0.25318066157760816,0.12438118811881188,0.9494274809,0.03276081424936387,0.5999381188118812,0.6178836633663366,0.49566831683168316,0.46379950495049505,0.6785272277227723,0.349009900990099,0.19121287128712872,0.7487623762376238,0.5714727722772277,0.0485
21149,McLean County,Kentucky,KY,0.1839,0.1426377508891308,0.40712468193384216,0.3251856435643564,0.7840330789,0.5155852417302799,0.713490099009901,0.45761138613861385,0.3926361386138614,0.474009900990099,0.2564975247524752,0.8734529702970297,0.7116336633663366,0.07116336633663366,0.2103960396039604,0.0352
21151,Madison County,Kentucky,KY,0.3843,2.3001711339768173e-06,0.7484096692111959,0.7775371287128714,0.2853053435,0.6234096692111958,0.8892326732673267,0.6339727722772277,0.8570544554455446,0.625309405940594,0.8412747524752475,0.7484529702970297,0.22834158415841585,0.5334158415841584,0.9446163366336634,0.0559
21153,Magoffin County,Kentucky,KY,0.7595,2.3815050907725085e-06,0.3498727735368956,0.2568069306930693,0.7929389313,0.08651399491094146,0.328279702970297,0.5352722772277227,0.2422648514851485,0.37097772277227725,0.2079207920792079,0.2422648514851485,0.21627475247524752,0.8254950495049505,0.307240099009901,0.0531
21155,Marion County,Kentucky,KY,0.7859,2.3001711339768173e-06,0.30216284987277353,0.3087871287128713,0.516221374,0.6157760814249363,0.6584158415841584,0.5331064356435643,0.6293316831683168,0.30507425742574257,0.4814356435643564,0.6008663366336634,0.31714108910891087,0.13551980198019803,0.44183168316831684,0.0394
21157,Marshall County,Kentucky,KY,0.1699,0.29953240616820925,0.6192748091603053,0.6376856435643564,0.4055343511,0.6424936386768448,0.8044554455445545,0.5689975247524752,0.6185024752475248,0.7178217821782178,0.6444925742574258,0.9306930693069307,0.6680074257425742,0.30507425742574257,0.5727103960396039,0.0606
21159,Martin County,Kentucky,KY,0.6869,2.3001711339768173e-06,0.4993638676844784,0.30074257425742573,0.9987277353999999,0.03466921119592875,0.46101485148514854,0.557240099009901,0.2400990099009901,0.5136138613861386,0.3493193069306931,0.3041460396039604,0.07317450495049505,0.7781559405940595,0.28620049504950495,0.0594
21161,Mason County,Kentucky,KY,0.6542,2.4260842714264906e-06,0.3918575063613232,0.34034653465346537,0.7102417303,0.7729007633587787,0.7376237623762376,0.520730198019802,0.5900371287128713,0.5225866336633663,0.22679455445544555,0.43719059405940597,0.28217821782178215,0.09096534653465346,0.4811262376237624,0.0362
21163,Meade County,Kentucky,KY,0.1559,2.351525321216825e-06,0.40903307888040713,0.44863861386138615,0.3921755725,0.6956106870229007,0.7991955445544554,0.3685024752475248,0.7657797029702971,0.5114480198019802,0.5167079207920792,0.6788366336633663,0.32982673267326734,0.1624381188118812,0.463490099009901,0.0213
21165,Menifee County,Kentucky,KY,0.5676,0.0,0.06202290076335878,0.06497524752475248,0.3788167939,0.2321882951653944,0.24257425742574257,0.3814975247524752,0.21936881188118812,0.23143564356435645,0.1494430693069307,0.2020420792079208,0.1782178217821782,0.5284653465346535,0.17048267326732675,0.0333
21167,Mercer County,Kentucky,KY,0.1591,2.3686433836301603e-06,0.41412213740458015,0.4248143564356436,0.4901399491,0.6777989821882952,0.7583539603960396,0.505259900990099,0.6995668316831684,0.2948638613861386,0.4319306930693069,0.6522277227722773,0.2998143564356436,0.1342821782178218,0.5092821782178217,0.0216
21169,Metcalfe County,Kentucky,KY,0.5453,2.3001711339768173e-06,0.21787531806615776,0.1135519801980198,0.9910941476,0.3724554707379134,0.4808168316831683,0.4863861386138614,0.5009282178217822,0.3369430693069307,0.48205445544554454,0.526299504950495,0.4155321782178218,0.09313118811881188,0.38830445544554454,0.0318
21171,Monroe County,Kentucky,KY,0.714,2.3001711339768173e-06,0.26653944020356235,0.16027227722772278,0.9437022901000001,0.4993638676844784,0.5498143564356436,0.5736386138613861,0.5467202970297029,0.34375,0.525990099009901,0.5541460396039604,0.42048267326732675,0.13459158415841585,0.4161509900990099,0.0366
21173,Montgomery County,Kentucky,KY,0.5896,2.3001711339768173e-06,0.3431933842239186,0.3623143564356436,0.4786895674,0.503498727735369,0.6831683168316832,0.5321782178217822,0.5510519801980198,0.4470915841584158,0.3845915841584158,0.46998762376237624,0.23298267326732675,0.3254950495049505,0.6157178217821783,0.0364
21175,Morgan County,Kentucky,KY,0.5918,2.3001711339768173e-06,0.22073791348600508,0.21287128712871287,0.5378498728000001,0.21660305343511455,0.34251237623762376,0.5358910891089109,0.3155940594059406,0.3994430693069307,0.21905940594059406,0.30167079207920794,0.07317450495049505,0.7172029702970297,0.3551980198019802,0.0384
21177,Muhlenberg County,Kentucky,KY,0.3535,0.05876996728026352,0.5324427480916031,0.49257425742574257,0.6498091603,0.4332061068702291,0.8273514851485149,0.4839108910891089,0.5584777227722773,0.744740099009901,0.6191212871287128,0.9310024752475248,0.6989480198019802,0.20389851485148514,0.5284653465346535,0.0446
21179,Nelson County,Kentucky,KY,0.0888,0.09055025850140744,0.5518447837150128,0.603960396039604,0.29071246819999996,0.8288804071246819,0.8904702970297029,0.4470915841584158,0.6992574257425742,0.46905940594059403,0.6407797029702971,0.6389232673267327,0.33879950495049505,0.26639851485148514,0.8586014851485149,0.0341
21181,Nicholas County,Kentucky,KY,0.4111,2.3001711339768173e-06,0.1898854961832061,0.10860148514851485,0.9545165394,0.5241730279898219,0.5027846534653465,0.48978960396039606,0.3743811881188119,0.2623762376237624,0.21441831683168316,0.3248762376237624,0.27382425742574257,0.04950495049504951,0.3582920792079208,0.0228
21183,Ohio County,Kentucky,KY,0.4251,0.0905502187708043,0.5416666666666666,0.47957920792079206,0.7270992366,0.5203562340966921,0.8375618811881188,0.5612623762376238,0.6466584158415841,0.5949876237623762,0.5142326732673267,0.8932549504950495,0.4811262376237624,0.1417079207920792,0.4279084158415842,0.0482
21185,Oldham County,Kentucky,KY,0.0398,2.3001711339768173e-06,0.5597964376590331,0.7168935643564357,0.10623409669999999,0.8419211195928753,0.8978960396039604,0.32301980198019803,0.8592202970297029,0.3879950495049505,0.5547648514851485,0.6256188118811881,0.25,0.18811881188118812,0.6543935643564357,0.0274
21187,Owen County,Kentucky,KY,0.2711,2.3001711339768173e-06,0.15203562340966922,0.18224009900990099,0.35909669209999995,0.39885496183206115,0.5058787128712872,0.3561262376237624,0.5194925742574258,0.2781559405940594,0.23267326732673269,0.45080445544554454,0.23638613861386137,0.08199257425742575,0.28558168316831684,0.0201
21189,Owsley County,Kentucky,KY,0.5078,2.3001711339768173e-06,0.06393129770992366,0.03217821782178218,0.8059796438,0.05979643765903308,0.2103960396039604,0.42945544554455445,0.18100247524752475,0.2088490099009901,0.22153465346534654,0.16429455445544555,0.21534653465346534,0.6553217821782178,0.14665841584158415,0.0366
21191,Pendleton County,Kentucky,KY,0.5221,0.2489705637927871,0.2989821882951654,0.31590346534653463,0.4602417303,0.4535623409669211,0.5996287128712872,0.32023514851485146,0.53125,0.37530940594059403,0.3097153465346535,0.35550742574257427,0.20513613861386137,0.08106435643564357,0.7202970297029703,0.0529
21193,Perry County,Kentucky,KY,0.6901,2.312972106287391e-06,0.7321882951653944,0.6949257425742574,0.6176844784,0.3839058524173028,0.5649752475247525,0.5872524752475248,0.35705445544554454,0.4306930693069307,0.5408415841584159,0.18719059405940594,0.07317450495049505,0.7852722772277227,0.49597772277227725,0.069
21195,Pike County,Kentucky,KY,0.7506,2.333361462339044e-06,0.8788167938931298,0.8360148514851485,0.7929389313,0.10496183206106872,0.7336014851485149,0.6379950495049505,0.21751237623762376,0.6840965346534653,0.48917079207920794,0.39913366336633666,0.21751237623762376,0.9034653465346535,0.41058168316831684,0.0932
21197,Powell County,Kentucky,KY,0.7992,2.4688014700515005e-06,0.3120229007633587,0.20606435643564358,0.8718193384,0.2121501272264631,0.7784653465346535,0.5167079207920792,0.38830445544554454,0.3459158415841584,0.3551980198019802,0.34344059405940597,0.2057549504950495,0.4474009900990099,0.4464727722772277,0.0488
21199,Pulaski County,Kentucky,KY,0.6456,0.05866290530114465,0.7913486005089058,0.7438118811881188,0.6838422392,0.43288804071246817,0.8641707920792079,0.6751237623762376,0.8344678217821783,0.6735767326732673,0.8901608910891089,0.6234529702970297,0.40532178217821785,0.651299504950495,0.7858910891089109,0.0762
21201,Robertson County,Kentucky,KY,0.587,0.0,0.01653944020356234,0.008353960396039601,0.8867684478,0.573791348600509,0.2218440594059406,0.3443688118811881,0.23391089108910892,0.23948019801980197,0.13830445544554457,0.21163366336633663,0.1813118811881188,0.0343440594059406,0.12902227722772278,0.0255
21203,Rockcastle County,Kentucky,KY,0.5291,2.1401331180399106e-06,0.361323155216285,0.24876237623762376,0.8708651399,0.255089058524173,0.5943688118811881,0.5216584158415841,0.5027846534653465,0.42326732673267325,0.5603341584158416,0.4319306930693069,0.24876237623762376,0.48948019801980197,0.46751237623762376,0.04
21205,Rowan County,Kentucky,KY,0.5065,2.3001711339768173e-06,0.47900763358778625,0.4508044554455445,0.612913486,0.5009541984732826,0.5584777227722773,0.5925123762376238,0.4285272277227723,0.5297029702970297,0.25340346534653463,0.4238861386138614,0.19492574257425743,0.48050742574257427,0.7790841584158416,0.0406
21207,Russell County,Kentucky,KY,0.6029,2.423421183352835e-06,0.31870229007633594,0.22926980198019797,0.8575063613,0.52735368956743,0.6024133663366337,0.6234529702970297,0.650680693069307,0.3756188118811881,0.6658415841584159,0.5606435643564357,0.34808168316831684,0.31745049504950495,0.5216584158415841,0.0343
21209,Scott County,Kentucky,KY,0.1572,0.09965065430900763,0.5607506361323155,0.6175742574257426,0.2779898219,0.8406488549618323,0.9241955445544554,0.5327970297029703,0.8106435643564357,0.5185643564356436,0.5454826732673267,0.6584158415841584,0.24195544554455445,0.16893564356435645,0.724009900990099,0.0379
21211,Shelby County,Kentucky,KY,0.2892,2.4898328787701862e-06,0.6186386768447837,0.6274752475247525,0.4621501272,0.7993002544529262,0.9409034653465347,0.4090346534653465,0.8814975247524752,0.4743193069306931,0.6048886138613861,0.6339727722772277,0.3353960396039604,0.23514851485148514,0.8780940594059405,0.0386
21213,Simpson County,Kentucky,KY,0.2259,2.3416921370976474e-06,0.2700381679389313,0.2676361386138614,0.5238549618,0.5458015267175572,0.599009900990099,0.46101485148514854,0.5662128712871287,0.41491336633663367,0.4622524752475248,0.661200495049505,0.4659653465346535,0.08044554455445545,0.562809405940594,0.019
21215,Spencer County,Kentucky,KY,0.0356,2.3617961586648262e-06,0.13326972010178118,0.3208539603960396,0.10623409669999999,0.9233460559796438,0.5043316831683168,0.31652227722772275,0.5785891089108911,0.2422648514851485,0.2911509900990099,0.36633663366336633,0.2286509900990099,0.11602722772277228,0.37345297029702973,0.0046
21217,Taylor County,Kentucky,KY,0.3395,0.09078783815820107,0.38708651399491095,0.3564356435643564,0.6437659032999999,0.7741730279898219,0.8465346534653465,0.536819306930693,0.6974009900990099,0.41120049504950495,0.5745668316831684,0.5457920792079208,0.338490099009901,0.10241336633663366,0.5160891089108911,0.0321
21219,Todd County,Kentucky,KY,0.7986,0.12493737545956886,0.2856234096692112,0.3452970297029702,0.3094783715,0.1272264631043257,0.5114480198019802,0.4814356435643564,0.5634282178217822,0.42419554455445546,0.4839108910891089,0.8159034653465347,0.6658415841584159,0.055383663366336634,0.2942450495049505,0.0617
21221,Trigg County,Kentucky,KY,0.6672,2.8455014318632645e-06,0.48409669211195927,0.369430693069307,0.8514631043,0.2417302798982188,0.4718440594059406,0.43935643564356436,0.7054455445544554,0.530940594059406,0.47648514851485146,0.8647896039603961,0.7728960396039604,0.14913366336633663,0.6413985148514851,0.0521
21223,Trimble County,Kentucky,KY,0.3633,0.0,0.11895674300254452,0.08199257425742575,0.7089694656000001,0.15171755725190839,0.5689975247524752,0.36417079207920794,0.5386757425742574,0.2172029702970297,0.20544554455445543,0.40129950495049505,0.2750618811881188,0.06188118811881188,0.23607673267326731,0.0292
21225,Union County,Kentucky,KY,0.2424,0.08332505069974953,0.4277989821882952,0.3728341584158416,0.6927480916000001,0.3470101781170484,0.7524752475247525,0.4557549504950495,0.4034653465346535,0.619740099009901,0.3248762376237624,0.8703589108910891,0.8341584158415841,0.08168316831683169,0.2834158415841584,0.0379
21227,Warren County,Kentucky,KY,0.7731,2.3044381247470087e-06,0.8848600508905853,0.8879950495049507,0.3008905852,0.6838422391857506,0.7883663366336634,0.5863242574257426,0.9328589108910891,0.8282797029702971,0.7957920792079208,0.9084158415841584,0.45142326732673266,0.2073019801980198,0.7636138613861386,0.0818
21229,Washington County,Kentucky,KY,0.4184,0.2494766724102494,0.16730279898218833,0.20637376237623759,0.3298346056,0.712468193384224,0.5204207920792079,0.4498762376237624,0.5461014851485149,0.2301980198019802,0.29764851485148514,0.5733292079207921,0.2527846534653465,0.13892326732673269,0.29857673267326734,0.04
21231,Wayne County,Kentucky,KY,0.6812,2.4062186076869604e-06,0.5467557251908397,0.4130569306930693,0.8998091603,0.21946564885496184,0.541769801980198,0.6478960396039604,0.4489480198019802,0.4344059405940594,0.911509900990099,0.39294554455445546,0.3261138613861386,0.3969678217821782,0.6126237623762376,0.057
21233,Webster County,Kentucky,KY,0.706,2.307063965220972e-06,0.2923027989821883,0.3155940594059406,0.4268447837,0.28403307888040713,0.6964727722772277,0.42017326732673266,0.41336633663366334,0.4854579207920792,0.3347772277227723,0.8567450495049505,0.7063737623762376,0.05167079207920792,0.26949257425742573,0.0436
21235,Whitley County,Kentucky,KY,0.8365,2.3001711339768173e-06,0.6221374045801527,0.5671410891089108,0.6956106870000001,0.4799618320610687,0.5974628712871287,0.5900371287128713,0.6497524752475248,0.6655321782178217,0.7537128712871287,0.32889851485148514,0.25340346534653463,0.8551980198019802,0.5943688118811881,0.0626
21237,Wolfe County,Kentucky,KY,0.776,2.3618504175502883e-06,0.18543256997455473,0.07580445544554455,0.9529262086999999,0.014312977099236639,0.34375,0.4900990099009901,0.2354579207920792,0.2750618811881188,0.2818688118811881,0.22926980198019803,0.07317450495049505,0.6478960396039604,0.2837252475247525,0.05
21239,Woodford County,Kentucky,KY,0.1801,2.3001711339768173e-06,0.4001272264631043,0.452970297029703,0.3482824427,0.8489185750636132,0.8081683168316832,0.5092821782178217,0.7391707920792079,0.3125,0.46998762376237624,0.6005569306930693,0.23576732673267325,0.1021039603960396,0.5538366336633663,0.0201
22001,Acadia Parish,Louisiana,LA,0.8832,2.522983219499777e-06,0.8861323155216286,0.8397277227722771,0.8673664122,0.30343511450381677,0.3948019801980198,0.9752475247524752,0.7227722772277227,0.8134282178217822,0.8499381188118812,0.8149752475247525,0.9504950495049505,0.6265470297029703,0.916769801980198,0.0927
22003,Allen Parish,Louisiana,LA,0.903,2.075647353609971e-06,0.5069974554707379,0.48050742574257427,0.6055979644,0.38994910941475824,0.24288366336633663,0.8886138613861386,0.6608910891089109,0.536200495049505,0.6695544554455446,0.8084777227722773,0.7982673267326733,0.7728960396039604,0.8053836633663366,0.0592
22005,Ascension Parish,Louisiana,LA,0.384,2.3423311987966323e-06,0.9214376590330786,0.9235767326732671,0.3482824427,0.8457379134860051,0.5485767326732673,0.9848391089108911,0.9538985148514851,0.9152227722772277,0.8295173267326733,0.7342202970297029,0.8183787128712872,0.28620049504950495,0.8966584158415841,0.0698
22007,Assumption Parish,Louisiana,LA,0.7296,1.1560734602478062e-06,0.7029262086513995,0.6086014851485149,0.8520992366,0.5321246819338422,0.22122524752475248,0.9517326732673267,0.682549504950495,0.6813118811881188,0.5163985148514851,0.18688118811881188,0.9662747524752475,0.06621287128712872,0.5275371287128713,0.0636
22009,Avoyelles Parish,Louisiana,LA,0.9682,2.306426314211536e-06,0.7299618320610687,0.6005569306930693,0.9790076336000001,0.6307251908396947,0.568069306930693,0.9260519801980198,0.8468440594059405,0.7926980198019802,0.8480816831683168,0.9263613861386139,0.9730816831683168,0.5068069306930693,0.8304455445544554,0.0721
22011,Beauregard Parish,Louisiana,LA,0.5498,1.9928515910526413e-06,0.5556615776081425,0.5430074257425743,0.5225826972000001,0.2903944020356234,0.3811881188118812,0.870049504950495,0.494740099009901,0.6287128712871287,0.5507425742574258,0.8601485148514851,0.7382425742574258,0.8666460396039604,0.8988242574257426,0.0526
22013,Bienville Parish,Louisiana,LA,0.9755,2.4920716242623975e-06,0.2865776081424936,0.15872524752475248,0.9720101781,0.30820610687022904,0.7147277227722773,0.7617574257425742,0.5541460396039604,0.723700495049505,0.14820544554455445,0.9573019801980198,0.45173267326732675,0.2354579207920792,0.5034034653465347,0.0512
22015,Bossier Parish,Louisiana,LA,0.7773,0.02439109829191916,0.825381679389313,0.8279702970297029,0.4147582697,0.35591603053435117,0.8889232673267327,0.812809405940594,0.8613861386138614,0.9795792079207921,0.661819306930693,0.9941212871287128,0.6401608910891089,0.4031559405940594,0.9297648514851485,0.0844
22017,Caddo Parish,Louisiana,LA,0.9329,0.048136743381182685,0.926208651399491,0.8963490099009901,0.8476463103999999,0.6548982188295165,0.9814356435643564,0.8722153465346535,0.900990099009901,0.9876237623762376,0.9232673267326733,0.999690594059406,0.9820544554455446,0.6376856435643564,0.9749381188118812,0.0954
22019,Calcasieu Parish,Louisiana,LA,0.7149,0.024978348969051517,0.95706106870229,0.9470915841584159,0.612913486,0.23950381679389313,0.8471534653465347,0.9866955445544554,0.9569925742574258,0.8895420792079208,0.9248143564356436,0.9077970297029703,0.8616955445544554,0.9081064356435643,0.9925742574257426,0.0988
22021,Caldwell Parish,Louisiana,LA,0.9052,2.115031629754139e-06,0.10496183206106872,0.07982673267326733,0.6952926209,0.5585241730279898,0.45792079207920794,0.7199876237623762,0.4152227722772277,0.5785891089108911,0.16429455445544555,0.49845297029702973,0.5560024752475248,0.28001237623762376,0.2400990099009901,0.0382
22023,Cameron Parish,Louisiana,LA,0.2984,3.1206167803885464e-06,0.33651399491094147,0.37035891089108913,0.4538804071,0.9872773536895673,0.18564356435643564,0.8675742574257426,0.2868193069306931,0.21936881188118812,0.19647277227722773,0.3029084158415842,0.625,0.8691212871287128,0.9443069306930693,0.0201
22025,Catahoula Parish,Louisiana,LA,0.8581,0.07691903355296277,0.17016539440203562,0.0816831683168317,0.9809160305,0.4866412213740458,0.43719059405940597,0.807240099009901,0.32271039603960394,0.5959158415841584,0.32642326732673266,0.43842821782178215,0.880569306930693,0.19956683168316833,0.37902227722772275,0.0453
22027,Claiborne Parish,Louisiana,LA,0.8069,0.07692106348909308,0.4173027989821883,0.23391089108910898,0.9860050891000001,0.07601781170483461,0.8861386138613861,0.7741336633663366,0.6398514851485149,0.7407178217821783,0.13675742574257427,0.948019801980198,0.48669554455445546,0.3056930693069307,0.8443688118811881,0.0639
22029,Concordia Parish,Louisiana,LA,0.9949,0.16652456073876823,0.3155216284987277,0.20761138613861385,0.8988549618,0.39853689567430023,0.47988861386138615,0.8323019801980198,0.505259900990099,0.7465965346534653,0.562190594059406,0.5853960396039604,0.8638613861386139,0.13521039603960397,0.4031559405940594,0.0642
22031,De Soto Parish,Louisiana,LA,0.8101,0.06664650851624238,0.4201653944020356,0.31373762376237624,0.8470101781,0.3260178117048346,0.8876856435643564,0.7580445544554455,0.5136138613861386,0.8304455445544554,0.3180693069306931,0.7571163366336634,0.5321782178217822,0.5668316831683168,0.5553836633663366,0.0566
22033,East Baton Rouge Parish,Louisiana,LA,0.846,2.0265335688746904e-05,0.9796437659033078,0.9709158415841584,0.6638040712,0.5963740458015266,0.8035272277227723,0.9863861386138614,0.9959777227722773,0.9814356435643564,0.9870049504950495,0.9257425742574258,0.656559405940594,0.3412747524752475,0.9839108910891089,0.0958
22035,East Carroll Parish,Louisiana,LA,0.8781,0.09083255823255493,0.21596692111959284,0.11107673267326731,0.9917302799,0.3555979643765903,0.40779702970297027,0.7540222772277227,0.6367574257425742,0.5668316831683168,0.38211633663366334,0.6169554455445545,0.8982054455445545,0.09405940594059406,0.2948638613861386,0.0514
22037,East Feliciana Parish,Louisiana,LA,0.5937,2.36914520144454e-06,0.5642493638676845,0.4467821782178218,0.8638676845000001,0.2916666666666667,0.3808787128712871,0.8861386138613861,0.780940594059406,0.6593440594059405,0.6779084158415841,0.5083539603960396,0.7568069306930693,0.5971534653465347,0.49814356435643564,0.0533
22039,Evangeline Parish,Louisiana,LA,0.999,1.958110735902338e-06,0.7592239185750637,0.6522277227722771,0.8956743003,0.2010178117048346,0.42326732673267325,0.9226485148514851,0.8811881188118812,0.7014232673267327,0.9102722772277227,0.7803217821782178,0.8839727722772277,0.6952351485148515,0.8722153465346535,0.0863
22041,Franklin Parish,Louisiana,LA,0.8053,2.3001711339768173e-06,0.35909669211195927,0.25433168316831684,0.8791348601,0.5082697201017812,0.6516089108910891,0.8041460396039604,0.6581064356435643,0.755259900990099,0.2728960396039604,0.6537747524752475,0.8650990099009901,0.2332920792079208,0.4746287128712871,0.0437
22043,Grant Parish,Louisiana,LA,0.7219,4.3342042676513136e-06,0.2961195928753181,0.27784653465346537,0.5760178117,0.3851781170483461,0.5606435643564357,0.7416460396039604,0.6191212871287128,0.7360767326732673,0.26392326732673266,0.525990099009901,0.45853960396039606,0.4093440594059406,0.43935643564356436,0.0413
22045,Iberia Parish,Louisiana,LA,0.936,2.3001711339768173e-06,0.9061704834605598,0.8685024752475248,0.8810432570000001,0.8769083969465649,0.4347153465346535,0.9798886138613861,0.9180074257425742,0.8409653465346535,0.8598391089108911,0.6324257425742574,0.9186262376237624,0.30909653465346537,0.9600866336633663,0.0869
22047,Iberville Parish,Louisiana,LA,0.8501,2.0069765070558347e-06,0.7372773536895673,0.6952351485148515,0.6886132316,0.928117048346056,0.49659653465346537,0.9585396039603961,0.7803217821782178,0.729269801980198,0.7385519801980198,0.49907178217821785,0.8573638613861386,0.08601485148514851,0.5816831683168316,0.0669
22049,Jackson Parish,Louisiana,LA,0.8301,2.3001711339768173e-06,0.26176844783715014,0.15686881188118812,0.9195292621,0.38040712468193383,0.6840965346534653,0.7431930693069307,0.6364480198019802,0.7202970297029703,0.1349009900990099,0.8641707920792079,0.07317450495049505,0.32425742574257427,0.46720297029702973,0.0433
22051,Jefferson Parish,Louisiana,LA,0.8295,2.3892669087736616e-06,0.9866412213740456,0.9845297029702971,0.6838422392,0.9774173027989822,0.6448019801980198,0.9984529702970297,0.7295792079207921,0.9758663366336634,0.9656559405940595,0.9043935643564357,0.5139232673267327,0.29238861386138615,0.9863861386138614,0.0923
22053,Jefferson Davis Parish,Louisiana,LA,0.5549,0.14283201767532702,0.7433206106870229,0.7057549504950495,0.6151399491,0.3944020356234097,0.2264851485148515,0.942759900990099,0.7636138613861386,0.5396039603960396,0.6104579207920792,0.7518564356435643,0.9350247524752475,0.687190594059406,0.8926361386138614,0.0763
22055,Lafayette Parish,Louisiana,LA,0.735,2.648323078331012e-06,0.951653944020356,0.9542079207920792,0.3244274809,0.7283715012722645,0.6772896039603961,0.9879331683168316,0.6627475247524752,0.9334777227722773,0.9761757425742574,0.9099628712871287,0.8709777227722773,0.5430074257425742,0.9873143564356436,0.087
22057,Lafourche Parish,Louisiana,LA,0.7416,1.42058725321387e-06,0.9134860050890584,0.8917079207920792,0.7236005088999999,0.9580152671755725,0.5776608910891089,0.9832920792079208,0.9467821782178217,0.9241955445544554,0.8193069306930693,0.08446782178217822,0.8672648514851485,0.21132425742574257,0.8604579207920792,0.0806
22059,LaSalle Parish,Louisiana,LA,0.4648,0.07685867237695171,0.12150127226463106,0.13056930693069307,0.48409669209999995,0.6615776081424937,0.34715346534653463,0.7407178217821783,0.32642326732673266,0.6420173267326733,0.2453589108910891,0.4811262376237624,0.34405940594059403,0.2218440594059406,0.35086633663366334,0.0272
22061,Lincoln Parish,Louisiana,LA,0.7786,2.3001711339768173e-06,0.6434478371501272,0.5439356435643564,0.8578244275,0.5343511450381679,0.9486386138613861,0.755259900990099,0.8722153465346535,0.8969678217821783,0.1707920792079208,0.9780321782178217,0.4650371287128713,0.3162128712871287,0.6101485148514851,0.0604
22063,Livingston Parish,Louisiana,LA,0.4709,2.403453474900813e-06,0.9446564885496184,0.9480198019801981,0.35082697199999996,0.5114503816793893,0.6030321782178217,0.9823638613861386,0.9579207920792079,0.9251237623762376,0.849319306930693,0.7787747524752475,0.6865717821782178,0.5798267326732673,0.8867574257425742,0.0803
22065,Madison Parish,Louisiana,LA,1.0,2.4835609056204023e-06,0.3244274809160305,0.18502475247524752,0.9907760814,0.34605597964376583,0.7846534653465347,0.7747524752475248,0.7267945544554455,0.6497524752475248,0.3412747524752475,0.5922029702970297,0.8917079207920792,0.07487623762376237,0.30383663366336633,0.0526
22067,Morehouse Parish,Louisiana,LA,0.9558,2.353202057925359e-06,0.5527989821882953,0.3972772277227723,0.9793256997,0.4392493638676845,0.7271039603960396,0.7639232673267327,0.693069306930693,0.8032178217821783,0.46101485148514854,0.849319306930693,0.7342202970297029,0.49659653465346537,0.5170173267326733,0.0613
22069,Natchitoches Parish,Louisiana,LA,0.9281,0.07966982211036684,0.5639312977099237,0.4672029702970298,0.8043893129999999,0.27544529262086515,0.8793316831683168,0.8146658415841584,0.6519183168316832,0.8629331683168316,0.22215346534653466,0.7948638613861386,0.6073638613861386,0.5269183168316832,0.6577970297029703,0.0724
22071,Orleans Parish,Louisiana,LA,0.8381,2.289021438978459e-06,0.9825063613231552,0.9780321782178217,0.7751272265,0.998727735368957,0.48267326732673266,0.9975247524752475,0.7233910891089109,0.9733910891089109,0.9774133663366337,0.6717202970297029,0.5807549504950495,0.49504950495049505,0.9870049504950495,0.0921
22073,Ouachita Parish,Louisiana,LA,0.8845,0.03169973794924061,0.875,0.838490099009901,0.8183842239000001,0.7916666666666665,0.9096534653465347,0.8480816831683168,0.9613242574257426,0.9672029702970297,0.7150371287128713,0.9758663366336634,0.47679455445544555,0.5739480198019802,0.8796410891089109,0.0851
22075,Plaquemines Parish,Louisiana,LA,0.651,4.372370530434302e-06,0.7293256997455471,0.7082301980198021,0.5944656489,0.9764631043256996,0.07271039603960396,0.9619430693069307,0.41800742574257427,0.6429455445544554,0.46844059405940597,0.19183168316831684,0.8304455445544554,0.2271039603960396,0.5241336633663366,0.0593
22077,Pointe Coupee Parish,Louisiana,LA,0.7127,0.07084881388995533,0.6307251908396947,0.5170173267326733,0.9265267176,0.7754452926208651,0.39758663366336633,0.9000618811881188,0.7939356435643564,0.6794554455445545,0.9217202970297029,0.6067450495049505,0.9142945544554455,0.14201732673267325,0.4715346534653465,0.0588
22079,Rapides Parish,Louisiana,LA,0.9071,0.07390704999123157,0.8428753180661578,0.7948638613861386,0.7929389313,0.801208651399491,0.780940594059406,0.9303836633663366,0.6955445544554455,0.9183168316831684,0.9282178217821783,0.8654084158415841,0.9155321782178217,0.786200495049505,0.9616336633663366,0.0857
22081,Red River Parish,Louisiana,LA,0.6662,1.8896986562874418e-06,0.16666666666666663,0.08261138613861388,0.9678753181,0.5124045801526719,0.8366336633663366,0.7326732673267327,0.4659653465346535,0.5860148514851485,0.13521039603960397,0.6370668316831684,0.5600247524752475,0.19399752475247525,0.296720297029703,0.0316
22083,Richland Parish,Louisiana,LA,0.8632,2.027581908692029e-06,0.3667302798982188,0.2453589108910891,0.9478371500999999,0.6383587786259542,0.7360767326732673,0.7490717821782178,0.7258663366336634,0.7493811881188119,0.43873762376237624,0.7574257425742574,0.7534034653465347,0.2660891089108911,0.27258663366336633,0.0436
22085,Sabine Parish,Louisiana,LA,0.8848,0.06666470246776764,0.6097328244274809,0.47926980198019803,0.9118956743,0.1469465648854962,0.926980198019802,0.8539603960396039,0.7277227722772277,0.7732054455445545,0.24969059405940594,0.7667079207920792,0.5529084158415841,0.6831683168316832,0.7766089108910891,0.0765
22087,St. Bernard Parish,Louisiana,LA,0.9026,1.5305352383092383e-06,0.7560432569974553,0.7629950495049507,0.42239185749999997,0.964058524173028,0.1707920792079208,0.9668935643564357,0.5222772277227723,0.6955445544554455,0.530940594059406,0.2301980198019802,0.3691212871287129,0.4037747524752475,0.739480198019802,0.0714
22089,St. Charles Parish,Louisiana,LA,0.4451,0.1421470656783281,0.8505089058524173,0.8545792079207919,0.41698473280000004,0.9996819338422391,0.22370049504950495,0.9699876237623762,0.7781559405940595,0.7930074257425742,0.5996287128712872,0.2063737623762376,0.5423886138613861,0.20699257425742573,0.6800742574257426,0.0753
22091,St. Helena Parish,Louisiana,LA,0.9478,2.487192750040655e-06,0.36291348600508905,0.2159653465346535,0.9694656489000001,0.26240458015267176,0.2688737623762376,0.848700495049505,0.7001856435643564,0.5612623762376238,0.4146039603960396,0.3818069306930693,0.8629331683168316,0.5457920792079208,0.3353960396039604,0.0546
22093,St. James Parish,Louisiana,LA,0.2701,2.9639872407536092e-06,0.7102417302798982,0.651608910891089,0.7907124682,0.9739185750636133,0.25340346534653463,0.9563737623762376,0.6844059405940595,0.656559405940594,0.44832920792079206,0.3245668316831683,0.911200495049505,0.0739480198019802,0.49535891089108913,0.0432
22095,St. John the Baptist Parish,Louisiana,LA,0.7152,0.0,0.8152035623409668,0.8242574257425743,0.40362595419999997,0.9980916030534353,0.29826732673267325,0.968440594059406,0.8029084158415841,0.7487623762376238,0.5683787128712872,0.4223391089108911,0.8165222772277227,0.14263613861386137,0.7122524752475248,0.0702
22097,St. Landry Parish,Louisiana,LA,0.9262,0.11110714559065508,0.8819974554707379,0.8366336633663366,0.9052162850000001,0.7744910941475827,0.6154084158415841,0.942450495049505,0.943069306930693,0.8839727722772277,0.9316212871287128,0.8589108910891089,0.9706064356435643,0.6624381188118812,0.9647277227722773,0.0936
22099,St. Martin Parish,Louisiana,LA,0.7041,3.245037834231092e-06,0.8727735368956744,0.8267326732673267,0.8797709924,0.8142493638676843,0.40532178217821785,0.9712252475247525,0.8978960396039604,0.7948638613861386,0.9096534653465347,0.7230816831683168,0.9291460396039604,0.27042079207920794,0.8836633663366337,0.0754
22101,St. Mary Parish,Louisiana,LA,0.9109,0.4999059772902861,0.8893129770992367,0.8641707920792081,0.7560432570000001,0.8816793893129771,0.47926980198019803,0.9801980198019802,0.8672648514851485,0.7580445544554455,0.7728960396039604,0.37345297029702973,0.9133663366336634,0.1729579207920792,0.6763613861386139,0.1245
22103,St. Tammany Parish,Louisiana,LA,0.4868,2.2088679354963875e-06,0.9656488549618323,0.9665841584158418,0.33969465649999997,0.938295165394402,0.8146658415841584,0.9919554455445545,0.869430693069307,0.9647277227722773,0.9285272277227723,0.7967202970297029,0.807240099009901,0.8985148514851485,0.9579207920792079,0.0778
22105,Tangipahoa Parish,Louisiana,LA,0.8651,0.03331047583353259,0.9332061068702288,0.9133663366336634,0.7315521628,0.6583969465648855,0.8125,0.9845297029702971,0.9050123762376238,0.9337871287128713,0.838490099009901,0.8025990099009901,0.8468440594059405,0.7889851485148515,0.9399752475247525,0.0927
22107,Tensas Parish,Louisiana,LA,0.8454,2.3001711339768173e-06,0.1450381679389313,0.06899752475247525,0.9608778626,0.3142493638676845,0.3839727722772277,0.7793935643564357,0.4746287128712871,0.49288366336633666,0.2286509900990099,0.5216584158415841,0.8895420792079208,0.08879950495049505,0.18409653465346534,0.0422
22109,Terrebonne Parish,Louisiana,LA,0.7821,2.516158074025003e-06,0.9424300254452926,0.9371905940594061,0.5318066158,0.9675572519083968,0.36788366336633666,0.9882425742574258,0.9313118811881188,0.9390470297029703,0.8938737623762376,0.09715346534653466,0.8415841584158416,0.25433168316831684,0.9164603960396039,0.0856
22111,Union Parish,Louisiana,LA,0.8724,0.00013081646187061848,0.49650127226463103,0.37407178217821785,0.8883587786,0.2907124681933842,0.8982054455445545,0.7354579207920792,0.6556311881188119,0.7769183168316832,0.21008663366336633,0.9074876237623762,0.4353341584158416,0.46379950495049505,0.40655940594059403,0.0588
22113,Vermilion Parish,Louisiana,LA,0.7875,2.423421183352835e-06,0.84764631043257,0.8168316831683168,0.6959287532,0.7538167938931298,0.1890470297029703,0.9656559405940595,0.3180693069306931,0.7787747524752475,0.7831064356435643,0.6680074257425742,0.9758663366336634,0.4563737623762376,0.9136757425742574,0.0768
22115,Vernon Parish,Louisiana,LA,0.832,2.2476018953259337e-06,0.6889312977099238,0.6284034653465347,0.6768447836999999,0.06870229007633588,0.6503712871287128,0.9037747524752475,0.8635519801980198,0.7453589108910891,0.7125618811881188,0.7880569306930693,0.07317450495049505,0.8035272277227723,0.8258044554455446,0.0792
22117,Washington Parish,Louisiana,LA,0.9822,2.521443169569081e-06,0.8552798982188295,0.7636138613861386,0.9720101781,0.34923664122137404,0.7045173267326733,0.9696782178217822,0.724009900990099,0.8403465346534653,0.5770420792079208,0.6432549504950495,0.9139851485148515,0.8056930693069307,0.7301980198019802,0.0909
22119,Webster Parish,Louisiana,LA,0.8775,2.678117814078527e-06,0.69529262086514,0.5640470297029703,0.9265267176,0.2229643765903308,0.9504950495049505,0.7843440594059405,0.7880569306930693,0.9099628712871287,0.32982673267326734,0.9863861386138614,0.46751237623762376,0.4350247524752475,0.6370668316831684,0.0753
22121,West Baton Rouge Parish,Louisiana,LA,0.6341,2.3180924952116205e-06,0.318384223918575,0.46256188118811875,0.1275445293,0.7958015267175572,0.2849628712871287,0.8663366336633663,0.6649133663366337,0.6073638613861386,0.698019801980198,0.38613861386138615,0.7821782178217822,0.055693069306930694,0.4214108910891089,0.0338
22123,West Carroll Parish,Louisiana,LA,0.6325,2.457642136168773e-06,0.15394402035623408,0.09375,0.8438295164999999,0.24745547073791355,0.36324257425742573,0.724319306930693,0.43719059405940597,0.6017945544554455,0.31683168316831684,0.6813118811881188,0.8811881188118812,0.25742574257425743,0.25092821782178215,0.0367
22125,West Feliciana Parish,Louisiana,LA,0.4668,2.3001711339768173e-06,0.3473282442748092,0.3369430693069307,0.5842875318,0.6138676844783715,0.5324876237623762,0.838490099009901,0.6590346534653465,0.5495049504950495,0.718440594059406,0.42264851485148514,0.6150990099009901,0.3932549504950495,0.33879950495049505,0.0298
22127,Winn Parish,Louisiana,LA,0.7401,0.062468015278668826,0.29548346055979646,0.1655321782178218,0.9825063613,0.446882951653944,0.6209777227722773,0.7487623762376238,0.599009900990099,0.724319306930693,0.14511138613861385,0.6482054455445545,0.43904702970297027,0.349009900990099,0.40129950495049505,0.0446
23001,Androscoggin County,Maine,ME,0.6007,1.5447721170303024e-06,0.5906488549618321,0.6482054455445545,0.2830788804,0.8533715012722645,0.4900990099009901,0.8975866336633663,0.21998762376237624,0.38582920792079206,0.4121287128712871,0.9520420792079208,0.7682549504950495,0.2682549504950495,0.7066831683168316,0.0481
23003,Aroostook County,Maine,ME,0.6545,0.02429167220680751,0.8040712468193384,0.7639232673267327,0.6762086514000001,0.5187659033078881,0.5513613861386139,0.8743811881188119,0.1797648514851485,0.17852722772277227,0.9767945544554455,0.7079207920792079,0.4399752475247525,0.28248762376237624,0.5371287128712872,0.0733
23005,Cumberland County,Maine,ME,0.1413,1.7680382862016601e-06,0.7700381679389313,0.8771658415841584,0.10623409669999999,0.9879134860050892,0.7800123762376238,0.9310024752475248,0.2750618811881188,0.6070544554455446,0.6172648514851485,0.9832920792079208,0.42636138613861385,0.40594059405940597,0.854269801980198,0.0474
23007,Franklin County,Maine,ME,0.4569,2.3001711339768173e-06,0.4363867684478372,0.4681311881188119,0.4332061069,0.8024809160305344,0.4557549504950495,0.8579826732673267,0.14758663366336633,0.18533415841584158,0.6494430693069307,0.9081064356435643,0.42667079207920794,0.1828589108910891,0.7267945544554455,0.0323
23009,Hancock County,Maine,ME,0.2183,2.3001711339768173e-06,0.5502544529262087,0.6030321782178217,0.3021628499,0.9748727735368956,0.22308168316831684,0.9096534653465347,0.1813118811881188,0.14975247524752475,0.6720297029702971,0.9176980198019802,0.5860148514851485,0.1327351485148515,0.8211633663366337,0.0306
23011,Kennebec County,Maine,ME,0.357,1.4989903584274835e-06,0.7522264631043256,0.7827970297029703,0.2942111959,0.9087150127226464,0.6138613861386139,0.9084158415841584,0.2790841584158416,0.40625,0.4501856435643564,0.9718440594059405,0.7710396039603961,0.3530321782178218,0.8765470297029703,0.0521
23013,Knox County,Maine,ME,0.1724,2.3001711339768173e-06,0.285941475826972,0.41212871287128716,0.1628498728,0.9898218829516542,0.40222772277227725,0.8731435643564357,0.15191831683168316,0.14727722772277227,0.29919554455445546,0.8997524752475248,0.37592821782178215,0.1905940594059406,0.5108292079207921,0.0143
23015,Lincoln County,Maine,ME,0.1094,1.7332152881888409e-06,0.31806615776081426,0.3777846534653466,0.3552798982,0.9535623409669214,0.18997524752475248,0.8771658415841584,0.17202970297029702,0.1751237623762376,0.2620668316831683,0.9090346534653465,0.3459158415841584,0.20915841584158415,0.5996287128712872,0.0128
23017,Oxford County,Maine,ME,0.3452,1.8514583764753216e-06,0.659033078880407,0.6410891089108911,0.5667938931,0.6720737913486005,0.5185643564356436,0.8969678217821783,0.18966584158415842,0.3465346534653465,0.7178217821782178,0.9229579207920792,0.4229579207920792,0.29207920792079206,0.6683168316831684,0.045
23019,Penobscot County,Maine,ME,0.4416,2.3001711339768173e-06,0.7802162849872775,0.8038366336633663,0.31456743,0.9351145038167938,0.5813737623762376,0.901299504950495,0.3415841584158416,0.3845915841584158,0.6361386138613861,0.9706064356435643,0.6135519801980198,0.3118811881188119,0.9124381188118812,0.0575
23021,Piscataquis County,Maine,ME,0.4804,2.1945209218164655e-06,0.5235368956743003,0.5396039603960398,0.4491094148,0.6870229007633588,0.13521039603960397,0.8205445544554455,0.1135519801980198,0.12871287128712872,0.9297648514851485,0.9297648514851485,0.43657178217821785,0.11633663366336634,0.8632425742574258,0.04
23023,Sagadahoc County,Maine,ME,0.1015,2.3001711339768173e-06,0.23346055979643765,0.33323019801980197,0.2022900763,0.9691475826972008,0.19399752475247525,0.8363242574257426,0.1547029702970297,0.1745049504950495,0.17636138613861385,0.8944925742574258,0.29455445544554454,0.16676980198019803,0.3948019801980198,0.0093
23025,Somerset County,Maine,ME,0.3,2.3001711339768173e-06,0.6793893129770993,0.6905940594059404,0.41125954200000003,0.539440203562341,0.4879331683168317,0.8954207920792079,0.1859529702970297,0.23793316831683167,0.9201732673267327,0.9087252475247525,0.7942450495049505,0.24195544554455445,0.8629331683168316,0.0479
23027,Waldo County,Maine,ME,0.2902,2.3001711339768173e-06,0.4061704834605598,0.4656559405940594,0.32029262090000005,0.8250636132315522,0.23360148514851486,0.8725247524752475,0.1760519801980198,0.22772277227722773,0.6150990099009901,0.9056311881188119,0.5597153465346535,0.19863861386138615,0.676980198019802,0.0247
23029,Washington County,Maine,ME,0.6694,1.8664492103711627e-06,0.47550890585241734,0.38025990099009893,0.8641857505999999,0.8062977099236641,0.13149752475247525,0.895730198019802,0.13459158415841585,0.13923267326732675,0.5668316831683168,0.937809405940594,0.4978341584158416,0.23886138613861385,0.6831683168316832,0.0407
23031,York County,Maine,ME,0.1304,1.5310375894494568e-06,0.8145674300254453,0.8530321782178217,0.1628498728,0.8479643765903307,0.5160891089108911,0.937190594059406,0.47926980198019803,0.5454826732673267,0.4863861386138614,0.9842202970297029,0.6670792079207921,0.5745668316831684,0.7097772277227723,0.0504
24001,Allegany County,Maryland,MD,0.5552,0.01666524797409907,0.5852417302798982,0.5064975247524752,0.8123409669,0.8088422391857506,0.744430693069307,0.7602103960396039,0.375,0.7373143564356436,0.18502475247524752,0.44214108910891087,0.4808168316831683,0.2311262376237624,0.5445544554455446,0.0455
24003,Anne Arundel County,Maryland,MD,0.1639,2.246510665636566e-06,0.8187022900763359,0.8827351485148515,0.10623409669999999,0.8896310432569975,0.9136757425742574,0.9050123762376238,0.8251856435643564,0.9347153465346535,0.6723391089108911,0.6974009900990099,0.7472153465346535,0.37685643564356436,0.9405940594059405,0.0523
24005,Baltimore County,Maryland,MD,0.5571,0.012190975037630333,0.939885496183206,0.9433787128712872,0.32029262090000005,0.875,0.9594678217821783,0.9461633663366337,0.8090965346534653,0.9925742574257426,0.8960396039603961,0.713180693069307,0.8282797029702971,0.4118193069306931,0.9808168316831684,0.0788
24009,Calvert County,Maryland,MD,0.0057,2.3363195592193467e-06,0.28912213740458015,0.5284653465346534,0.10623409669999999,0.9376590330788805,0.500309405940594,0.864480198019802,0.1958539603960396,0.6964727722772277,0.28589108910891087,0.43904702970297027,0.6785272277227723,0.5386757425742574,0.6079826732673267,0.0101
24011,Caroline County,Maryland,MD,0.7579,1.6525919744161498e-06,0.4570610687022901,0.4405940594059406,0.5865139949,0.5601145038167938,0.676980198019802,0.9121287128712872,0.2620668316831683,0.5925123762376238,0.5030940594059405,0.42667079207920794,0.9288366336633663,0.6472772277227723,0.44771039603960394,0.0473
24013,Carroll County,Maryland,MD,0.0277,0.049872152364903714,0.5951017811704835,0.7456683168316832,0.10623409669999999,0.8148854961832062,0.9449257425742574,0.8292079207920792,0.3808787128712871,0.7608292079207921,0.45451732673267325,0.359220297029703,0.7530940594059405,0.16336633663366337,0.7852722772277227,0.0338
24015,Cecil County,Maryland,MD,0.322,1.9528731009464753e-06,0.585559796437659,0.6547029702970297,0.21851145039999997,0.6087786259541985,0.8567450495049505,0.8391089108910891,0.5,0.7905321782178217,0.5396039603960396,0.6884282178217822,0.9300742574257426,0.27320544554455445,0.619740099009901,0.0409
24017,Charles County,Maryland,MD,0.174,1.8679470883832706e-06,0.44147582697201015,0.6444925742574257,0.10623409669999999,0.8826335877862596,0.7787747524752475,0.8369430693069307,0.31095297029702973,0.7961014851485149,0.19801980198019803,0.4368811881188119,0.7311262376237624,0.21441831683168316,0.7475247524752475,0.0245
24019,Dorchester County,Maryland,MD,0.7824,1.9472238600040055e-06,0.5384860050890585,0.5219678217821783,0.6055979644,0.9745547073791349,0.4560643564356436,0.8913985148514851,0.3292079207920792,0.6438737623762376,0.4625618811881188,0.49535891089108913,0.817450495049505,0.8363242574257426,0.38675742574257427,0.0489
24021,Frederick County,Maryland,MD,0.1234,0.04249263332626596,0.7420483460559797,0.8363242574257426,0.10623409669999999,0.7779898218829515,0.8094059405940595,0.8462252475247525,0.6810024752475248,0.8564356435643564,0.3415841584158416,0.5708539603960396,0.7277227722772277,0.29610148514851486,0.8267326732673267,0.0485
24023,Garrett County,Maryland,MD,0.2564,0.0713372620506357,0.15998727735368956,0.16429455445544555,0.48409669209999995,0.5706106870229007,0.3301361386138614,0.7317450495049505,0.23360148514851486,0.07456683168316831,0.31745049504950495,0.25866336633663367,0.5788985148514851,0.3378712871287129,0.4121287128712871,0.0217
24025,Harford County,Maryland,MD,0.0789,2.176631694225963e-05,0.7245547073791349,0.8415841584158416,0.10623409669999999,0.9160305343511449,0.7858910891089109,0.8638613861386139,0.37407178217821785,0.9124381188118812,0.7076113861386139,0.5872524752475248,0.7320544554455446,0.21163366336633663,0.8131188118811881,0.0413
24027,Howard County,Maryland,MD,0.1483,2.3001711339768173e-06,0.7242366412213741,0.843440594059406,0.10623409669999999,0.9287531806615776,0.8929455445544554,0.8604579207920792,0.4381188118811881,0.8966584158415841,0.5445544554455446,0.6209777227722773,0.7564975247524752,0.17852722772277227,0.8456064356435643,0.0438
24029,Kent County,Maryland,MD,0.4353,2.1732384492801594e-06,0.27512722646310434,0.28712871287128716,0.5025445293,0.8864503816793892,0.42264851485148514,0.8576732673267327,0.2558787128712871,0.5532178217821783,0.2583539603960396,0.38304455445544555,0.931930693069307,0.2747524752475248,0.6692450495049505,0.0225
24031,Montgomery County,Maryland,MD,0.4893,2.5813743033792726e-06,0.9166666666666664,0.927289603960396,0.1987913486,0.6354961832061069,0.9668935643564357,0.9390470297029703,0.7923886138613861,0.9709158415841584,0.8678836633663366,0.7249381188118812,0.8199257425742574,0.2716584158415842,0.9186262376237624,0.0758
24033,Prince George's County,Maryland,MD,0.8161,2.3278939988032822e-06,0.9316157760814248,0.9251237623762375,0.4936386768,0.29834605597964375,0.9588490099009901,0.9418316831683168,0.9526608910891089,0.9786509900990099,0.7840346534653465,0.8199257425742574,0.8397277227722773,0.43904702970297027,0.9882425742574258,0.0961
24035,Queen Anne's County,Maryland,MD,0.043,2.149079457447708e-06,0.356234096692112,0.4458539603960396,0.256043257,0.9039440203562341,0.49907178217821785,0.8406559405940595,0.3502475247524752,0.5952970297029703,0.2595915841584158,0.41491336633663367,0.926980198019802,0.6070544554455446,0.41120049504950495,0.0129
24037,St. Mary's County,Maryland,MD,0.2466,2.7282601099068883e-06,0.4255725190839695,0.6435643564356436,0.10623409669999999,0.9309796437659033,0.661200495049505,0.8895420792079208,0.41027227722772275,0.6850247524752475,0.30785891089108913,0.5711633663366337,0.7308168316831684,0.6014851485148515,0.5739480198019802,0.0261
24039,Somerset County,Maryland,MD,0.8794,0.08311204933935952,0.5957379134860051,0.5476485148514851,0.7207379134999999,0.9185750636132317,0.37654702970297027,0.916769801980198,0.19121287128712872,0.39820544554455445,0.5467202970297029,0.5021658415841584,0.6738861386138614,0.8620049504950495,0.24814356435643564,0.0629
24041,Talbot County,Maryland,MD,0.3338,2.1580619423313897e-06,0.4236641221374045,0.4495668316831683,0.4685114504,0.9783715012722645,0.48607673267326734,0.875309405940594,0.33508663366336633,0.8236386138613861,0.42636138613861385,0.4755569306930693,0.8613861386138614,0.7193688118811881,0.6494430693069307,0.026
24043,Washington County,Maryland,MD,0.6325,0.03328409383515332,0.6876590330788804,0.6961633663366337,0.44592875319999997,0.7315521628498728,0.6881188118811881,0.8938737623762376,0.629950495049505,0.7995049504950495,0.3459158415841584,0.3561262376237624,0.8620049504950495,0.39882425742574257,0.713799504950495,0.0601
24045,Wicomico County,Maryland,MD,0.7916,2.3001711339768173e-06,0.6078244274809159,0.6646039603960396,0.2694020356,0.7690839694656488,0.3787128712871287,0.9375,0.35488861386138615,0.6472772277227723,0.6079826732673267,0.6345915841584159,0.7629950495049505,0.8137376237623762,0.7094678217821783,0.057
24047,Worcester County,Maryland,MD,0.4305,2.3001711339768173e-06,0.6819338422391857,0.6847153465346536,0.5003180662,0.9176208651399493,0.3406559405940594,0.9405940594059405,0.18378712871287128,0.5804455445544554,0.708230198019802,0.6058168316831684,0.6639851485148515,0.6680074257425742,0.4118193069306931,0.0479
24510,Baltimore City,Maryland,MD,0.8565,0.0908418711466439,0.9500636132315521,0.9347153465346536,0.7404580153000001,0.7878498727735369,0.963180693069307,0.943069306930693,0.9554455445544554,0.994430693069307,0.9702970297029703,0.7821782178217822,0.07317450495049505,0.26113861386138615,0.9232673267326733,0.0973
25001,Barnstable County,Massachusetts,MA,0.1279,1.0405149755656512e-06,0.8909033078880406,0.8910891089108911,0.3444656489,0.9930025445292621,0.6191212871287128,0.9594678217821783,0.46998762376237624,0.411509900990099,0.3217821782178218,0.5015470297029703,0.33199257425742573,0.5448638613861386,0.8703589108910891,0.0566
25003,Berkshire County,Massachusetts,MA,0.4235,2.3001711339768173e-06,0.8400127226463104,0.8428217821782178,0.4147582697,0.9335241730279897,0.8001237623762376,0.8784034653465347,0.5021658415841584,0.3725247524752475,0.7336014851485149,0.7704207920792079,0.24350247524752475,0.2722772277227723,0.6939975247524752,0.0622
25005,Bristol County,Massachusetts,MA,0.6227,0.0008923999070824093,0.8985368956743001,0.8948019801980197,0.32729007629999995,0.8495547073791349,0.869740099009901,0.9362623762376238,0.5340346534653465,0.8777846534653465,0.6794554455445545,0.8443688118811881,0.6110767326732673,0.39851485148514854,0.7648514851485149,0.0759
25007,Dukes County,Massachusetts,MA,0.133,1.9549275227127496e-06,0.16793893129770993,0.2336014851485149,0.2674936387,0.9971374045801527,0.09931930693069307,0.8573638613861386,0.13087871287128713,0.1150990099009901,0.08199257425742575,0.17790841584158415,0.22060643564356436,0.29826732673267325,0.15191831683168316,0.0078
25009,Essex County,Massachusetts,MA,0.6055,2.3589925550646595e-06,0.9557888040712469,0.9563737623762375,0.3422391858,0.9564249363867685,0.8898514851485149,0.9501856435643564,0.9263613861386139,0.9211014851485149,0.801980198019802,0.9755569306930693,0.9019183168316832,0.6030321782178217,0.9514232673267327,0.0809
25011,Franklin County,Massachusetts,MA,0.4375,2.1964551551872664e-06,0.6071882951653944,0.650680693069307,0.3298346056,0.9344783715012723,0.6185024752475248,0.8415841584158416,0.3344678217821782,0.5250618811881188,0.6327351485148515,0.7930074257425742,0.5792079207920792,0.3870668316831683,0.6336633663366337,0.0427
25013,Hampden County,Massachusetts,MA,0.8177,2.2184966177854815e-06,0.9277989821882952,0.9127475247524752,0.6447201018,0.7321882951653944,0.9211014851485149,0.9495668316831684,0.8319925742574258,0.9003712871287128,0.8530321782178217,0.9501856435643564,0.5980816831683168,0.40965346534653463,0.7246287128712872,0.0869
25015,Hampshire County,Massachusetts,MA,0.2708,2.0679134286406438e-06,0.698791348600509,0.780940594059406,0.1275445293,0.9402035623409668,0.6992574257425742,0.879950495049505,0.48360148514851486,0.6079826732673267,0.5872524752475248,0.8060024752475248,0.6494430693069307,0.3756188118811881,0.6912128712871287,0.0451
25017,Middlesex County,Massachusetts,MA,0.2854,2.1923878175144634e-06,0.9694656488549616,0.979888613861386,0.1580788804,0.8979007633587787,0.942450495049505,0.9662747524752475,0.9037747524752475,0.958230198019802,0.9047029702970297,0.9972153465346535,0.8715965346534653,0.7351485148514851,0.963799504950495,0.0714
25019,Nantucket County,Massachusetts,MA,0.1031,1.6687116498547878e-06,0.38676844783715003,0.650990099009901,0.10623409669999999,0.9895038167938931,0.04702970297029703,0.9328589108910891,0.0671410891089109,0.02645420792079208,0.06930693069306931,0.0724009900990099,0.23978960396039603,0.15377475247524752,0.08632425742574257,0.0192
25021,Norfolk County,Massachusetts,MA,0.2959,2.3001711339768173e-06,0.9201653944020357,0.9399752475247525,0.1275445293,0.92970737913486,0.6723391089108911,0.9421410891089109,0.698019801980198,0.8994430693069307,0.7456683168316832,0.9047029702970297,0.42976485148514854,0.5114480198019802,0.8592202970297029,0.0664
25023,Plymouth County,Massachusetts,MA,0.3064,1.9716822021038404e-06,0.9036259541984732,0.9183168316831682,0.1275445293,0.986323155216285,0.9279084158415841,0.9306930693069307,0.4962871287128713,0.8452970297029703,0.6265470297029703,0.8431311881188119,0.7079207920792079,0.5504331683168316,0.9081064356435643,0.0647
25025,Suffolk County,Massachusetts,MA,0.7849,1.2270496464318904e-06,0.9351145038167938,0.9192450495049507,0.7061068702,0.9548346055979644,0.5334158415841584,0.9529702970297029,0.7602103960396039,0.9755569306930693,0.9433787128712872,0.8131188118811881,0.07317450495049505,0.11448019801980198,0.9783415841584159,0.0847
25027,Worcester County,Massachusetts,MA,0.51,2.31334824266326e-06,0.9354325699745548,0.9461633663366337,0.2204198473,0.8587786259541985,0.96875,0.9749381188118812,0.8270420792079208,0.9031559405940595,0.9257425742574258,0.9870049504950495,0.7339108910891089,0.6361386138613861,0.9396658415841584,0.076
26001,Alcona County,Michigan,MI,0.1298,1.90813368483942e-06,0.17748091603053434,0.12004950495049505,0.8489185750999999,0.5378498727735369,0.17017326732673269,0.47741336633663367,0.22896039603960397,0.1469678217821782,0.46534653465346537,0.1760519801980198,0.07317450495049505,0.4285272277227723,0.5866336633663366,0.0122
26003,Alger County,Michigan,MI,0.2908,1.9291298162938777e-06,0.09605597964376593,0.07054455445544554,0.7375954198,0.6412213740458015,0.17636138613861385,0.1551670792079208,0.11540841584158416,0.0823019801980198,0.3932549504950495,0.22586633663366337,0.18873762376237624,0.30847772277227725,0.8295173267326733,0.0145
26005,Allegan County,Michigan,MI,0.1677,1.7055409629777807e-06,0.6851145038167938,0.7428836633663366,0.2242366412,0.9844147582697199,0.8685024752475248,0.5399133663366337,0.7691831683168316,0.4709158415841584,0.5897277227722773,0.6912128712871287,0.07317450495049505,0.3443688118811881,0.562190594059406,0.0396
26007,Alpena County,Michigan,MI,0.4165,1.541938650326468e-06,0.2833969465648855,0.22462871287128713,0.8021628499000001,0.8842239185750637,0.16646039603960397,0.45173267326732675,0.2698019801980198,0.27320544554455445,0.6376856435643564,0.2125618811881188,0.07317450495049505,0.1791460396039604,0.43347772277227725,0.0215
26009,Antrim County,Michigan,MI,0.0566,1.7398319288850034e-06,0.25763358778625955,0.33663366336633666,0.26176844779999997,0.8466921119592875,0.18873762376237624,0.38582920792079206,0.2880569306930693,0.20018564356435645,0.7744430693069307,0.16120049504950495,0.07317450495049505,0.28155940594059403,0.4551361386138614,0.009
26011,Arenac County,Michigan,MI,0.377,1.8255232309692985e-06,0.2032442748091603,0.16707920792079206,0.7134223919,0.8365139949109416,0.4941212871287129,0.4783415841584158,0.3372524752475248,0.1692450495049505,0.5646658415841584,0.3193069306930693,0.07317450495049505,0.3688118811881188,0.5457920792079208,0.0177
26013,Baraga County,Michigan,MI,0.4178,0.07687893898791937,0.10655216284987278,0.07301980198019802,0.7700381679,0.67970737913486,0.24350247524752475,0.1551670792079208,0.08818069306930693,0.10983910891089109,0.7308168316831684,0.18873762376237624,0.22741336633663367,0.1745049504950495,0.33508663366336633,0.0248
26015,Barry County,Michigan,MI,0.0668,2.3561938836931892e-06,0.4599236641221374,0.5510519801980198,0.207697201,0.909033078880407,0.7716584158415841,0.4146039603960396,0.7283415841584159,0.3493193069306931,0.5188737623762376,0.7178217821782178,0.07317450495049505,0.2688737623762376,0.3097153465346535,0.0198
26017,Bay County,Michigan,MI,0.294,0.09079042747393136,0.7818066157760815,0.7880569306930693,0.4408396947,0.9837786259541984,0.9452351485148515,0.5705445544554455,0.844059405940594,0.5529084158415841,0.9016089108910891,0.6531559405940595,0.07317450495049505,0.16986386138613863,0.5813737623762376,0.0591
26019,Benzie County,Michigan,MI,0.0818,2.3001711339768173e-06,0.22709923664122136,0.23638613861386137,0.534351145,0.9901399491094149,0.20606435643564355,0.32271039603960394,0.19554455445544555,0.19183168316831684,0.7583539603960396,0.10241336633663366,0.07317450495049505,0.14511138613861385,0.2988861386138614,0.0075
26021,Berrien County,Michigan,MI,0.6338,2.376053150342279e-06,0.8171119592875317,0.8193069306930693,0.4408396947,0.9840966921119592,0.9517326732673267,0.4935024752475248,0.838180693069307,0.6639851485148515,0.8920173267326733,0.5160891089108911,0.07317450495049505,0.2555693069306931,0.6228341584158416,0.0674
26023,Branch County,Michigan,MI,0.7181,2.6825747604199368e-06,0.5181297709923665,0.474319306930693,0.68543257,0.6246819338422392,0.7323638613861386,0.5179455445544554,0.7493811881188119,0.3978960396039604,0.6126237623762376,0.6321163366336634,0.6185024752475248,0.17357673267326731,0.5516707920792079,0.0482
26025,Calhoun County,Michigan,MI,0.6815,2.3475749991214394e-06,0.7452290076335878,0.7617574257425743,0.35591603050000004,0.9363867684478373,0.9727722772277227,0.536509900990099,0.8864480198019802,0.5235148514851485,0.7636138613861386,0.7360767326732673,0.07317450495049505,0.3041460396039604,0.5451732673267327,0.0627
26027,Cass County,Michigan,MI,0.2122,2.6801218811852677e-06,0.4770992366412214,0.47277227722772275,0.5260814249,0.4977735368956743,0.8555074257425742,0.4944306930693069,0.6543935643564357,0.4433787128712871,0.687190594059406,0.46534653465346537,0.25185643564356436,0.21225247524752475,0.35179455445544555,0.0303
26029,Charlevoix County,Michigan,MI,0.1518,2.4404373460246954e-06,0.2232824427480916,0.2679455445544554,0.3676844784,0.9818702290076337,0.23236386138613863,0.38985148514851486,0.22834158415841585,0.20761138613861385,0.7886757425742574,0.18007425742574257,0.07317450495049505,0.18502475247524752,0.4817450495049505,0.0102
26031,Cheboygan County,Michigan,MI,0.2599,2.3001711339768173e-06,0.5947837150127226,0.5114480198019802,0.8368320611,0.7964376590330786,0.1936881188118812,0.4399752475247525,0.27784653465346537,0.24195544554455445,0.7051361386138614,0.1311881188118812,0.07317450495049505,0.27351485148514854,0.494740099009901,0.0343
26033,Chippewa County,Michigan,MI,0.6373,2.2842922241109855e-06,0.2630407124681934,0.2583539603960396,0.5499363868,0.7150127226463104,0.10055693069306931,0.3805693069306931,0.0983910891089109,0.11478960396039604,0.6129331683168316,0.1432549504950495,0.07317450495049505,0.7608292079207921,0.38273514851485146,0.0308
26035,Clare County,Michigan,MI,0.693,2.3001711339768173e-06,0.47455470737913485,0.328279702970297,0.9541984733,0.44052162849872767,0.9498762376237624,0.4176980198019802,0.5918935643564357,0.2871287128712871,0.7069925742574258,0.4631806930693069,0.07317450495049505,0.4430693069306931,0.6905940594059405,0.0469
26037,Clinton County,Michigan,MI,0.0414,2.930082267479667e-06,0.47041984732824427,0.667388613861386,0.10623409669999999,0.9068066157760815,0.9043935643564357,0.5129950495049505,0.775680693069307,0.32054455445544555,0.635519801980198,0.6076732673267327,0.07317450495049505,0.15563118811881188,0.22246287128712872,0.0214
26039,Crawford County,Michigan,MI,0.3707,2.3001711339768173e-06,0.1803435114503817,0.140779702970297,0.7270992366,0.6253180661577608,0.2521658415841584,0.3567450495049505,0.2834158415841584,0.14077970297029702,0.5126856435643564,0.15253712871287128,0.07317450495049505,0.7589727722772277,0.6383044554455446,0.0195
26041,Delta County,Michigan,MI,0.335,1.5484370957541863e-06,0.5305343511450382,0.4978341584158416,0.6545801527,0.909351145038168,0.40717821782178215,0.1551670792079208,0.2629950495049505,0.16027227722772278,0.8808787128712872,0.22091584158415842,0.23607673267326731,0.5111386138613861,0.6537747524752475,0.0323
26043,Dickinson County,Michigan,MI,0.0945,2.3001711339768173e-06,0.5928753180661578,0.6209777227722773,0.4055343511,0.9052162849872772,0.2676361386138614,0.1551670792079208,0.2781559405940594,0.16212871287128713,0.9644183168316832,0.25711633663366334,0.22122524752475248,0.2973391089108911,0.5782797029702971,0.0291
26045,Eaton County,Michigan,MI,0.1782,0.0831913605719889,0.676208651399491,0.7252475247524752,0.2519083969,0.8893129770992367,0.9263613861386139,0.5371287128712872,0.8685024752475248,0.47029702970297027,0.6946163366336634,0.7456683168316832,0.07317450495049505,0.24938118811881188,0.45080445544554454,0.046
26047,Emmet County,Michigan,MI,0.1149,2.3001711339768173e-06,0.38136132315521637,0.4470915841584159,0.3174300254,0.9685114503816794,0.1485148514851485,0.3536509900990099,0.30074257425742573,0.23298267326732675,0.8090965346534653,0.2094678217821782,0.07317450495049505,0.18471534653465346,0.40501237623762376,0.0163
26049,Genesee County,Michigan,MI,0.6573,5.372523236158217e-05,0.9217557251908397,0.917388613861386,0.4373409669,0.7061068702290076,0.9798886138613861,0.5946782178217822,0.9857673267326733,0.8613861386138614,0.9832920792079208,0.9031559405940595,0.07317450495049505,0.27939356435643564,0.8978960396039604,0.081
26051,Gladwin County,Michigan,MI,0.5202,2.3300400693681566e-06,0.4026717557251908,0.3189975247524752,0.7986641220999999,0.5785623409669212,0.6915222772277227,0.4254331683168317,0.5034034653465347,0.21441831683168316,0.6813118811881188,0.39758663366336633,0.07317450495049505,0.4056311881188119,0.6676980198019802,0.0345
26053,Gogebic County,Michigan,MI,0.2418,2.3001711339768173e-06,0.25604325699745545,0.15903465346534654,0.9351145038000002,0.6580788804071247,0.4848391089108911,0.1551670792079208,0.21225247524752475,0.1463490099009901,0.7790841584158416,0.33972772277227725,0.16150990099009901,0.1676980198019802,0.838490099009901,0.0164
26055,Grand Traverse County,Michigan,MI,0.2033,2.0251503171340584e-06,0.6564885496183206,0.7320544554455446,0.1628498728,0.9646946564885497,0.59375,0.39232673267326734,0.4458539603960396,0.3589108910891089,0.9569925742574258,0.1593440594059406,0.07317450495049505,0.3292079207920792,0.6772896039603961,0.0388
26057,Gratiot County,Michigan,MI,0.4171,2.3001711339768173e-06,0.541348600508906,0.5436262376237624,0.5076335878,0.852735368956743,0.9077970297029703,0.5479579207920792,0.7370049504950495,0.3400371287128713,0.6806930693069307,0.5547648514851485,0.07317450495049505,0.09189356435643564,0.2645420792079208,0.0369
26059,Hillsdale County,Michigan,MI,0.483,2.4469533777688605e-06,0.49968193384223925,0.4693688118811881,0.6456743003,0.6886132315521628,0.6367574257425742,0.5046410891089109,0.7911509900990099,0.41089108910891087,0.6497524752475248,0.6395420792079208,0.37159653465346537,0.20235148514851486,0.7574257425742574,0.0378
26061,Houghton County,Michigan,MI,0.4213,0.24985347057574192,0.24300254452926212,0.3533415841584159,0.1723918575,0.7232824427480916,0.20668316831683167,0.1551670792079208,0.0875618811881188,0.13985148514851486,0.6933787128712872,0.13521039603960397,0.2249381188118812,0.2484529702970297,0.45235148514851486,0.0432
26063,Huron County,Michigan,MI,0.2046,2.3001711339768173e-06,0.5903307888040712,0.5717821782178217,0.5881043257,0.90235368956743,0.8025990099009901,0.6902846534653465,0.5405321782178217,0.4368811881188119,0.8830445544554455,0.5290841584158416,0.07317450495049505,0.1219059405940594,0.5321782178217822,0.0321
26065,Ingham County,Michigan,MI,0.5759,2.3882068835311154e-06,0.8724554707379135,0.8805693069306932,0.2942111959,0.8950381679389313,0.9845297029702971,0.599319306930693,0.9625618811881188,0.7305074257425742,0.8948019801980198,0.8511757425742574,0.07317450495049505,0.3149752475247525,0.723700495049505,0.0713
26067,Ionia County,Michigan,MI,0.3296,2.437115633283504e-06,0.5585241730279898,0.594368811881188,0.33555979639999994,0.8129770992366412,0.9034653465346535,0.510519801980198,0.781559405940594,0.3415841584158416,0.629950495049505,0.7397896039603961,0.07317450495049505,0.23731435643564355,0.27073019801980197,0.0359
26069,Iosco County,Michigan,MI,0.4362,2.3001711339768173e-06,0.3775445292620866,0.2772277227722773,0.8695928753,0.7220101781170485,0.5349628712871287,0.5553836633663366,0.3839727722772277,0.22834158415841585,0.6974009900990099,0.3146658415841584,0.07317450495049505,0.6178836633663366,0.6673886138613861,0.0278
26071,Iron County,Michigan,MI,0.3239,2.3001711339768173e-06,0.5505725190839694,0.4573019801980198,0.8530534351,0.7340966921119594,0.286509900990099,0.1551670792079208,0.1989480198019802,0.1318069306930693,0.963180693069307,0.17728960396039603,0.26732673267326734,0.44832920792079206,0.41800742574257427,0.034
26073,Isabella County,Michigan,MI,0.5711,2.3001711339768173e-06,0.6606234096692112,0.6407797029702971,0.5709287532,0.6676208651399491,0.9031559405940595,0.5034034653465347,0.8078589108910891,0.40222772277227725,0.780940594059406,0.6534653465346535,0.07317450495049505,0.2057549504950495,0.5612623762376238,0.0533
26075,Jackson County,Michigan,MI,0.5014,2.3001711339768173e-06,0.7646310432569975,0.7846534653465347,0.3422391858,0.9150763358778626,0.8879950495049505,0.5516707920792079,0.9375,0.5922029702970297,0.7945544554455446,0.7889851485148515,0.07317450495049505,0.3468440594059406,0.5785891089108911,0.0582
26077,Kalamazoo County,Michigan,MI,0.4257,2.3364211484991754e-06,0.8167938931297711,0.8511757425742574,0.18479643769999998,0.9153944020356232,0.9019183168316832,0.588180693069307,0.9384282178217822,0.5863242574257426,0.8029084158415841,0.755569306930693,0.07317450495049505,0.38304455445544555,0.6797648514851485,0.0608
26079,Kalkaska County,Michigan,MI,0.3035,1.8423535479486266e-06,0.21278625954198474,0.1958539603960396,0.5954198473000001,0.4491094147582697,0.28620049504950495,0.3375618811881188,0.297029702970297,0.19925742574257427,0.739480198019802,0.16150990099009901,0.07317450495049505,0.5618811881188119,0.32580445544554454,0.0216
26081,Kent County,Michigan,MI,0.4464,2.3855610577926112e-06,0.9220737913486005,0.9402846534653464,0.1746183206,0.9596055979643766,0.9907178217821783,0.5077351485148515,0.9783415841584159,0.9523514851485149,0.8972772277227723,0.8477722772277227,0.07317450495049505,0.44152227722772275,0.7332920792079208,0.0719
26083,Keweenaw County,Michigan,MI,0.0076,0.0,0.0066793893129771,0.0030940594059405903,0.9710559796,0.8880407124681934,0.0671410891089109,0.1551670792079208,0.04455445544554455,0.06621287128712872,0.13706683168316833,0.1655321782178218,0.1494430693069307,0.1760519801980198,0.056002475247524754,0.0007
26085,Lake County,Michigan,MI,0.721,1.6836590685986012e-06,0.22041984732824427,0.13149752475247525,0.903307888,0.20610687022900762,0.7973391089108911,0.3660272277227723,0.25804455445544555,0.24814356435643564,0.3910891089108911,0.27382425742574257,0.07317450495049505,0.4504950495049505,0.41429455445544555,0.0428
26087,Lapeer County,Michigan,MI,0.2065,2.4108071517729494e-06,0.6641221374045801,0.7079207920792079,0.2830788804,0.7576335877862596,0.9158415841584159,0.47896039603960394,0.849009900990099,0.4938118811881188,0.8409653465346535,0.7438118811881188,0.07317450495049505,0.19183168316831684,0.5405321782178217,0.0404
26089,Leelanau County,Michigan,MI,0.0118,2.3001711339768173e-06,0.48346055979643765,0.5194925742574257,0.4328880407,0.9984096692111959,0.2750618811881188,0.34560643564356436,0.21349009900990099,0.20482673267326731,0.9313118811881188,0.11912128712871287,0.07317450495049505,0.17264851485148514,0.3307549504950495,0.0182
26091,Lenawee County,Michigan,MI,0.4403,2.3001711339768173e-06,0.6994274809160305,0.7271039603960396,0.3152035623,0.8110687022900762,0.9084158415841584,0.5300123762376238,0.8480816831683168,0.5686881188118812,0.8347772277227723,0.7852722772277227,0.3814975247524752,0.23391089108910892,0.7168935643564357,0.051
26093,Livingston County,Michigan,MI,0.0041,2.929031430047147e-06,0.7347328244274809,0.8524133663366337,0.10623409669999999,0.9481552162849873,0.9396658415841584,0.43316831683168316,0.9173886138613861,0.6553217821782178,0.8137376237623762,0.8146658415841584,0.07317450495049505,0.39294554455445546,0.5584777227722773,0.0395
26095,Luce County,Michigan,MI,0.5313,2.3001711339768173e-06,0.02576335877862595,0.01547029702970297,0.7980279898,0.5216284987277354,0.0922029702970297,0.1551670792079208,0.06311881188118812,0.06806930693069307,0.18719059405940594,0.09344059405940594,0.15810643564356436,0.46844059405940597,0.26701732673267325,0.0245
26097,Mackinac County,Michigan,MI,0.6211,2.3001711339768173e-06,0.09096692111959287,0.05878712871287128,0.8533715013,0.8966284987277355,0.08508663366336634,0.37159653465346537,0.11788366336633663,0.07889851485148515,0.44461633663366334,0.10117574257425743,0.07317450495049505,0.4904084158415842,0.3347772277227723,0.0234
26099,Macomb County,Michigan,MI,0.4079,2.334407258803489e-06,0.9666030534351144,0.9712252475247525,0.2709923664,0.8072519083969466,0.9860767326732673,0.6280940594059405,0.9931930693069307,0.9470915841584159,0.9907178217821783,0.9829826732673267,0.07317450495049505,0.43316831683168316,0.8895420792079208,0.076
26101,Manistee County,Michigan,MI,0.3583,2.3001711339768173e-06,0.37213740458015265,0.3245668316831683,0.7468193384,0.9799618320610687,0.3598391089108911,0.37685643564356436,0.22524752475247525,0.2629950495049505,0.6503712871287128,0.22988861386138615,0.07317450495049505,0.30167079207920794,0.7642326732673267,0.0232
26103,Marquette County,Michigan,MI,0.2291,1.9591090740277913e-06,0.6978371501272265,0.6884282178217822,0.5375318066,0.8883587786259542,0.5321782178217822,0.1551670792079208,0.23638613861386137,0.255259900990099,0.9628712871287128,0.49133663366336633,0.20173267326732675,0.6955445544554455,0.7416460396039604,0.0419
26105,Mason County,Michigan,MI,0.3812,0.0,0.25349872773536897,0.19709158415841585,0.7973918575000001,0.9608778625954199,0.598700495049505,0.3756188118811881,0.2719678217821782,0.36726485148514854,0.43564356435643564,0.3353960396039604,0.07317450495049505,0.4313118811881188,0.33570544554455445,0.0188
26107,Mecosta County,Michigan,MI,0.6102,2.3001711339768173e-06,0.6984732824427481,0.6602722772277229,0.6424936387,0.6202290076335878,0.9959777227722773,0.46163366336633666,0.6383044554455446,0.3162128712871287,0.6652227722772277,0.5516707920792079,0.07317450495049505,0.31095297029702973,0.5222772277227723,0.0583
26109,Menominee County,Michigan,MI,0.1553,2.487192750040655e-06,0.4443384223918575,0.3966584158415841,0.7213740458,0.8342875318066157,0.32023514851485146,0.1551670792079208,0.33292079207920794,0.17883663366336633,0.8944925742574258,0.38551980198019803,0.21132425742574257,0.35148514851485146,0.6463490099009901,0.0206
26111,Midland County,Michigan,MI,0.1683,2.6320791873652132e-06,0.7194656488549618,0.744740099009901,0.3361959288,0.9529262086513997,0.9235767326732673,0.5154702970297029,0.8087871287128713,0.5374381188118812,0.8456064356435643,0.6014851485148515,0.07317450495049505,0.34467821782178215,0.5433168316831684,0.042
26113,Missaukee County,Michigan,MI,0.4757,0.0,0.11100508905852417,0.14016089108910892,0.3498727735,0.5130407124681934,0.41646039603960394,0.39139851485148514,0.2722772277227723,0.14294554455445543,0.5513613861386139,0.19616336633663367,0.07317450495049505,0.3691212871287129,0.28929455445544555,0.024
26115,Monroe County,Michigan,MI,0.1588,2.423421183352835e-06,0.8247455470737911,0.8502475247524752,0.2538167939,0.8645038167938931,0.937809405940594,0.5860148514851485,0.8954207920792079,0.7484529702970297,0.8446782178217822,0.8592202970297029,0.07317450495049505,0.3502475247524752,0.5535272277227723,0.0521
26117,Montcalm County,Michigan,MI,0.4607,2.3001711339768173e-06,0.5687022900763359,0.5906559405940595,0.3893129771,0.7487277353689568,0.9501856435643564,0.4504950495049505,0.7710396039603961,0.34808168316831684,0.6441831683168316,0.6494430693069307,0.07317450495049505,0.34251237623762376,0.4749381188118812,0.0418
26119,Montmorency County,Michigan,MI,0.4311,2.3001711339768173e-06,0.15871501272264632,0.08818069306930693,0.9303435115,0.5998727735368957,0.15501237623762376,0.38892326732673266,0.23143564356435645,0.16646039603960397,0.41089108910891087,0.14511138613861385,0.07317450495049505,0.614480198019802,0.614480198019802,0.0214
26121,Muskegon County,Michigan,MI,0.63,2.3001711339768173e-06,0.7010178117048347,0.7054455445544554,0.4831424936,0.9939567430025444,0.9650371287128713,0.4192450495049505,0.8094059405940595,0.6410891089108911,0.5931311881188119,0.7459777227722773,0.07317450495049505,0.32363861386138615,0.7069925742574258,0.0565
26123,Newaygo County,Michigan,MI,0.5463,0.24993082553119278,0.47073791348600513,0.4591584158415841,0.5683842239,0.7210559796437659,0.9127475247524752,0.42326732673267325,0.46844059405940597,0.35457920792079206,0.5482673267326733,0.556930693069307,0.07317450495049505,0.4631806930693069,0.5083539603960396,0.058
26125,Oakland County,Michigan,MI,0.1435,2.3268885077002227e-06,0.9751908396946563,0.9829826732673267,0.1657124682,0.9042620865139949,0.9891707920792079,0.6367574257425742,0.9972153465346535,0.9746287128712872,0.9928836633663366,0.994740099009901,0.07317450495049505,0.5925123762376238,0.8366336633663366,0.0668
26127,Oceana County,Michigan,MI,0.6252,2.3001711339768173e-06,0.3371501272264631,0.3521039603960396,0.5082697200999999,0.8139312977099238,0.9622524752475248,0.41120049504950495,0.327970297029703,0.3301361386138614,0.31435643564356436,0.4972153465346535,0.07317450495049505,0.3635519801980198,0.32889851485148514,0.0327
26129,Ogemaw County,Michigan,MI,0.4766,2.3001711339768173e-06,0.36959287531806617,0.26732673267326734,0.8565521628,0.4898218829516539,0.7629950495049505,0.46441831683168316,0.37933168316831684,0.20358910891089108,0.6163366336633663,0.28620049504950495,0.07317450495049505,0.6243811881188119,0.6714108910891089,0.0328
26131,Ontonagon County,Michigan,MI,0.1269,0.4995203922265908,0.04198473282442748,0.0327970297029703,0.6615776081,0.6768447837150127,0.18935643564356436,0.1551670792079208,0.0999381188118812,0.09375,0.4771039603960396,0.09189356435643564,0.24474009900990099,0.3344678217821782,0.28589108910891087,0.0473
26133,Osceola County,Michigan,MI,0.5924,0.0,0.23918575063613232,0.19152227722772278,0.7388676845000001,0.72264631043257,0.7546410891089109,0.40439356435643564,0.3818069306930693,0.23050742574257427,0.5501237623762376,0.35396039603960394,0.07317450495049505,0.2537128712871287,0.4993811881188119,0.0278
26135,Oscoda County,Michigan,MI,0.5797,0.0,0.15139949109414758,0.0823019801980198,0.8775445293,0.2480916030534351,0.19337871287128713,0.38521039603960394,0.2484529702970297,0.13397277227722773,0.39758663366336633,0.12623762376237624,0.07317450495049505,0.7663985148514851,0.9375,0.0347
26137,Otsego County,Michigan,MI,0.2759,2.3001711339768173e-06,0.18416030534351144,0.24814356435643564,0.26367684480000003,0.6294529262086515,0.44461633663366334,0.39201732673267325,0.29826732673267325,0.20699257425742573,0.625,0.1646039603960396,0.07317450495049505,0.46472772277227725,0.6503712871287128,0.0168
26139,Ottawa County,Michigan,MI,0.1371,2.3882068835311154e-06,0.8288804071246819,0.874690594059406,0.12181933839999999,0.9961832061068702,0.9789603960396039,0.45389851485148514,0.880569306930693,0.6488242574257426,0.7410272277227723,0.7914603960396039,0.07317450495049505,0.3623143564356436,0.7713490099009901,0.0516
26141,Presque Isle County,Michigan,MI,0.1957,0.0,0.21755725190839695,0.14356435643564358,0.8753180662,0.7592239185750637,0.14077970297029702,0.4319306930693069,0.22308168316831684,0.18378712871287128,0.43935643564356436,0.15594059405940594,0.07317450495049505,0.1639851485148515,0.8001237623762376,0.0122
26143,Roscommon County,Michigan,MI,0.3898,0.0,0.566793893129771,0.46349009900990107,0.8695928753,0.6911577608142494,0.567759900990099,0.45080445544554454,0.48514851485148514,0.21070544554455445,0.6413985148514851,0.2908415841584158,0.07317450495049505,0.7054455445544554,0.7280321782178217,0.0379
26145,Saginaw County,Michigan,MI,0.6707,2.9283296781748965e-06,0.8854961832061069,0.880259900990099,0.4685114504,0.9322519083969466,0.9724628712871287,0.6327351485148515,0.9347153465346535,0.786200495049505,0.9508044554455446,0.7735148514851485,0.07317450495049505,0.18316831683168316,0.4786509900990099,0.0756
26147,St. Clair County,Michigan,MI,0.2914,2.3001711339768173e-06,0.8199745547073792,0.8344678217821783,0.32569974549999997,0.8921755725190841,0.8623143564356436,0.5238242574257426,0.8756188118811881,0.651299504950495,0.9347153465346535,0.8740717821782178,0.07317450495049505,0.3533415841584158,0.45544554455445546,0.0559
26149,St. Joseph County,Michigan,MI,0.5905,2.572576300014943e-06,0.5858778625954199,0.5863242574257426,0.48886768449999995,0.6647582697201018,0.8285891089108911,0.5402227722772277,0.6451113861386139,0.36169554455445546,0.6485148514851485,0.5374381188118812,0.630259900990099,0.19245049504950495,0.7797029702970297,0.0485
26151,Sanilac County,Michigan,MI,0.4613,2.6082962574168617e-06,0.7032442748091603,0.6497524752475248,0.7201017812,0.6825699745547074,0.7199876237623762,0.6695544554455446,0.6401608910891089,0.4786509900990099,0.9579207920792079,0.7345297029702971,0.07317450495049505,0.14573019801980197,0.32735148514851486,0.0521
26153,Schoolcraft County,Michigan,MI,0.552,2.3001711339768173e-06,0.06743002544529263,0.06219059405940594,0.5146310433,0.7983460559796438,0.0999381188118812,0.1551670792079208,0.1051980198019802,0.06652227722772278,0.3214727722772277,0.11293316831683169,0.15903465346534654,0.3613861386138614,0.5009282178217822,0.0215
26155,Shiawassee County,Michigan,MI,0.1489,2.351525321216825e-06,0.6218193384223919,0.6349009900990099,0.4408396947,0.8540076335877863,0.9399752475247525,0.5513613861386139,0.8654084158415841,0.5736386138613861,0.8595297029702971,0.7029702970297029,0.07317450495049505,0.11076732673267327,0.3381806930693069,0.0334
26157,Tuscola County,Michigan,MI,0.2841,2.3001711339768173e-06,0.7305979643765902,0.7045173267326733,0.5928753180999999,0.8002544529262089,0.905940594059406,0.6225247524752475,0.7512376237623762,0.4594678217821782,0.879950495049505,0.7156559405940595,0.07317450495049505,0.18254950495049505,0.5027846534653465,0.0472
26159,Van Buren County,Michigan,MI,0.6494,2.3001711339768173e-06,0.6046437659033079,0.614480198019802,0.48187022900000004,0.9230279898218829,0.9257425742574258,0.47370049504950495,0.7766089108910891,0.4625618811881188,0.5952970297029703,0.8527227722772277,0.07317450495049505,0.2840346534653465,0.5358910891089109,0.0496
26161,Washtenaw County,Michigan,MI,0.3223,2.4108071517729494e-06,0.8928117048346056,0.9019183168316832,0.2146946565,0.9704198473282445,0.9801980198019802,0.6166460396039604,0.9693688118811881,0.8790222772277227,0.932549504950495,0.9105816831683168,0.07317450495049505,0.453279702970297,0.8907797029702971,0.064
26163,Wayne County,Michigan,MI,0.861,2.304651474285518e-06,0.9895038167938931,0.9863861386138614,0.7614503817,0.5865139949109415,0.9972153465346535,0.6868811881188119,0.995049504950495,0.9931930693069307,0.9975247524752475,0.9907178217821783,0.07317450495049505,0.5563118811881188,0.9829826732673267,0.0978
26165,Wexford County,Michigan,MI,0.5056,2.3001711339768173e-06,0.339058524173028,0.32301980198019803,0.612913486,0.7897582697201018,0.5566212871287128,0.36076732673267325,0.33910891089108913,0.27970297029702973,0.760519801980198,0.2787747524752475,0.07317450495049505,0.4245049504950495,0.49659653465346537,0.0284
27001,Aitkin County,Minnesota,MN,0.2838,2.2833221968869785e-06,0.5658396946564885,0.5151608910891089,0.7286895674,0.9815521628498728,0.3589108910891089,0.1551670792079208,0.2595915841584158,0.453279702970297,0.8415841584158416,0.3845915841584158,0.44771039603960394,0.5875618811881188,0.5194925742574258,0.0324
27003,Anoka County,Minnesota,MN,0.1807,0.11110290461455491,0.8800890585241732,0.9282178217821785,0.10623409669999999,0.9707379134860051,0.9885519801980198,0.1551670792079208,0.8759282178217822,0.8660272277227723,0.7202970297029703,0.786509900990099,0.3097153465346535,0.8214727722772277,0.9223391089108911,0.0674
27005,Becker County,Minnesota,MN,0.3808,2.2604738593122383e-06,0.37404580152671757,0.41367574257425743,0.4042620865,0.8505089058524173,0.5099009900990099,0.1551670792079208,0.5795173267326733,0.2902227722772277,0.562809405940594,0.19399752475247525,0.49845297029702973,0.7778465346534653,0.2286509900990099,0.0257
27007,Beltrami County,Minnesota,MN,0.755,0.06246760231715174,0.6055979643765903,0.6070544554455446,0.5028625954,0.8975826972010178,0.5420792079207921,0.1551670792079208,0.4238861386138614,0.42110148514851486,0.8060024752475248,0.19771039603960397,0.5952970297029703,0.8295173267326733,0.4625618811881188,0.0585
27009,Benton County,Minnesota,MN,0.3719,2.3001711339768173e-06,0.5133587786259542,0.5696163366336634,0.3047073791,0.9417938931297711,0.781559405940594,0.1551670792079208,0.6859529702970297,0.47926980198019803,0.6655321782178217,0.46101485148514854,0.588180693069307,0.6850247524752475,0.5123762376237624,0.0336
27011,Big Stone County,Minnesota,MN,0.0881,2.3001711339768173e-06,0.08524173027989822,0.1051980198019802,0.3816793893,0.7700381679389313,0.22926980198019803,0.1551670792079208,0.25340346534653463,0.3323019801980198,0.6349009900990099,0.4207920792079208,0.2599009900990099,0.33879950495049505,0.09003712871287128,0.0054
27013,Blue Earth County,Minnesota,MN,0.3831,0.055496823378917357,0.7220101781170485,0.7530940594059404,0.31456743,0.9720101781170485,0.9532797029702971,0.1551670792079208,0.7769183168316832,0.7038985148514851,0.9350247524752475,0.5399133663366337,0.7933168316831684,0.3369430693069307,0.2438118811881188,0.0545
27015,Brown County,Minnesota,MN,0.1145,0.0624965265911563,0.5038167938931297,0.6683168316831682,0.1138676845,0.9888676844783714,0.7249381188118812,0.1551670792079208,0.5776608910891089,0.44771039603960394,0.8985148514851485,0.5247524752475248,0.6584158415841584,0.2614480198019802,0.0891089108910891,0.0305
27017,Carlton County,Minnesota,MN,0.3678,2.1673961229352433e-06,0.7006997455470738,0.7385519801980197,0.2748091603,0.9077608142493636,0.26051980198019803,0.1551670792079208,0.3533415841584158,0.6271658415841584,0.9712252475247525,0.5594059405940595,0.349009900990099,0.4260519801980198,0.6686262376237624,0.048
27019,Carver County,Minnesota,MN,0.0337,0.0697520274073709,0.5966921119592875,0.8047648514851485,0.10623409669999999,0.9955470737913485,0.9439975247524752,0.1551670792079208,0.8004331683168316,0.7469059405940595,0.745049504950495,0.6423267326732673,0.37964108910891087,0.4099628712871287,0.4037747524752475,0.036
27021,Cass County,Minnesota,MN,0.3465,9.136815671739774e-05,0.5353053435114504,0.47988861386138615,0.7305979644,0.7903944020356234,0.625,0.1551670792079208,0.44461633663366334,0.5306311881188119,0.8443688118811881,0.28310643564356436,0.4771039603960396,0.6420173267326733,0.5522896039603961,0.0337
27023,Chippewa County,Minnesota,MN,0.6452,2.3441890087539668e-06,0.3699109414758271,0.35736386138613857,0.6100508906000001,0.9583333333333335,0.5461014851485149,0.1551670792079208,0.4495668316831683,0.7212252475247525,0.6958539603960396,0.5228960396039604,0.6345915841584159,0.36448019801980197,0.1676980198019802,0.0338
27025,Chisago County,Minnesota,MN,0.0426,2.3001711339768173e-06,0.44529262086513993,0.6478960396039604,0.10623409669999999,0.8835877862595418,0.7744430693069307,0.1551670792079208,0.651299504950495,0.41367574257425743,0.6268564356435643,0.42945544554455445,0.369740099009901,0.6639851485148515,0.5541460396039604,0.02
27027,Clay County,Minnesota,MN,0.4381,2.2943969849346967e-06,0.7366412213740458,0.8081683168316832,0.1275445293,0.746501272264631,0.7936262376237624,0.1551670792079208,0.630569306930693,0.40965346534653463,0.8555074257425742,0.5442450495049505,0.5077351485148515,0.6689356435643564,0.32332920792079206,0.0558
27029,Clearwater County,Minnesota,MN,0.7779,0.062433986645770774,0.04166666666666666,0.0525990099009901,0.30120865139999997,0.4920483460559797,0.1766707920792079,0.1551670792079208,0.1952351485148515,0.15346534653465346,0.36386138613861385,0.12066831683168316,0.6132425742574258,0.6646039603960396,0.10891089108910891,0.0391
27031,Cook County,Minnesota,MN,0.084,2.1776309107878395e-06,0.11227735368956743,0.10767326732673269,0.6348600509,0.9812340966921121,0.12252475247524752,0.1551670792079208,0.055383663366336634,0.11540841584158416,0.6287128712871287,0.1806930693069307,0.24257425742574257,0.8013613861386139,0.7691831683168316,0.0043
27033,Cottonwood County,Minnesota,MN,0.4903,0.05261131070319825,0.2770356234096692,0.29641089108910884,0.4691475827,0.7251908396946563,0.5488861386138614,0.1551670792079208,0.4436881188118812,0.4873143564356436,0.7172029702970297,0.5705445544554455,0.6726485148514851,0.34405940594059403,0.11726485148514851,0.0303
27035,Crow Wing County,Minnesota,MN,0.2087,2.3428197565553397e-06,0.7754452926208651,0.7939356435643564,0.3552798982,0.9742366412213741,0.7728960396039604,0.1551670792079208,0.6234529702970297,0.5835396039603961,0.9161509900990099,0.5324876237623762,0.4412128712871287,0.7679455445544554,0.7258663366336634,0.0484
27037,Dakota County,Minnesota,MN,0.1492,2.252730422586714e-06,0.8950381679389313,0.932858910891089,0.10623409669999999,0.9252544529262089,0.9938118811881188,0.1551670792079208,0.974319306930693,0.8514851485148515,0.9037747524752475,0.5900371287128713,0.33323019801980197,0.4121287128712871,0.8517945544554455,0.0589
27039,Dodge County,Minnesota,MN,0.0401,2.3511770292669548e-06,0.14217557251908397,0.3415841584158416,0.10623409669999999,0.9290712468193384,0.4526608910891089,0.1551670792079208,0.4498762376237624,0.2744430693069307,0.4207920792079208,0.23793316831683167,0.6280940594059405,0.07054455445544554,0.21844059405940594,0.0051
27041,Douglas County,Minnesota,MN,0.1174,1.956807944455674e-06,0.44338422391857507,0.5349628712871287,0.22678117050000002,0.9761450381679388,0.7385519801980198,0.1551670792079208,0.6349009900990099,0.40470297029702973,0.8013613861386139,0.47277227722772275,0.3533415841584158,0.5163985148514851,0.43780940594059403,0.0204
27043,Faribault County,Minnesota,MN,0.1629,1.8516731162340323e-06,0.45515267175572516,0.45111386138613857,0.5702926209,0.8781806615776081,0.7407178217821783,0.1551670792079208,0.588490099009901,0.38242574257425743,0.6853341584158416,0.38366336633663367,0.9368811881188119,0.1203589108910891,0.2843440594059406,0.0218
27045,Fillmore County,Minnesota,MN,0.2004,2.0631939517703267e-06,0.4977735368956743,0.5491955445544554,0.32729007629999995,0.907442748091603,0.2964108910891089,0.1551670792079208,0.6330445544554455,0.3833539603960396,0.6692450495049505,0.37654702970297027,0.48267326732673266,0.13242574257425743,0.2156559405940594,0.0265
27047,Freeborn County,Minnesota,MN,0.4986,0.041651158487883054,0.5098600508905853,0.5532178217821783,0.35909669209999995,0.8956743002544529,0.812809405940594,0.1551670792079208,0.801980198019802,0.28558168316831684,0.6478960396039604,0.30816831683168316,0.932549504950495,0.26423267326732675,0.1936881188118812,0.0413
27049,Goodhue County,Minnesota,MN,0.1645,1.8765896727752981e-06,0.4332061068702291,0.6896658415841584,0.10623409669999999,0.9914122137404582,0.8319925742574258,0.1551670792079208,0.7147277227722773,0.40129950495049505,0.49133663366336633,0.3313737623762376,0.5525990099009901,0.11478960396039604,0.3292079207920792,0.0242
27051,Grant County,Minnesota,MN,0.1998,2.1457670116071055e-06,0.02989821882951654,0.09282178217821782,0.10623409669999999,0.9211195928753181,0.1943069306930693,0.1551670792079208,0.22617574257425743,0.16955445544554457,0.390470297029703,0.16336633663366337,0.3372524752475248,0.1661509900990099,0.12592821782178218,0.0077
27053,Hennepin County,Minnesota,MN,0.4108,0.043477425275462125,0.9831424936386768,0.9891707920792081,0.2032442748,0.9809160305343512,0.9888613861386139,0.1551670792079208,0.9962871287128713,0.9913366336633663,0.9984529702970297,0.8115717821782178,0.42326732673267325,0.755569306930693,0.9056311881188119,0.0805
27055,Houston County,Minnesota,MN,0.0207,2.072354865745691e-06,0.2951653944020356,0.4811262376237624,0.10623409669999999,0.6399491094147582,0.20297029702970298,0.31404702970297027,0.4347153465346535,0.37840346534653463,0.6519183168316832,0.23483910891089108,0.43873762376237624,0.11324257425742575,0.2558787128712871,0.0132
27057,Hubbard County,Minnesota,MN,0.2809,0.07680219254447655,0.3517811704834606,0.39573019801980197,0.3893129771,0.5143129770992366,0.47277227722772275,0.1551670792079208,0.39542079207920794,0.24566831683168316,0.5795173267326733,0.25804455445544555,0.6868811881188119,0.6732673267326733,0.3004331683168317,0.032
27059,Isanti County,Minnesota,MN,0.0913,1.5829533352887495e-06,0.26908396946564883,0.5126856435643564,0.10623409669999999,0.9459287531806616,0.5167079207920792,0.1551670792079208,0.5204207920792079,0.4003712871287129,0.3935643564356436,0.3292079207920792,0.34189356435643564,0.6596534653465347,0.4402846534653465,0.0123
27061,Itasca County,Minnesota,MN,0.4012,1.9254019778863396e-06,0.7671755725190841,0.7345297029702971,0.6323155216,0.9112595419847328,0.8836633663366337,0.1551670792079208,0.3004331683168317,0.8041460396039604,0.9681311881188119,0.2530940594059406,0.41429455445544555,0.4628712871287129,0.7793935643564357,0.0538
27063,Jackson County,Minnesota,MN,0.0856,1.8423535479486266e-06,0.22423664122137402,0.34467821782178215,0.1507633588,0.7503180661577609,0.2400990099009901,0.1551670792079208,0.4306930693069307,0.31219059405940597,0.6123143564356436,0.6791460396039604,0.6460396039603961,0.34220297029702973,0.21008663366336633,0.0102
27065,Kanabec County,Minnesota,MN,0.2612,1.5510150841125052e-06,0.21310432569974555,0.2896039603960396,0.2519083969,0.7611323155216286,0.2979579207920792,0.1551670792079208,0.3969678217821782,0.2939356435643564,0.6670792079207921,0.3001237623762376,0.3564356435643564,0.6432549504950495,0.42357673267326734,0.0155
27067,Kandiyohi County,Minnesota,MN,0.5383,1.8647226607793027e-06,0.513676844783715,0.5606435643564357,0.33969465649999997,0.9338422391857506,0.8719059405940595,0.1551670792079208,0.5952970297029703,0.5900371287128713,0.8186881188118812,0.6497524752475248,0.6349009900990099,0.5133044554455446,0.47339108910891087,0.0395
27069,Kittson County,Minnesota,MN,0.0958,1.4831369192622768e-06,0.04802798982188295,0.1531559405940594,0.10623409669999999,0.9790076335877863,0.09715346534653466,0.1551670792079208,0.15903465346534654,0.09127475247524752,0.3567450495049505,0.4511138613861386,0.5587871287128713,0.7515470297029703,0.0906559405940594,0.0042
27071,Koochiching County,Minnesota,MN,0.3118,1.6154400161181576e-06,0.3148854961832061,0.297029702970297,0.6237277353999999,0.8447837150127225,0.10736386138613861,0.1551670792079208,0.07920792079207921,0.3948019801980198,0.7360767326732673,0.09034653465346534,0.432240099009901,0.3573638613861386,0.25742574257425743,0.0197
27073,Lac qui Parle County,Minnesota,MN,0.0535,1.9750004149462706e-06,0.1879770992366412,0.22308168316831684,0.3953562341,0.8416030534351145,0.37407178217821785,0.1551670792079208,0.3186881188118812,0.6141707920792079,0.6472772277227723,0.5655940594059405,0.6021039603960396,0.31590346534653463,0.06157178217821782,0.0061
27075,Lake County,Minnesota,MN,0.0805,1.8484341750651431e-06,0.3393765903307888,0.38087871287128716,0.4351145038,0.9847328244274809,0.8972772277227723,0.1551670792079208,0.13149752475247525,0.2484529702970297,0.8310643564356436,0.29146039603960394,0.20761138613861385,0.6336633663366337,0.7128712871287128,0.0125
27077,Lake of the Woods County,Minnesota,MN,0.0417,1.9855721900863082e-06,0.03530534351145039,0.12778465346534654,0.10623409669999999,0.988549618320611,0.05662128712871287,0.1551670792079208,0.07766089108910891,0.08663366336633663,0.18997524752475248,0.07766089108910891,0.5046410891089109,0.5665222772277227,0.04455445544554455,0.002
27079,Le Sueur County,Minnesota,MN,0.0694,0.059268664072318955,0.22805343511450382,0.48236386138613857,0.10623409669999999,0.965966921119593,0.760519801980198,0.1551670792079208,0.49814356435643564,0.42698019801980197,0.42728960396039606,0.3066212871287129,0.4535891089108911,0.18409653465346534,0.11293316831683169,0.0145
27081,Lincoln County,Minnesota,MN,0.069,1.7713065678834027e-06,0.18193384223918574,0.22648514851485152,0.3444656489,0.7280534351145039,0.3125,0.1551670792079208,0.30383663366336633,0.5253712871287128,0.4941212871287129,0.5792079207920792,0.6775990099009901,0.34034653465346537,0.04610148514851485,0.0077
27083,Lyon County,Minnesota,MN,0.5348,2.1824466118552825e-06,0.43479643765903314,0.6203589108910892,0.10623409669999999,0.7767175572519084,0.36014851485148514,0.1551670792079208,0.42883663366336633,0.37066831683168316,0.7311262376237624,0.5652846534653465,0.770730198019802,0.19554455445544555,0.07054455445544554,0.0377
27085,McLeod County,Minnesota,MN,0.1126,0.05262759486234553,0.46596692111959287,0.557549504950495,0.2051526718,0.9666030534351144,0.8329207920792079,0.1551670792079208,0.6875,0.5600247524752475,0.7920792079207921,0.5086633663366337,0.44090346534653463,0.2431930693069307,0.24350247524752475,0.0258
27087,Mahnomen County,Minnesota,MN,0.9577,0.07175994643467114,0.07124681933842239,0.030631188118811877,0.9736005088999999,0.45801526717557245,0.29146039603960394,0.1551670792079208,0.25030940594059403,0.14820544554455445,0.49535891089108913,0.09467821782178218,0.6683168316831684,0.5943688118811881,0.18316831683168316,0.0473
27089,Marshall County,Minnesota,MN,0.1133,1.965920068170149e-06,0.23568702290076335,0.317759900990099,0.239821883,0.9319338422391855,0.22091584158415842,0.1551670792079208,0.2125618811881188,0.15655940594059406,0.6432549504950495,0.5451732673267327,0.8743811881188119,0.8548886138613861,0.12004950495049505,0.0097
27091,Martin County,Minnesota,MN,0.2867,2.8624875743358737e-06,0.4548346055979644,0.4554455445544555,0.5419847328,0.8470101781170485,0.7818688118811881,0.1551670792079208,0.6936881188118812,0.4399752475247525,0.750309405940594,0.5040222772277227,0.8363242574257426,0.2020420792079208,0.2264851485148515,0.0265
27093,Meeker County,Minnesota,MN,0.1018,2.21937979526596e-06,0.2697201017811705,0.4207920792079208,0.12181933839999999,0.9424300254452926,0.7206064356435643,0.1551670792079208,0.49845297029702973,0.45761138613861385,0.5863242574257426,0.37623762376237624,0.452970297029703,0.27970297029702973,0.31404702970297027,0.0115
27095,Mille Lacs County,Minnesota,MN,0.5406,2.3001711339768173e-06,0.28498727735368956,0.39882425742574257,0.19147582700000002,0.9462468193384224,0.4535891089108911,0.1551670792079208,0.3270420792079208,0.3118811881188119,0.6383044554455446,0.3276608910891089,0.40779702970297027,0.6673886138613861,0.4183168316831683,0.0275
27097,Morrison County,Minnesota,MN,0.1448,1.5676036362865179e-06,0.6685750636132316,0.7218440594059404,0.239821883,0.9370229007633588,0.6884282178217822,0.1551670792079208,0.5058787128712872,0.3886138613861386,0.6058168316831684,0.432240099009901,0.6017945544554455,0.7858910891089109,0.8883044554455446,0.0374
27099,Mower County,Minnesota,MN,0.5021,2.3001711339768173e-06,0.6727099236641222,0.6970915841584159,0.3772264631,0.8307888040712467,0.7490717821782178,0.1551670792079208,0.8168316831683168,0.4319306930693069,0.5891089108910891,0.3997524752475248,0.9207920792079208,0.2103960396039604,0.255259900990099,0.0507
27101,Murray County,Minnesota,MN,0.0983,2.3001711339768173e-06,0.19815521628498728,0.23174504950495053,0.40362595419999997,0.9217557251908397,0.43038366336633666,0.1551670792079208,0.41058168316831684,0.46875,0.48978960396039606,0.567759900990099,0.781559405940594,0.2280321782178218,0.06652227722772278,0.0075
27103,Nicollet County,Minnesota,MN,0.1877,0.08330001071556192,0.4538804071246819,0.5689975247524752,0.1580788804,0.9904580152671757,0.8715965346534653,0.1551670792079208,0.5816831683168316,0.5383663366336634,0.7428836633663366,0.411509900990099,0.6413985148514851,0.1958539603960396,0.1327351485148515,0.0306
27105,Nobles County,Minnesota,MN,0.8323,2.402879508456832e-06,0.5015903307888042,0.46163366336633666,0.6501272265,0.40489821882951643,0.6955445544554455,0.1551670792079208,0.7422648514851485,0.452970297029703,0.7540222772277227,0.744740099009901,0.6735767326732673,0.22153465346534654,0.32982673267326734,0.0557
27107,Norman County,Minnesota,MN,0.2806,2.3115596826911053e-06,0.14376590330788805,0.15346534653465346,0.4748727735,0.5426208651399491,0.39294554455445546,0.1551670792079208,0.25185643564356436,0.15625,0.6175742574257426,0.5838490099009901,0.7732054455445545,0.4848391089108911,0.07797029702970297,0.017
27109,Olmsted County,Minnesota,MN,0.2361,2.3001711339768173e-06,0.8234732824427481,0.9028465346534652,0.10623409669999999,0.9926844783715013,0.7091584158415841,0.1551670792079208,0.895730198019802,0.7351485148514851,0.9303836633663366,0.6027227722772277,0.5829207920792079,0.2264851485148515,0.5560024752475248,0.0554
27111,Otter Tail County,Minnesota,MN,0.3303,2.382337833560829e-06,0.7938931297709924,0.7837252475247525,0.5349872774,0.9258905852417303,0.8709777227722773,0.1551670792079208,0.8459158415841584,0.44461633663366334,0.916769801980198,0.4402846534653465,0.5436262376237624,0.7988861386138614,0.505259900990099,0.0541
27113,Pennington County,Minnesota,MN,0.1416,2.2366554945134907e-06,0.46978371501272265,0.5646658415841584,0.1933842239,0.9678753180661576,0.23050742574257427,0.1551670792079208,0.2840346534653465,0.17698019801980197,0.4238861386138614,0.5380569306930693,0.7097772277227723,0.8273514851485149,0.16491336633663367,0.023
27115,Pine County,Minnesota,MN,0.4919,2.3001711339768173e-06,0.621501272264631,0.6280940594059405,0.4621501272,0.6695292620865139,0.4189356435643564,0.1551670792079208,0.5334158415841584,0.46534653465346537,0.8910891089108911,0.5120668316831684,0.4183168316831683,0.6670792079207921,0.7283415841584159,0.0477
27117,Pipestone County,Minnesota,MN,0.2288,2.3001711339768173e-06,0.14726463104325702,0.255259900990099,0.12181933839999999,0.6221374045801527,0.35550742574257427,0.1551670792079208,0.40222772277227725,0.43254950495049505,0.5238242574257426,0.568069306930693,0.682240099009901,0.21287128712871287,0.054764851485148515,0.0145
27119,Polk County,Minnesota,MN,0.4365,2.3325328553808374e-06,0.6704834605597965,0.6967821782178217,0.3571882952,0.7725826972010178,0.6633663366336634,0.1551670792079208,0.48886138613861385,0.27660891089108913,0.9043935643564357,0.5773514851485149,0.8948019801980198,0.838180693069307,0.1782178217821782,0.0488
27121,Pope County,Minnesota,MN,0.028,2.3001711339768173e-06,0.205470737913486,0.2787747524752475,0.2630407125,0.9891857506361325,0.3864480198019802,0.1551670792079208,0.3208539603960396,0.38892326732673266,0.6076732673267327,0.2995049504950495,0.4350247524752475,0.38242574257425743,0.17698019801980197,0.0053
27123,Ramsey County,Minnesota,MN,0.7076,2.18631342664057e-06,0.9462468193384224,0.9523514851485149,0.2738549618,0.9354325699745548,0.9105816831683168,0.1551670792079208,0.9873143564356436,0.9829826732673267,0.9916460396039604,0.6775990099009901,0.1516089108910891,0.5389851485148515,0.7379331683168316,0.0837
27125,Red Lake County,Minnesota,MN,0.0891,2.2366554945134907e-06,0.02162849872773537,0.06157178217821782,0.10623409669999999,0.8610050890585242,0.10148514851485149,0.1551670792079208,0.11076732673267327,0.0922029702970297,0.27320544554455445,0.4588490099009901,0.6287128712871287,0.5015470297029703,0.059096534653465344,0.0039
27127,Redwood County,Minnesota,MN,0.1794,2.3001711339768173e-06,0.35050890585241734,0.4056311881188119,0.3676844784,0.9255725190839696,0.6175742574257426,0.1551670792079208,0.4099628712871287,0.698019801980198,0.7165841584158416,0.500309405940594,0.7691831683168316,0.20823019801980197,0.2042079207920792,0.017
27129,Renville County,Minnesota,MN,0.2482,2.3001711339768173e-06,0.3845419847328244,0.4183168316831683,0.4208015267,0.8819974554707379,0.7852722772277227,0.1551670792079208,0.5284653465346535,0.594059405940594,0.7215346534653465,0.5293935643564357,0.7979579207920792,0.17728960396039603,0.1751237623762376,0.0212
27131,Rice County,Minnesota,MN,0.4598,2.4542336956968397e-06,0.7544529262086515,0.7769183168316832,0.3320610687,0.910941475826972,0.9625618811881188,0.1551670792079208,0.8969678217821783,0.53125,0.7964108910891089,0.5584777227722773,0.5426980198019802,0.34870049504950495,0.44523514851485146,0.0558
27133,Rock County,Minnesota,MN,0.1304,2.3001711339768173e-06,0.094147582697201,0.20018564356435642,0.10623409669999999,0.6078244274809159,0.2416460396039604,0.1551670792079208,0.37902227722772275,0.25,0.39449257425742573,0.5819925742574258,0.5810643564356436,0.10055693069306931,0.040532178217821783,0.0099
27135,Roseau County,Minnesota,MN,0.2504,2.2366554945134907e-06,0.4386132315521628,0.5244430693069307,0.239821883,0.7452290076335878,0.1670792079207921,0.1551670792079208,0.1974009900990099,0.18657178217821782,0.5776608910891089,0.5498143564356436,0.8514851485148515,0.9124381188118812,0.23205445544554457,0.0264
27137,St. Louis County,Minnesota,MN,0.3054,0.019156691065184105,0.9157124681933843,0.9164603960396039,0.3244274809,0.9834605597964376,0.7212252475247525,0.1551670792079208,0.6568688118811881,0.869740099009901,0.9938118811881188,0.6621287128712872,0.43780940594059403,0.8224009900990099,0.9761757425742574,0.0672
27139,Scott County,Minnesota,MN,0.1034,2.3001711339768173e-06,0.7655852417302799,0.8728341584158416,0.10623409669999999,0.9796437659033078,0.9879331683168316,0.1551670792079208,0.8926361386138614,0.8183787128712872,0.817759900990099,0.5829207920792079,0.3462252475247525,0.5331064356435643,0.5269183168316832,0.0456
27141,Sherburne County,Minnesota,MN,0.1047,2.3001711339768173e-06,0.5356234096692112,0.7292698019801979,0.10623409669999999,0.9561068702290076,0.8811881188118812,0.1551670792079208,0.7119430693069307,0.599009900990099,0.5525990099009901,0.5117574257425742,0.6262376237623762,0.770730198019802,0.6206683168316832,0.028
27143,Sibley County,Minnesota,MN,0.1139,2.3001711339768173e-06,0.22964376590330793,0.46751237623762376,0.10623409669999999,0.9389312977099238,0.7636138613861386,0.1551670792079208,0.43904702970297027,0.3808787128712871,0.5553836633663366,0.39201732673267325,0.619430693069307,0.16150990099009901,0.09375,0.0113
27145,Stearns County,Minnesota,MN,0.4572,2.325848227596821e-06,0.8756361323155215,0.8870668316831682,0.2414122137,0.9618320610687024,0.9771039603960396,0.1551670792079208,0.932240099009901,0.754950495049505,0.8666460396039604,0.7425742574257426,0.5835396039603961,0.7698019801980198,0.8681930693069307,0.0672
27147,Steele County,Minnesota,MN,0.3105,2.1578489998065082e-06,0.37150127226463103,0.6296410891089108,0.10623409669999999,0.9821882951653944,0.8029084158415841,0.1551670792079208,0.7178217821782178,0.28248762376237624,0.5655940594059405,0.23948019801980197,0.6516089108910891,0.12902227722772278,0.22400990099009901,0.0257
27149,Stevens County,Minnesota,MN,0.1728,2.3831481473239164e-06,0.07029262086513995,0.1936881188118812,0.10623409669999999,0.94529262086514,0.3292079207920792,0.1551670792079208,0.2682549504950495,0.32889851485148514,0.5439356435643564,0.28094059405940597,0.3152846534653465,0.22741336633663367,0.10829207920792079,0.0075
27151,Swift County,Minnesota,MN,0.5119,0.09995960505713017,0.2506361323155216,0.2642326732673267,0.4968193384,0.946882951653944,0.44832920792079206,0.1551670792079208,0.30507425742574257,0.6321163366336634,0.6528465346534653,0.45389851485148514,0.5795173267326733,0.4777227722772277,0.1500618811881188,0.0319
27153,Todd County,Minnesota,MN,0.5915,2.3001711339768173e-06,0.3772264631043257,0.3768564356435643,0.5467557252,0.8657760814249363,0.6271658415841584,0.1551670792079208,0.4158415841584158,0.390470297029703,0.49226485148514854,0.41027227722772275,0.525680693069307,0.723700495049505,0.5689975247524752,0.0329
27155,Traverse County,Minnesota,MN,0.1829,0.0,0.061704834605597954,0.06775990099009901,0.33969465649999997,0.458969465648855,0.35488861386138615,0.1551670792079208,0.20699257425742573,0.20266089108910892,0.42357673267326734,0.2558787128712871,0.07317450495049505,0.18162128712871287,0.08013613861386139,0.0136
27157,Wabasha County,Minnesota,MN,0.0986,2.63557785467274e-06,0.455470737913486,0.5581683168316832,0.18129770990000002,0.8991730279898219,0.7469059405940595,0.1551670792079208,0.6271658415841584,0.3629331683168317,0.44771039603960394,0.38521039603960394,0.5015470297029703,0.15872524752475248,0.2682549504950495,0.0209
27159,Wadena County,Minnesota,MN,0.7448,2.3001711339768173e-06,0.1294529262086514,0.13613861386138615,0.5054071247,0.8180661577608143,0.3849009900990099,0.1551670792079208,0.3220915841584158,0.2110148514851485,0.4152227722772277,0.09498762376237624,0.6064356435643564,0.6649133663366337,0.3208539603960396,0.0294
27161,Waseca County,Minnesota,MN,0.2195,1.7826361006302382e-06,0.24681933842239182,0.3084777227722773,0.31456743,0.9440203562340967,0.7370049504950495,0.1551670792079208,0.4854579207920792,0.22153465346534654,0.6448019801980198,0.1952351485148515,0.8050742574257426,0.17481435643564355,0.11788366336633663,0.0137
27163,Washington County,Minnesota,MN,0.0503,2.3001711339768173e-06,0.8387404580152672,0.901608910891089,0.10623409669999999,0.9713740458015269,0.9829826732673267,0.1551670792079208,0.9452351485148515,0.8106435643564357,0.8784034653465347,0.6800742574257426,0.1531559405940594,0.6500618811881188,0.8873762376237624,0.0499
27165,Watonwan County,Minnesota,MN,0.6583,2.3001711339768173e-06,0.23886768447837153,0.2629950495049505,0.41698473280000004,0.5690203562340967,0.5705445544554455,0.1551670792079208,0.4594678217821782,0.43719059405940597,0.6887376237623762,0.41707920792079206,0.7595915841584159,0.1166460396039604,0.1967821782178218,0.0332
27167,Wilkin County,Minnesota,MN,0.1556,0.12493951496460502,0.05343511450381679,0.11974009900990101,0.10623409669999999,0.7188295165394402,0.2998143564356436,0.1551670792079208,0.21379950495049505,0.1454207920792079,0.421720297029703,0.19306930693069307,0.07317450495049505,0.22122524752475248,0.0594059405940594,0.0182
27169,Winona County,Minnesota,MN,0.2377,2.3772024148368283e-06,0.6946564885496184,0.7280321782178217,0.3031170483,0.8797709923664122,0.4665841584158416,0.1551670792079208,0.7670173267326733,0.5912747524752475,0.8115717821782178,0.4248143564356436,0.5071163366336634,0.19090346534653466,0.47957920792079206,0.0429
27171,Wright County,Minnesota,MN,0.0235,2.3001711339768173e-06,0.6841603053435115,0.8412747524752475,0.10623409669999999,0.9853689567430024,0.9511138613861386,0.1551670792079208,0.8097153465346535,0.7249381188118812,0.4876237623762376,0.6271658415841584,0.34034653465346537,0.6209777227722773,0.6389232673267327,0.0364
27173,Yellow Medicine County,Minnesota,MN,0.237,2.3561938836931892e-06,0.29961832061068705,0.36757425742574257,0.3088422392,0.8804071246819337,0.5232054455445545,0.1551670792079208,0.3530321782178218,0.8901608910891089,0.6098391089108911,0.5340346534653465,0.6417079207920792,0.2753712871287129,0.05724009900990099,0.017
28001,Adams County,Mississippi,MS,0.971,0.024992151736476252,0.5725190839694656,0.4402846534653466,0.9421119593,0.49872773536895676,0.6222153465346535,0.8162128712871287,0.8261138613861386,0.8536509900990099,0.5727103960396039,0.666769801980198,0.4941212871287129,0.42698019801980197,0.5120668316831684,0.0642
28003,Alcorn County,Mississippi,MS,0.8944,0.031235627399690224,0.6501272264631042,0.5813737623762376,0.7223282443,0.2818066157760814,0.44801980198019803,0.6853341584158416,0.8787128712871287,0.7577351485148515,0.8168316831683168,0.4189356435643564,0.46720297029702973,0.45792079207920794,0.630259900990099,0.074
28005,Amite County,Mississippi,MS,0.7894,2.0802751637860805e-06,0.48218829516539435,0.30383663366336633,0.9805979644,0.14790076335877864,0.4275990099009901,0.8982054455445545,0.6803836633663366,0.6274752475247525,0.422029702970297,0.5488861386138614,0.5133044554455446,0.6222153465346535,0.5173267326732673,0.0585
28007,Attala County,Mississippi,MS,0.957,0.023805474396342903,0.34160305343511443,0.26082920792079206,0.8008905851999999,0.33651399491094147,0.6073638613861386,0.7648514851485149,0.7376237623762376,0.6203589108910891,0.5448638613861386,0.5553836633663366,0.6181930693069307,0.48917079207920794,0.49504950495049505,0.0544
28009,Benton County,Mississippi,MS,0.7725,2.6332200659728058e-06,0.15235368956743003,0.07271039603960397,0.9491094148000001,0.2503180661577608,0.1686262376237624,0.5355816831683168,0.5612623762376238,0.5099009900990099,0.4161509900990099,0.21875,0.41027227722772275,0.5173267326732673,0.3118811881188119,0.0415
28011,Bolivar County,Mississippi,MS,0.994,1.7966409939514243e-06,0.7678117048346056,0.6361386138613861,0.9869592875,0.45833333333333326,0.6519183168316832,0.7506188118811881,0.8338490099009901,0.8462252475247525,0.5782797029702971,0.7964108910891089,0.8932549504950495,0.20173267326732675,0.5615717821782178,0.0797
28013,Calhoun County,Mississippi,MS,0.8988,2.2323244684400315e-06,0.27671755725190844,0.19863861386138615,0.7888040712,0.2051526717557252,0.32951732673267325,0.7298886138613861,0.5074257425742574,0.6797648514851485,0.5411509900990099,0.44090346534653463,0.7651608910891089,0.2837252475247525,0.4938118811881188,0.0513
28015,Carroll County,Mississippi,MS,0.7,0.034458903050635675,0.23314249363867684,0.14511138613861385,0.8699109414999999,0.306615776081425,0.8353960396039604,0.6933787128712872,0.4876237623762376,0.5337252475247525,0.4285272277227723,0.46163366336633666,0.6902846534653465,0.48576732673267325,0.4158415841584158,0.0424
28017,Chickasaw County,Mississippi,MS,0.9542,2.3994539927877953e-06,0.4392493638676845,0.3344678217821782,0.8501908397,0.392175572519084,0.8703589108910891,0.7592821782178217,0.7336014851485149,0.676980198019802,0.6689356435643564,0.5411509900990099,0.7886757425742574,0.32735148514851486,0.5668316831683168,0.0558
28019,Choctaw County,Mississippi,MS,0.7932,2.2263176876229026e-06,0.11545801526717557,0.07642326732673267,0.7665394402,0.3587786259541985,0.6540841584158416,0.6995668316831684,0.49969059405940597,0.43935643564356436,0.3685024752475248,0.4709158415841584,0.5272277227722773,0.2506188118811881,0.3035272277227723,0.0387
28021,Claiborne County,Mississippi,MS,0.819,2.2487031986883427e-06,0.24745547073791355,0.14758663366336633,0.9192111959,0.43161577608142493,0.4319306930693069,0.7620668316831684,0.6754331683168316,0.6234529702970297,0.24195544554455445,0.5346534653465347,0.6537747524752475,0.31126237623762376,0.3032178217821782,0.0412
28023,Clarke County,Mississippi,MS,0.8021,2.3591234580306246e-06,0.36036895674300257,0.31064356435643564,0.6809796438,0.28435114503816794,0.400990099009901,0.8220915841584159,0.6692450495049505,0.5525990099009901,0.6222153465346535,0.4006806930693069,0.5689975247524752,0.3310643564356436,0.7967202970297029,0.0495
28025,Clay County,Mississippi,MS,0.7913,0.0010169899805857732,0.42525445292620867,0.2991955445544554,0.9239821883,0.5652035623409669,0.4040841584158416,0.7753712871287128,0.7577351485148515,0.6352103960396039,0.7011138613861386,0.5612623762376238,0.6293316831683168,0.28279702970297027,0.6107673267326733,0.0454
28027,Coahoma County,Mississippi,MS,0.9895,2.3931242274576073e-06,0.625,0.504950495049505,0.9481552163000001,0.7445928753180663,0.7694925742574258,0.7008044554455446,0.869740099009901,0.7908415841584159,0.5040222772277227,0.4625618811881188,0.8066212871287128,0.1296410891089109,0.4854579207920792,0.0629
28029,Copiah County,Mississippi,MS,0.7976,2.2079035304399014e-06,0.6129134860050891,0.49597772277227725,0.8905852417,0.270674300254453,0.7397896039603961,0.8372524752475248,0.8975866336633663,0.8199257425742574,0.5,0.7045173267326733,0.5556930693069307,0.5092821782178217,0.6488242574257426,0.0647
28031,Covington County,Mississippi,MS,0.7674,0.2855597768266968,0.5082697201017812,0.3582920792079208,0.9430661578,0.22201017811704835,0.5962252475247525,0.9093440594059405,0.635519801980198,0.708230198019802,0.45823019801980197,0.4495668316831683,0.6732673267326733,0.567759900990099,0.4962871287128713,0.0802
28033,DeSoto County,Mississippi,MS,0.3563,0.06886221303012746,0.8899491094147582,0.8941831683168318,0.2598600509,0.4214376590330789,0.7713490099009901,0.6271658415841584,0.96875,0.9622524752475248,0.9189356435643564,0.7431930693069307,0.5006188118811881,0.6881188118811881,0.905940594059406,0.0778
28035,Forrest County,Mississippi,MS,0.9497,0.09995029185099459,0.7805343511450382,0.7534034653465347,0.5982824427,0.6771628498727735,0.9176980198019802,0.9288366336633663,0.9285272277227723,0.8446782178217822,0.44616336633663367,0.6528465346534653,0.4375,0.8220915841584159,0.9037747524752475,0.0852
28037,Franklin County,Mississippi,MS,0.5787,2.2098691555148917e-06,0.17334605597964375,0.09777227722772276,0.9325699745999999,0.4211195928753181,0.39882425742574257,0.7766089108910891,0.5853960396039604,0.573019801980198,0.21070544554455445,0.3966584158415842,0.4628712871287129,0.42326732673267325,0.3629331683168317,0.0307
28039,George County,Mississippi,MS,0.8384,2.9164213808569066e-06,0.5795165394402035,0.6345915841584159,0.2471374046,0.24204834605597964,0.3338490099009901,0.9455445544554455,0.5092821782178217,0.5219678217821783,0.26949257425742573,0.3214727722772277,0.536509900990099,0.7623762376237624,0.6837871287128713,0.0672
28041,Greene County,Mississippi,MS,0.7776,0.0,0.4217557251908397,0.3254950495049505,0.7948473282,0.1494910941475827,0.32580445544554454,0.9071782178217822,0.5804455445544554,0.5012376237623762,0.34282178217821785,0.30754950495049505,0.37933168316831684,0.7400990099009901,0.5213490099009901,0.0554
28043,Grenada County,Mississippi,MS,0.8492,0.05043444744367749,0.5540712468193384,0.4201732673267326,0.9615139949,0.6809796437659033,0.6342821782178217,0.7088490099009901,0.754950495049505,0.6983292079207921,0.5949876237623762,0.5903465346534653,0.5043316831683168,0.505259900990099,0.7422648514851485,0.0574
28045,Hancock County,Mississippi,MS,0.4776,0.16641868068068874,0.8272900763358777,0.7874381188118812,0.7468193384,0.7334605597964376,0.37035891089108913,0.9647277227722773,0.7719678217821783,0.7892945544554455,0.6206683168316832,0.41398514851485146,0.5702351485148515,0.9068688118811881,0.9146039603960396,0.077
28047,Harrison County,Mississippi,MS,0.9182,2.575849587295119e-06,0.9561068702290076,0.942759900990099,0.6886132316,0.6618956743002545,0.8579826732673267,0.9891707920792079,0.9607054455445545,0.9501856435643564,0.880569306930693,0.7676361386138614,0.599319306930693,0.9467821782178217,0.9715346534653465,0.0946
28049,Hinds County,Mississippi,MS,0.9154,0.04081155548847949,0.9430661577608143,0.9207920792079208,0.8008905851999999,0.80470737913486,0.9811262376237624,0.8988242574257426,0.9820544554455446,0.9724628712871287,0.900680693069307,0.9610148514851485,0.8103341584158416,0.5587871287128713,0.9415222772277227,0.0943
28051,Holmes County,Mississippi,MS,0.992,2.3882068835311154e-06,0.4980916030534351,0.3131188118811881,0.9885496183,0.10655216284987278,0.7264851485148515,0.7512376237623762,0.8295173267326733,0.7091584158415841,0.719059405940594,0.6129331683168316,0.8474628712871287,0.5863242574257426,0.7206064356435643,0.068
28053,Humphreys County,Mississippi,MS,0.9787,0.16661952711540143,0.2792620865139949,0.150990099009901,0.9885496183,0.3463740458015267,0.36169554455445546,0.7515470297029703,0.5213490099009901,0.5566212871287128,0.5495049504950495,0.5355816831683168,0.9130569306930693,0.1478960396039604,0.41491336633663367,0.0634
28055,Issaquena County,Mississippi,MS,0.9539,2.9164213808569066e-06,0.07983460559796438,0.04795792079207921,0.7725826972000001,0.02353689567430025,0.1760519801980198,0.7073019801980198,0.31342821782178215,0.24659653465346534,0.17852722772277227,0.5108292079207921,0.8635519801980198,0.07332920792079207,0.09158415841584158,0.0541
28057,Itawamba County,Mississippi,MS,0.2463,2.542082567895234e-06,0.4961832061068702,0.4214108910891089,0.7713104326,0.4262086513994911,0.4885519801980198,0.6646039603960396,0.6732673267326733,0.718440594059406,0.8982054455445545,0.42883663366336633,0.42357673267326734,0.3025990099009901,0.7877475247524752,0.0333
28059,Jackson County,Mississippi,MS,0.8288,2.5679284216247928e-06,0.9233460559796438,0.9149133663366337,0.524173028,0.861323155216285,0.531559405940594,0.9836014851485149,0.9025371287128713,0.9214108910891089,0.7855816831683168,0.692759900990099,0.531559405940594,0.943069306930693,0.9526608910891089,0.0857
28061,Jasper County,Mississippi,MS,0.6281,0.14282646420497022,0.388676844783715,0.24350247524752475,0.9408396947,0.24109414758269718,0.505569306930693,0.8589108910891089,0.7301980198019802,0.6055074257425742,0.6116955445544554,0.4944306930693069,0.5445544554455446,0.47957920792079206,0.5844678217821783,0.0564
28063,Jefferson County,Mississippi,MS,0.8991,2.3010150453523377e-06,0.11259541984732824,0.05754950495049505,0.9325699745999999,0.2694020356234097,0.30909653465346537,0.7410272277227723,0.3777846534653465,0.7153465346534653,0.2119430693069307,0.42976485148514854,0.5371287128712872,0.29548267326732675,0.2057549504950495,0.0448
28065,Jefferson Davis County,Mississippi,MS,0.8743,0.055544924780749766,0.23091603053435114,0.11571782178217821,0.9853689567,0.23155216284987276,0.4458539603960396,0.8400371287128713,0.5513613861386139,0.5779702970297029,0.19771039603960397,0.47029702970297027,0.5949876237623762,0.5792079207920792,0.3963490099009901,0.0522
28067,Jones County,Mississippi,MS,0.791,0.09085639945344824,0.8021628498727735,0.7351485148514851,0.7770356234000001,0.40521628498727735,0.8994430693069307,0.9331683168316832,0.9337871287128713,0.8505569306930693,0.7274133663366337,0.6865717821782178,0.5532178217821783,0.7459777227722773,0.8298267326732673,0.0853
28069,Kemper County,Mississippi,MS,0.95,0.09086264706298285,0.14917302798982188,0.08477722772277228,0.8603689567,0.33078880407124683,0.48360148514851486,0.744740099009901,0.5758044554455446,0.5247524752475248,0.5321782178217822,0.5133044554455446,0.562809405940594,0.27629950495049505,0.41955445544554454,0.053
28071,Lafayette County,Mississippi,MS,0.4391,2.325467764134372e-06,0.6444020356234097,0.6856435643564357,0.3263358779,0.926208651399491,0.557549504950495,0.7113242574257426,0.8162128712871287,0.8140470297029703,0.8861386138613861,0.53125,0.3338490099009901,0.494740099009901,0.7620668316831684,0.0458
28073,Lamar County,Mississippi,MS,0.6032,0.09086703424533583,0.6498091603053436,0.630259900990099,0.5562977098999999,0.5550254452926209,0.645730198019802,0.9186262376237624,0.745049504950495,0.8137376237623762,0.4783415841584158,0.6398514851485149,0.38366336633663367,0.8208539603960396,0.8004331683168316,0.0628
28075,Lauderdale County,Mississippi,MS,0.959,0.031235869805719355,0.8695928753180663,0.8183787128712872,0.8718193384,0.5782442748091603,0.755569306930693,0.8762376237623762,0.9458539603960396,0.9090346534653465,0.9826732673267327,0.8301361386138614,0.5340346534653465,0.588180693069307,0.9226485148514851,0.0899
28077,Lawrence County,Mississippi,MS,0.8505,0.12480834769331534,0.25,0.19647277227722776,0.6762086514000001,0.06583969465648855,0.4715346534653465,0.838180693069307,0.5745668316831684,0.5476485148514851,0.1983292079207921,0.43409653465346537,0.5021658415841584,0.5538366336633663,0.31961633663366334,0.0632
28079,Leake County,Mississippi,MS,0.9574,2.4364765617598007e-06,0.5569338422391857,0.3876856435643564,0.9580152672,0.1138676844783715,0.9016089108910891,0.8647896039603961,0.7849628712871287,0.6893564356435643,0.6828589108910891,0.6342821782178217,0.6646039603960396,0.5321782178217822,0.5903465346534653,0.0705
28081,Lee County,Mississippi,MS,0.7455,2.6028802004372264e-06,0.8126590330788804,0.786200495049505,0.6211832061,0.6380407124681934,0.6658415841584159,0.7688737623762376,0.8712871287128713,0.8929455445544554,0.9310024752475248,0.7329826732673267,0.5776608910891089,0.38366336633663367,0.8824257425742574,0.0735
28083,Leflore County,Mississippi,MS,0.9411,2.354049929134324e-06,0.7350508905852418,0.6058168316831682,0.9821882952,0.5747455470737913,0.7611386138613861,0.7902227722772277,0.8901608910891089,0.8022896039603961,0.7342202970297029,0.6748143564356436,0.8913985148514851,0.24628712871287128,0.6627475247524752,0.0726
28085,Lincoln County,Mississippi,MS,0.6042,2.2291569653932285e-06,0.4844147582697201,0.3889232673267326,0.8256997455,0.3431933842239186,0.7227722772277227,0.849009900990099,0.7908415841584159,0.823019801980198,0.2973391089108911,0.6175742574257426,0.5300123762376238,0.6324257425742574,0.6067450495049505,0.0473
28087,Lowndes County,Mississippi,MS,0.7521,2.336908221542664e-06,0.8091603053435115,0.7561881188118812,0.7601781169999999,0.6494910941475827,0.8607673267326733,0.7985767326732673,0.9121287128712872,0.8774752475247525,0.9003712871287128,0.7840346534653465,0.7332920792079208,0.38582920792079206,0.7979579207920792,0.0727
28089,Madison County,Mississippi,MS,0.3554,0.058723541976502126,0.8212468193384224,0.848391089108911,0.2245547074,0.9265267175572519,0.7766089108910891,0.8344678217821783,0.9588490099009901,0.8913985148514851,0.8883044554455446,0.8685024752475248,0.7267945544554455,0.551980198019802,0.8208539603960396,0.0632
28091,Marion County,Mississippi,MS,0.8928,0.07682221651965379,0.5995547073791349,0.5235148514851485,0.7487277353999999,0.17970737913486004,0.5652846534653465,0.9254331683168316,0.7410272277227723,0.682549504950495,0.369740099009901,0.5640470297029703,0.48205445544554454,0.7642326732673267,0.525990099009901,0.0766
28093,Marshall County,Mississippi,MS,0.8699,0.09997796912358793,0.7118320610687023,0.5922029702970297,0.8835877863,0.1784351145038168,0.4068688118811881,0.6228341584158416,0.8929455445544554,0.8251856435643564,0.7175123762376238,0.4832920792079208,0.49288366336633666,0.7976485148514851,0.6788366336633663,0.0859
28095,Monroe County,Mississippi,MS,0.6163,0.026281355963626195,0.6854325699745547,0.5952970297029703,0.8400127225999999,0.5407124681933843,0.41491336633663367,0.7837252475247525,0.8678836633663366,0.8270420792079208,0.9031559405940595,0.6367574257425742,0.7271039603960396,0.375,0.8245668316831684,0.0601
28097,Montgomery County,Mississippi,MS,0.9599,2.3848942402339887e-06,0.10909669211195927,0.08570544554455446,0.6695292621,0.38549618320610685,0.3629331683168317,0.656559405940594,0.463490099009901,0.47339108910891087,0.37066831683168316,0.40284653465346537,0.4935024752475248,0.2979579207920792,0.3635519801980198,0.044
28099,Neshoba County,Mississippi,MS,0.9402,2.364339956981736e-06,0.5826972010178118,0.505569306930693,0.7627226463,0.3788167938931298,0.7438118811881188,0.8595297029702971,0.8638613861386139,0.7069925742574258,0.7345297029702971,0.6763613861386139,0.5813737623762376,0.43564356435643564,0.6036509900990099,0.0654
28101,Newton County,Mississippi,MS,0.6793,0.05877616053530382,0.5244910941475827,0.37933168316831684,0.9437022901000001,0.32156488549618323,0.7255569306930693,0.8521039603960396,0.8394183168316832,0.6630569306930693,0.7506188118811881,0.6051980198019802,0.645730198019802,0.4040841584158416,0.6129331683168316,0.0572
28103,Noxubee County,Mississippi,MS,0.964,2.948632698873298e-06,0.2903944020356234,0.14820544554455442,0.9942748091999999,0.2274173027989822,0.4176980198019802,0.7846534653465347,0.6389232673267327,0.6435643564356436,0.5689975247524752,0.5597153465346535,0.7425742574257426,0.21503712871287128,0.43626237623762376,0.0531
28105,Oktibbeha County,Mississippi,MS,0.6939,0.1672361980720475,0.6278625954198473,0.5900371287128713,0.6323155216,0.5276717557251909,0.6358292079207921,0.7713490099009901,0.8375618811881188,0.8189975247524752,0.7973391089108911,0.7289603960396039,0.5433168316831684,0.3938737623762376,0.7453589108910891,0.0706
28107,Panola County,Mississippi,MS,0.8626,2.3001711339768173e-06,0.6921119592875317,0.5556930693069307,0.9452926209,0.22964376590330793,0.9223391089108911,0.7611386138613861,0.8818069306930693,0.8960396039603961,0.781559405940594,0.4904084158415842,0.6636757425742574,0.6441831683168316,0.8273514851485149,0.0742
28109,Pearl River County,Mississippi,MS,0.6907,2.5424904838839637e-06,0.8606870229007633,0.8143564356435643,0.7595419846999999,0.22868956743002544,0.7453589108910891,0.974009900990099,0.8326113861386139,0.8363242574257426,0.6649133663366337,0.5813737623762376,0.6642945544554455,0.9040841584158416,0.8220915841584159,0.0852
28111,Perry County,Mississippi,MS,0.6914,0.0,0.19497455470737912,0.16491336633663367,0.6472646310000001,0.3037531806615776,0.2651608910891089,0.8567450495049505,0.45792079207920794,0.4198638613861386,0.18842821782178218,0.286509900990099,0.37995049504950495,0.7141089108910891,0.3814975247524752,0.0385
28113,Pike County,Mississippi,MS,0.9812,2.9164213808569066e-06,0.7041984732824428,0.562809405940594,0.9720101781,0.4026717557251908,0.7617574257425742,0.9053217821782178,0.9034653465346535,0.8298267326732673,0.38582920792079206,0.6707920792079208,0.5708539603960396,0.7230816831683168,0.8316831683168316,0.0748
28115,Pontotoc County,Mississippi,MS,0.6087,0.03844243433801502,0.5009541984732826,0.44801980198019803,0.6828880407,0.2789440203562341,0.5371287128712872,0.7400990099009901,0.7784653465346535,0.7679455445544554,0.7543316831683168,0.5191831683168316,0.5346534653465347,0.46905940594059403,0.661819306930693,0.0538
28117,Prentiss County,Mississippi,MS,0.6993,2.3551505460677278e-06,0.5152671755725191,0.422029702970297,0.8148854962000001,0.32251908396946566,0.46782178217821785,0.6794554455445545,0.7360767326732673,0.7073019801980198,0.7905321782178217,0.46875,0.47060643564356436,0.46101485148514854,0.6058168316831684,0.0532
28119,Quitman County,Mississippi,MS,0.9551,2.3449745370638263e-06,0.1851145038167939,0.08725247524752473,0.9863231552,0.26145038167938933,0.22153465346534654,0.6723391089108911,0.5807549504950495,0.5581683168316832,0.3251856435643564,0.27073019801980197,0.7827970297029703,0.30074257425742573,0.27042079207920794,0.0485
28121,Rankin County,Mississippi,MS,0.3732,0.00012442916883684138,0.8498727735368958,0.8623143564356436,0.2875318066,0.7096055979643766,0.9207920792079208,0.8629331683168316,0.948019801980198,0.9310024752475248,0.8462252475247525,0.8774752475247525,0.6649133663366337,0.5640470297029703,0.8827351485148515,0.0636
28123,Scott County,Mississippi,MS,0.9217,2.380944250612533e-06,0.5588422391857505,0.4081064356435643,0.9188931298,0.1453562340966921,0.7827970297029703,0.8632425742574258,0.7896039603960396,0.7400990099009901,0.6577970297029703,0.6970915841584159,0.6271658415841584,0.44554455445544555,0.6955445544554455,0.0686
28125,Sharkey County,Mississippi,MS,0.9838,2.726859918529111e-06,0.15807888040712467,0.07456683168316833,0.9637404580000001,0.41698473282442755,0.30785891089108913,0.7311262376237624,0.46782178217821785,0.4161509900990099,0.3465346534653465,0.5371287128712872,0.8985148514851485,0.04702970297029703,0.25185643564356436,0.0449
28127,Simpson County,Mississippi,MS,0.7808,3.3993749647698837e-06,0.5095419847328244,0.43347772277227725,0.7633587786,0.3667302798982188,0.6386138613861386,0.8561262376237624,0.7735148514851485,0.7246287128712872,0.4662747524752475,0.5894183168316832,0.588799504950495,0.49535891089108913,0.5649752475247525,0.0549
28129,Smith County,Mississippi,MS,0.7251,0.06247309597794354,0.4720101781170484,0.3431311881188119,0.8734096692,0.13263358778625955,0.6308787128712872,0.880569306930693,0.7193688118811881,0.5764232673267327,0.484220297029703,0.5693069306930693,0.6188118811881188,0.4876237623762376,0.536200495049505,0.0616
28131,Stone County,Mississippi,MS,0.8587,2.3001711339768173e-06,0.5200381679389313,0.44090346534653463,0.7678117048,0.3193384223918575,0.4000618811881188,0.9340965346534653,0.5594059405940595,0.5380569306930693,0.28867574257425743,0.3347772277227723,0.6899752475247525,0.8471534653465347,0.7602103960396039,0.0595
28133,Sunflower County,Mississippi,MS,0.9303,2.362511672664763e-06,0.6962468193384224,0.5662128712871287,0.9386132316,0.32220101781170485,0.6547029702970297,0.8060024752475248,0.8159034653465347,0.7886757425742574,0.9139851485148515,0.6952351485148515,0.8904702970297029,0.21534653465346534,0.5327970297029703,0.0745
28135,Tallahatchie County,Mississippi,MS,0.9141,2.619816224577907e-06,0.40076335877862596,0.2595915841584159,0.9074427480999999,0.12245547073791348,0.7899133663366337,0.7363861386138614,0.6670792079207921,0.6943069306930693,0.5151608910891089,0.36417079207920794,0.8570544554455446,0.43626237623762376,0.47277227722772275,0.0596
28137,Tate County,Mississippi,MS,0.8915,0.07141886437560992,0.41221374045801523,0.40099009900990107,0.5467557252,0.3670483460559797,0.30228960396039606,0.5977722772277227,0.7561881188118812,0.7716584158415841,0.5835396039603961,0.3948019801980198,0.5154702970297029,0.5999381188118812,0.5,0.0594
28139,Tippah County,Mississippi,MS,0.8839,0.16661001524923616,0.43797709923664124,0.3551980198019802,0.7798982188,0.285941475826972,0.37964108910891087,0.6974009900990099,0.7914603960396039,0.6732673267326733,0.7026608910891089,0.359529702970297,0.47586633663366334,0.5238242574257426,0.5287747524752475,0.0695
28141,Tishomingo County,Mississippi,MS,0.7467,0.037007402624296665,0.37086513994910947,0.28867574257425743,0.7786259542,0.27989821882951654,0.3688118811881188,0.6816212871287128,0.6540841584158416,0.6853341584158416,0.729269801980198,0.38830445544554454,0.3963490099009901,0.3895420792079208,0.5655940594059405,0.0508
28143,Tunica County,Mississippi,MS,0.9602,2.5091810121424364e-06,0.3625954198473281,0.24474009900990099,0.9417938931000001,0.6978371501272265,0.29548267326732675,0.6157178217821783,0.6058168316831684,0.6259282178217822,0.37654702970297027,0.5671410891089109,0.7435024752475248,0.0999381188118812,0.2775371287128713,0.0461
28145,Union County,Mississippi,MS,0.6977,0.09088097949180507,0.4351145038167939,0.36850247524752483,0.7442748091999999,0.4685114503816794,0.6902846534653465,0.7181311881188119,0.4879331683168317,0.7311262376237624,0.7373143564356436,0.47339108910891087,0.46875,0.4870049504950495,0.625309405940594,0.0523
28147,Walthall County,Mississippi,MS,0.8982,0.6665863471759035,0.25540712468193383,0.2233910891089109,0.6281806616,0.16889312977099238,0.8205445544554455,0.8483910891089109,0.37840346534653463,0.5355816831683168,0.30909653465346537,0.4214108910891089,0.5303217821782178,0.6757425742574258,0.3777846534653465,0.1052
28149,Warren County,Mississippi,MS,0.8279,2.1583058526238595e-06,0.8629134860050891,0.8097153465346536,0.8858142494000001,0.8107506361323157,0.901299504950495,0.8081683168316832,0.9195544554455446,0.8824257425742574,0.682240099009901,0.801980198019802,0.9953589108910891,0.41058168316831684,0.7831064356435643,0.0787
28151,Washington County,Mississippi,MS,0.9971,2.4723149083535794e-06,0.8298346055979644,0.7249381188118812,0.9904580153000001,0.4459287531806616,0.838490099009901,0.7948638613861386,0.931930693069307,0.8982054455445545,0.812190594059406,0.8233292079207921,0.9096534653465347,0.28094059405940597,0.7595915841584159,0.0864
28153,Wayne County,Mississippi,MS,0.9119,0.6660047349266928,0.556615776081425,0.4504950495049505,0.8311068702,0.25731552162849874,0.3604579207920792,0.9201732673267327,0.7199876237623762,0.5717821782178217,0.661509900990099,0.35086633663366334,0.5414603960396039,0.5807549504950495,0.6284034653465347,0.1186
28155,Webster County,Mississippi,MS,0.6112,2.309131814594219e-06,0.12595419847328246,0.07858910891089109,0.8167938931000001,0.46024173027989823,0.27320544554455445,0.6692450495049505,0.4978341584158416,0.4814356435643564,0.4056311881188119,0.4681311881188119,0.6237623762376238,0.25804455445544555,0.42728960396039606,0.0299
28157,Wilkinson County,Mississippi,MS,0.8349,2.580703558072574e-06,0.33460559796437667,0.18193069306930693,0.9958651399,0.21501272264631044,0.7122524752475248,0.8582920792079208,0.5040222772277227,0.5461014851485149,0.4743193069306931,0.48205445544554454,0.48607673267326734,0.39201732673267325,0.8394183168316832,0.0506
28159,Winston County,Mississippi,MS,0.8543,2.5415588091683778e-06,0.39885496183206115,0.24969059405940594,0.9666030534,0.39408396946564883,0.7843440594059405,0.7964108910891089,0.7973391089108911,0.6491336633663366,0.6188118811881188,0.6280940594059405,0.5922029702970297,0.3728341584158416,0.5346534653465347,0.0496
28161,Yalobusha County,Mississippi,MS,0.7429,2.305149289875374e-06,0.19529262086513996,0.14634900990099006,0.7340966921000001,0.3231552162849873,0.26485148514851486,0.6587252475247525,0.5061881188118812,0.59375,0.4904084158415842,0.3060024752475248,0.4631806930693069,0.40810643564356436,0.8025990099009901,0.0397
28163,Yazoo County,Mississippi,MS,0.9975,0.0998469513279745,0.7115139949109416,0.5860148514851485,0.9118956743,0.20260814249363868,0.8186881188118812,0.78125,0.8944925742574258,0.7852722772277227,0.9155321782178217,0.6933787128712872,0.8994430693069307,0.4603960396039604,0.9458539603960396,0.0896
29001,Adair County,Missouri,MO,0.4006,2.3001711339768173e-06,0.2872137404580153,0.40160891089108913,0.1777989822,0.7391857506361323,0.5142326732673267,0.3323019801980198,0.7583539603960396,0.6729579207920792,0.29300742574257427,0.2431930693069307,0.5012376237623762,0.4443069306930693,0.4681311881188119,0.0242
29003,Andrew County,Missouri,MO,0.0169,2.3001711339768173e-06,0.22137404580152673,0.40129950495049505,0.10623409669999999,0.6596692111959288,0.35705445544554454,0.1551670792079208,0.6642945544554455,0.5191831683168316,0.5009282178217822,0.40625,0.7258663366336634,0.5151608910891089,0.23948019801980197,0.0095
29005,Atchison County,Missouri,MO,0.2249,2.0155268656361988e-06,0.21723918575063617,0.21658415841584158,0.5467557252,0.7064249363867684,0.24566831683168316,0.1551670792079208,0.45142326732673266,0.6389232673267327,0.39851485148514854,0.3261138613861386,0.9053217821782178,0.3069306930693069,0.16181930693069307,0.0144
29007,Audrain County,Missouri,MO,0.7105,2.662419347167902e-06,0.5139949109414759,0.4594678217821782,0.7290076336,0.753498727735369,0.5795173267326733,0.43007425742574257,0.5696163366336634,0.8607673267326733,0.6531559405940595,0.5402227722772277,0.7698019801980198,0.43409653465346537,0.6017945544554455,0.0457
29009,Barry County,Missouri,MO,0.5768,2.321248904896941e-06,0.7506361323155215,0.7243193069306932,0.5407124682,0.19942748091603058,0.8610767326732673,0.6027227722772277,0.854269801980198,0.8369430693069307,0.7277227722772277,0.9365717821782178,0.7264851485148515,0.6844059405940595,0.75,0.0718
29011,Barton County,Missouri,MO,0.6767,0.062482389858172546,0.4360687022900763,0.4087252475247525,0.6030534351,0.33015267175572516,0.7209158415841584,0.4715346534653465,0.6547029702970297,0.6342821782178217,0.4993811881188119,0.838490099009901,0.9297648514851485,0.12623762376237624,0.2088490099009901,0.0531
29013,Bates County,Missouri,MO,0.7114,2.3001711339768173e-06,0.30470737913486007,0.2979579207920792,0.5467557252,0.42207379134860046,0.6909034653465347,0.4214108910891089,0.5408415841584159,0.6426361386138614,0.5433168316831684,0.4573019801980198,0.6123143564356436,0.17202970297029702,0.18966584158415842,0.0405
29015,Benton County,Missouri,MO,0.5364,3.015825984199437e-06,0.6682569974554707,0.5479579207920792,0.8921755725,0.24395674300254452,0.9805074257425742,0.46534653465346537,0.7534034653465347,0.7902227722772277,0.624690594059406,0.8134282178217822,0.7688737623762376,0.7029702970297029,0.8159034653465347,0.0603
29017,Bollinger County,Missouri,MO,0.4241,0.12495273638748414,0.2627226463104326,0.3323019801980198,0.2598600509,0.3117048346055979,0.5247524752475248,0.4381188118811881,0.5476485148514851,0.5683787128712872,0.41367574257425743,0.6519183168316832,0.4124381188118812,0.2422648514851485,0.1998762376237624,0.0419
29019,Boone County,Missouri,MO,0.4244,2.3501576831458585e-06,0.8575063613231552,0.8839727722772277,0.1339058524,0.9169847328244275,0.9124381188118812,0.44801980198019803,0.9248143564356436,0.9399752475247525,0.8094059405940595,0.8768564356435643,0.5108292079207921,0.7147277227722773,0.9272896039603961,0.0646
29021,Buchanan County,Missouri,MO,0.8218,2.31942895419182e-06,0.7436386768447837,0.7676361386138614,0.3244274809,0.8985368956743001,0.8558168316831684,0.1551670792079208,0.9000618811881188,0.9016089108910891,0.8657178217821783,0.7416460396039604,0.7305074257425742,0.5891089108910891,0.786200495049505,0.0679
29023,Butler County,Missouri,MO,0.8412,0.13329307332703028,0.8311068702290076,0.8220915841584159,0.49236641220000005,0.28975826972010177,0.8307549504950495,0.5847772277227723,0.9040841584158416,0.937190594059406,0.5844678217821783,0.9214108910891089,0.5510519801980198,0.41089108910891087,0.6534653465346535,0.0974
29025,Caldwell County,Missouri,MO,0.3163,2.3001711339768173e-06,0.1440839694656489,0.12933168316831684,0.6323155216,0.5909669211195929,0.22772277227722773,0.1551670792079208,0.3935643564356436,0.5167079207920792,0.5451732673267327,0.41676980198019803,0.6806930693069307,0.46875,0.2521658415841584,0.0173
29027,Callaway County,Missouri,MO,0.2447,0.09082654626208704,0.6393129770992366,0.6420173267326733,0.4685114504,0.698791348600509,0.6345915841584159,0.400990099009901,0.6268564356435643,0.9186262376237624,0.6967821782178217,0.7339108910891089,0.5853960396039604,0.6711014851485149,0.7261757425742574,0.047
29029,Camden County,Missouri,MO,0.3493,2.4021829245570922e-06,0.8839058524173028,0.8654084158415841,0.6256361323,0.39281170483460565,0.5912747524752475,0.5640470297029703,0.84375,0.9223391089108911,0.791769801980198,0.9579207920792079,0.3341584158415842,0.8233292079207921,0.7385519801980198,0.0716
29031,Cape Girardeau County,Missouri,MO,0.3099,2.8396086712863294e-06,0.8568702290076337,0.8740717821782178,0.2051526718,0.8352417302798982,0.7599009900990099,0.5420792079207921,0.7824876237623762,0.9260519801980198,0.7902227722772277,0.9467821782178217,0.6206683168316832,0.34529702970297027,0.6240717821782178,0.0608
29033,Carroll County,Missouri,MO,0.1378,2.3001711339768173e-06,0.3260178117048346,0.3267326732673268,0.5588422392,0.8403307888040712,0.21998762376237624,0.1551670792079208,0.5801361386138614,0.5544554455445545,0.5473391089108911,0.338490099009901,0.8211633663366337,0.45389851485148514,0.29146039603960394,0.0142
29035,Carter County,Missouri,MO,0.4823,0.13325267436487914,0.539440203562341,0.37592821782178215,0.9392493639000001,0.09732824427480916,0.6376856435643564,0.4876237623762376,0.41738861386138615,0.6627475247524752,0.7979579207920792,0.7422648514851485,0.19028465346534654,0.48886138613861385,0.6086014851485149,0.0635
29037,Cass County,Missouri,MO,0.1257,2.328182508835003e-06,0.7490458015267175,0.8165222772277229,0.12181933839999999,0.5922391857506362,0.9149133663366337,0.3901608910891089,0.901299504950495,0.8932549504950495,0.8483910891089109,0.7614480198019802,0.5129950495049505,0.31373762376237624,0.655940594059406,0.0479
29039,Cedar County,Missouri,MO,0.6643,2.3063748140939753e-06,0.26049618320610685,0.23669554455445543,0.5763358779,0.16475826972010174,0.6500618811881188,0.4186262376237624,0.6429455445544554,0.6868811881188119,0.49969059405940597,0.7747524752475248,0.6058168316831684,0.5077351485148515,0.3743811881188119,0.0439
29041,Chariton County,Missouri,MO,0.1747,2.3001711339768173e-06,0.2942111959287532,0.28558168316831684,0.5782442748,0.7961195928753181,0.18100247524752475,0.41646039603960394,0.5198019801980198,0.6441831683168316,0.4037747524752475,0.34529702970297027,0.7376237623762376,0.49597772277227725,0.39573019801980197,0.0144
29043,Christian County,Missouri,MO,0.1107,2.3925780775778177e-06,0.6647582697201018,0.7741336633663366,0.10623409669999999,0.5244910941475827,0.7837252475247525,0.4910272277227723,0.812809405940594,0.8935643564356436,0.46132425742574257,0.942759900990099,0.39851485148514854,0.7119430693069307,0.7289603960396039,0.042
29045,Clark County,Missouri,MO,0.265,2.423421183352835e-06,0.2181933842239186,0.20358910891089102,0.5375318066,0.0715648854961832,0.5643564356435643,0.3635519801980198,0.27629950495049505,0.8391089108910891,0.24876237623762376,0.23638613861386137,0.6364480198019802,0.4879331683168317,0.4622524752475248,0.0311
29047,Clay County,Missouri,MO,0.2692,2.2635218056116944e-06,0.8979007633587787,0.9167698019801981,0.1138676845,0.8263358778625954,0.599319306930693,0.1551670792079208,0.9628712871287128,0.968440594059406,0.9777227722772277,0.8307549504950495,0.4501856435643564,0.6995668316831684,0.7657797029702971,0.0637
29049,Clinton County,Missouri,MO,0.1661,2.192152060900666e-06,0.5623409669211196,0.6364480198019802,0.1972010178,0.6889312977099238,0.5102103960396039,0.1551670792079208,0.7311262376237624,0.6379950495049505,0.7032797029702971,0.5297029702970297,0.6887376237623762,0.6717202970297029,0.2877475247524752,0.0324
29051,Cole County,Missouri,MO,0.2049,1.8896986562874418e-06,0.7344147582697201,0.8106435643564357,0.12181933839999999,0.8858142493638677,0.775680693069307,0.390779702970297,0.8474628712871287,0.9449257425742574,0.5751856435643564,0.9139851485148515,0.40965346534653463,0.7249381188118812,0.744430693069307,0.0461
29053,Cooper County,Missouri,MO,0.3716,2.3867509738763857e-06,0.20388040712468192,0.39975247524752483,0.10623409669999999,0.8021628498727735,0.22988861386138615,0.35086633663366334,0.5210396039603961,0.6905940594059405,0.43657178217821785,0.44832920792079206,0.6550123762376238,0.4198638613861386,0.22679455445544555,0.02
29055,Crawford County,Missouri,MO,0.657,0.00020534459466967615,0.5499363867684478,0.5724009900990099,0.3676844784,0.3145674300254453,0.6259282178217822,0.48267326732673266,0.541769801980198,0.8762376237623762,0.8564356435643564,0.8295173267326733,0.2790841584158416,0.5485767326732673,0.4068688118811881,0.056
29057,Dade County,Missouri,MO,0.595,0.00014140570617664984,0.23282442748091603,0.19925742574257427,0.6297709924,0.20356234096692108,0.5612623762376238,0.4251237623762376,0.4718440594059406,0.6581064356435643,0.47679455445544555,0.781559405940594,0.7602103960396039,0.3978960396039604,0.24443069306930693,0.0391
29059,Dallas County,Missouri,MO,0.5466,0.031123248567924137,0.41698473282442755,0.3666460396039604,0.643129771,0.11259541984732824,0.5495049504950495,0.3771658415841584,0.614480198019802,0.7255569306930693,0.3725247524752475,0.9771039603960396,0.614480198019802,0.7425742574257426,0.8403465346534653,0.051
29061,Daviess County,Missouri,MO,0.5157,1.7354339999002388e-06,0.30057251908396954,0.23731435643564358,0.7474554707,0.4013994910941476,0.3719059405940594,0.1551670792079208,0.5782797029702971,0.6828589108910891,0.5284653465346535,0.27939356435643564,0.8524133663366337,0.5303217821782178,0.3103341584158416,0.0333
29063,DeKalb County,Missouri,MO,0.1753,0.0007038529814044259,0.16030534351145037,0.2506188118811881,0.1580788804,0.44465648854961837,0.30507425742574257,0.1551670792079208,0.5754950495049505,0.45451732673267325,0.43595297029702973,0.3409653465346535,0.6961633663366337,0.4783415841584158,0.15655940594059406,0.0163
29065,Dent County,Missouri,MO,0.6551,0.0004169894519961744,0.5254452926208651,0.5371287128712872,0.4421119593,0.15966921119592875,0.4056311881188119,0.4656559405940594,0.46441831683168316,0.7973391089108911,0.926980198019802,0.7227722772277227,0.3100247524752475,0.6110767326732673,0.369740099009901,0.0585
29067,Douglas County,Missouri,MO,0.5969,0.02220820985023591,0.23695928753180662,0.1967821782178218,0.6510814249000001,0.1965648854961832,0.6188118811881188,0.4597772277227723,0.4755569306930693,0.7261757425742574,0.4780321782178218,0.823019801980198,0.2840346534653465,0.5980816831683168,0.3474628712871287,0.0412
29069,Dunklin County,Missouri,MO,0.9707,2.4573037005441145e-06,0.801208651399491,0.7289603960396039,0.7872137404999999,0.3104325699745547,0.5869430693069307,0.6033415841584159,0.7441212871287128,0.9000618811881188,0.5095915841584159,0.9535891089108911,0.9439975247524752,0.10272277227722772,0.6451113861386139,0.0867
29071,Franklin County,Missouri,MO,0.1066,0.03447815114515177,0.8346055979643766,0.8604579207920792,0.2022900763,0.7919847328244275,0.9405940594059405,0.3938737623762376,0.8691212871287128,0.9396658415841584,0.7595915841584159,0.8044554455445545,0.32023514851485146,0.6760519801980198,0.692450495049505,0.0546
29073,Gasconade County,Missouri,MO,0.2488,1.6160503378278583e-06,0.3196564885496183,0.4189356435643564,0.2242366412,0.8336513994910942,0.3066212871287129,0.37623762376237624,0.3694306930693069,0.801980198019802,0.5074257425742574,0.6036509900990099,0.3725247524752475,0.36076732673267325,0.25030940594059403,0.0191
29075,Gentry County,Missouri,MO,0.4066,1.8009694310587603e-06,0.2884860050890586,0.24597772277227722,0.6981552163000001,0.621501272264631,0.2874381188118812,0.1551670792079208,0.5507425742574258,0.8295173267326733,0.4786509900990099,0.29764851485148514,0.8892326732673267,0.5318688118811881,0.20266089108910892,0.0246
29077,Greene County,Missouri,MO,0.5317,0.03669979827546344,0.9007633587786259,0.9047029702970296,0.225826972,0.6227735368956743,0.8743811881188119,0.5646658415841584,0.9501856435643564,0.9817450495049505,0.7930074257425742,0.9953589108910891,0.4594678217821782,0.7317450495049505,0.9538985148514851,0.0787
29079,Grundy County,Missouri,MO,0.679,0.05876131309009149,0.2786259541984733,0.25123762376237624,0.6329516539,0.510178117048346,0.30816831683168316,0.3657178217821782,0.656559405940594,0.6318069306930693,0.5071163366336634,0.2385519801980198,0.8536509900990099,0.4823638613861386,0.35148514851485146,0.0409
29081,Harrison County,Missouri,MO,0.4378,2.0863428951984447e-06,0.29325699745547074,0.23143564356435642,0.7512722646000001,0.4646946564885496,0.4597772277227723,0.3412747524752475,0.5928217821782178,0.6782178217821783,0.541769801980198,0.2469059405940594,0.9090346534653465,0.6113861386138614,0.22988861386138615,0.0288
29083,Henry County,Missouri,MO,0.6526,2.2022198685525644e-06,0.5276717557251909,0.4718440594059406,0.7213740458,0.614821882951654,0.7295792079207921,0.463490099009901,0.6342821782178217,0.7141089108910891,0.6089108910891089,0.8103341584158416,0.7926980198019802,0.45080445544554454,0.5869430693069307,0.0465
29085,Hickory County,Missouri,MO,0.6157,0.12472423879021326,0.23473282442748097,0.14913366336633666,0.8167938931000001,0.05661577608142494,0.5659034653465347,0.4034653465346535,0.47988861386138615,0.5853960396039604,0.4000618811881188,0.8471534653465347,0.5396039603960396,0.7020420792079208,0.36633663366336633,0.0543
29087,Holt County,Missouri,MO,0.1705,1.0592126623047908e-06,0.15680661577608143,0.19987623762376241,0.29643765899999996,0.6539440203562341,0.2042079207920792,0.1551670792079208,0.42419554455445546,0.5358910891089109,0.29517326732673266,0.39603960396039606,0.8685024752475248,0.3462252475247525,0.13861386138613863,0.0117
29089,Howard County,Missouri,MO,0.35,0.043438546543328835,0.1380407124681934,0.20853960396039603,0.1972010178,0.8810432569974553,0.1813118811881188,0.33323019801980197,0.46132425742574257,0.6333539603960396,0.37376237623762376,0.38985148514851486,0.5699257425742574,0.3372524752475248,0.2595915841584158,0.0188
29091,Howell County,Missouri,MO,0.7693,0.027822650530761675,0.777671755725191,0.7261757425742574,0.6552162850000001,0.11927480916030535,0.7298886138613861,0.567450495049505,0.7725866336633663,0.875,0.7852722772277227,0.942450495049505,0.34529702970297027,0.7611386138613861,0.7772277227722773,0.0855
29093,Iron County,Missouri,MO,0.6074,0.15417544583755463,0.6949745547073792,0.6491336633663366,0.6660305343999999,0.32792620865139954,0.5742574257425742,0.47060643564356436,0.5949876237623762,0.9650371287128713,0.8712871287128713,0.4093440594059406,0.18038366336633663,0.5216584158415841,0.5278465346534653,0.0764
29095,Jackson County,Missouri,MO,0.6866,0.01705771439102642,0.9650127226463104,0.9668935643564357,0.2833969466,0.5397582697201018,0.9616336633663366,0.1551670792079208,0.994740099009901,0.9916460396039604,0.9607054455445545,0.8360148514851485,0.4752475247524752,0.505569306930693,0.8787128712871287,0.0911
29097,Jasper County,Missouri,MO,0.7451,0.032239195537960376,0.8559160305343512,0.8589108910891089,0.36386768449999995,0.5607506361323155,0.8870668316831684,0.5445544554455446,0.9576113861386139,0.9461633663366337,0.7122524752475248,0.9702970297029703,0.9275990099009901,0.6720297029702971,0.8886138613861386,0.0824
29099,Jefferson County,Missouri,MO,0.1136,0.02562965388233135,0.9052162849872772,0.9186262376237625,0.12181933839999999,0.6828880407124683,0.9863861386138614,0.4337871287128713,0.9523514851485149,0.9238861386138614,0.8923267326732673,0.7159653465346535,0.24412128712871287,0.5433168316831684,0.9142945544554455,0.0625
29101,Johnson County,Missouri,MO,0.3815,2.260719490055127e-06,0.5493002544529262,0.6661509900990099,0.1138676845,0.5283078880407125,0.41089108910891087,0.4229579207920792,0.583230198019802,0.817450495049505,0.8159034653465347,0.7797029702970297,0.6318069306930693,0.30754950495049505,0.500309405940594,0.0427
29103,Knox County,Missouri,MO,0.2679,2.2272920307846303e-06,0.21024173027989826,0.1676980198019802,0.6997455471,0.3654580152671756,0.32271039603960394,0.3681930693069307,0.4121287128712871,0.8821163366336634,0.26330445544554454,0.13366336633663367,0.6284034653465347,0.37035891089108913,0.4254331683168317,0.022
29105,Laclede County,Missouri,MO,0.7327,2.529643646653317e-06,0.6603053435114503,0.6556311881188119,0.4955470738,0.4087150127226463,0.46472772277227725,0.41707920792079206,0.6005569306930693,0.8731435643564357,0.8768564356435643,0.9746287128712872,0.4291460396039604,0.7880569306930693,0.745049504950495,0.0644
29107,Lafayette County,Missouri,MO,0.1101,0.029407208496756185,0.5251272264631043,0.6073638613861386,0.2102417303,0.7522264631043256,0.5662128712871287,0.3839727722772277,0.6714108910891089,0.7636138613861386,0.8852103960396039,0.7193688118811881,0.6884282178217822,0.3582920792079208,0.3462252475247525,0.0293
29109,Lawrence County,Missouri,MO,0.7362,2.0841796987260044e-06,0.6622137404580153,0.6339727722772277,0.5782442748,0.36323155216284997,0.9226485148514851,0.5560024752475248,0.8456064356435643,0.8508663366336634,0.53125,0.9068688118811881,0.7561881188118812,0.5470297029702971,0.5810643564356436,0.0654
29111,Lewis County,Missouri,MO,0.4486,8.851410249767563e-07,0.2738549618320611,0.2670173267326733,0.5238549618,0.21469465648854963,0.5965346534653465,0.3493193069306931,0.3462252475247525,0.8360148514851485,0.38304455445544555,0.25773514851485146,0.6327351485148515,0.3839727722772277,0.43038366336633666,0.0353
29113,Lincoln County,Missouri,MO,0.1976,0.027763184006093268,0.6708015267175572,0.7382425742574257,0.17557251910000002,0.7048346055979644,0.8041460396039604,0.3527227722772277,0.7366955445544554,0.9288366336633663,0.7088490099009901,0.35488861386138615,0.44801980198019803,0.6036509900990099,0.6290222772277227,0.044
29115,Linn County,Missouri,MO,0.1263,1.98920713572729e-06,0.3123409669211196,0.27970297029702973,0.6797073791,0.8101145038167938,0.3118811881188119,0.37840346534653463,0.6779084158415841,0.6584158415841584,0.4823638613861386,0.2645420792079208,0.7289603960396039,0.5201113861386139,0.520730198019802,0.0131
29117,Livingston County,Missouri,MO,0.3073,2.3001711339768173e-06,0.23027989821882952,0.32735148514851486,0.1946564885,0.6984732824427481,0.23483910891089108,0.1551670792079208,0.6584158415841584,0.5795173267326733,0.49659653465346537,0.25092821782178215,0.7750618811881188,0.39913366336633666,0.3685024752475248,0.0188
29119,McDonald County,Missouri,MO,0.8899,2.1436650509388653e-06,0.6399491094147582,0.6785272277227723,0.2738549618,0.02099236641221374,0.8066212871287128,0.49226485148514854,0.7407178217821783,0.7540222772277227,0.556930693069307,0.8725247524752475,0.7004950495049505,0.7354579207920792,0.38242574257425743,0.0806
29121,Macon County,Missouri,MO,0.3388,2.3001711339768173e-06,0.36768447837150126,0.37097772277227725,0.5143129771,0.46278625954198477,0.43007425742574257,0.4127475247524752,0.6695544554455446,0.6370668316831684,0.33632425742574257,0.3004331683168317,0.6138613861386139,0.5392945544554455,0.760519801980198,0.0293
29123,Madison County,Missouri,MO,0.5097,2.3001711339768173e-06,0.5085877862595419,0.5058787128712872,0.5263994911000001,0.5015903307888042,0.5702351485148515,0.5083539603960396,0.5321782178217822,0.8480816831683168,0.7670173267326733,0.4000618811881188,0.18657178217821782,0.32116336633663367,0.35241336633663367,0.043
29125,Maries County,Missouri,MO,0.4814,2.3001711339768173e-06,0.20833333333333337,0.24443069306930693,0.37436386769999996,0.4643765903307888,0.25123762376237624,0.38923267326732675,0.45389851485148514,0.6590346534653465,0.5826113861386139,0.7942450495049505,0.39511138613861385,0.47029702970297027,0.22215346534653466,0.0279
29127,Marion County,Missouri,MO,0.4368,2.4688014700515005e-06,0.47868956743002544,0.5461014851485149,0.2738549618,0.8708651399491094,0.7128712871287128,0.37592821782178215,0.47277227722772275,0.8047648514851485,0.6021039603960396,0.4245049504950495,0.6265470297029703,0.32642326732673266,0.568069306930693,0.0342
29129,Mercer County,Missouri,MO,0.4878,2.0724557193043225e-06,0.1227735368956743,0.08044554455445545,0.7379134860000001,0.12690839694656486,0.22617574257425743,0.34282178217821785,0.4551361386138614,0.48267326732673266,0.3654084158415842,0.15625,0.7803217821782178,0.4975247524752475,0.11819306930693069,0.0345
29131,Miller County,Missouri,MO,0.3793,2.3562776187959684e-06,0.5508905852417303,0.5655940594059405,0.4128498728,0.3241094147582697,0.44090346534653463,0.4724628712871287,0.7029702970297029,0.8561262376237624,0.6525371287128713,0.8790222772277227,0.38923267326732675,0.7085396039603961,0.5324876237623762,0.0457
29133,Mississippi County,Missouri,MO,0.9106,2.3113719847485696e-06,0.571882951653944,0.5232054455445546,0.6561704835000001,0.32029262086513993,0.6324257425742574,0.5213490099009901,0.6884282178217822,0.6537747524752475,0.4659653465346535,0.84375,0.8251856435643564,0.0426980198019802,0.39851485148514854,0.0654
29135,Moniteau County,Missouri,MO,0.5367,2.3001711339768173e-06,0.3101145038167939,0.3409653465346535,0.4328880407,0.4796437659033079,0.3493193069306931,0.39573019801980197,0.5742574257425742,0.8267326732673267,0.5538366336633663,0.8623143564356436,0.6002475247524752,0.6856435643564357,0.40470297029702973,0.0336
29137,Monroe County,Missouri,MO,0.5059,0.0,0.21183206106870225,0.21905940594059406,0.5019083969,0.5372137404580153,0.29207920792079206,0.4006806930693069,0.4470915841584158,0.8350866336633663,0.37469059405940597,0.31342821782178215,0.6113861386138614,0.3375618811881188,0.6587252475247525,0.0272
29139,Montgomery County,Missouri,MO,0.4187,2.7427152051613454e-06,0.3832697201017812,0.3400371287128713,0.6790712468,0.5795165394402035,0.35086633663366334,0.41429455445544555,0.34498762376237624,0.875309405940594,0.4245049504950495,0.6017945544554455,0.5909653465346535,0.4594678217821782,0.42945544554455445,0.0302
29141,Morgan County,Missouri,MO,0.8657,2.8011432670013024e-06,0.7547709923664122,0.629950495049505,0.9214376590000001,0.15680661577608143,0.536819306930693,0.5272277227722773,0.7970297029702971,0.8759282178217822,0.7441212871287128,0.9331683168316832,0.6525371287128713,0.7301980198019802,0.6491336633663366,0.0821
29143,New Madrid County,Missouri,MO,0.7891,0.28544031423278937,0.7191475826972009,0.7091584158415841,0.48187022900000004,0.38231552162849874,0.7110148514851485,0.5792079207920792,0.6061262376237624,0.8876856435643564,0.5061881188118812,0.8465346534653465,0.8025990099009901,0.06373762376237624,0.44461633663366334,0.0948
29145,Newton County,Missouri,MO,0.5682,2.1570911152939426e-06,0.7751272264631042,0.770111386138614,0.4602417303,0.3581424936386768,0.8511757425742574,0.5525990099009901,0.8827351485148515,0.9050123762376238,0.6754331683168316,0.9628712871287128,0.7874381188118812,0.7790841584158416,0.6116955445544554,0.0698
29147,Nodaway County,Missouri,MO,0.2151,0.1998286806715151,0.45578880407124683,0.5457920792079208,0.2111959288,0.6879770992366412,0.3966584158415842,0.1551670792079208,0.7599009900990099,0.5878712871287128,0.5560024752475248,0.45235148514851486,0.8496287128712872,0.5426980198019802,0.6717202970297029,0.043
29149,Oregon County,Missouri,MO,0.6589,0.04164697512623599,0.4869592875318066,0.38675742574257427,0.7601781169999999,0.01908396946564886,0.38551980198019803,0.5340346534653465,0.630259900990099,0.7011138613861386,0.8041460396039604,0.7920792079207921,0.07317450495049505,0.6120049504950495,0.3756188118811881,0.0626
29151,Osage County,Missouri,MO,0.0181,0.0,0.3291984732824427,0.40655940594059403,0.29643765899999996,0.9475190839694656,0.25030940594059403,0.3626237623762376,0.5482673267326733,0.7991955445544554,0.33044554455445546,0.7196782178217822,0.4068688118811881,0.37592821782178215,0.2713490099009901,0.0103
29153,Ozark County,Missouri,MO,0.5632,0.02857156591329928,0.3571882951653944,0.2038985148514851,0.9138040712,0.02671755725190839,0.5646658415841584,0.4619430693069307,0.531559405940594,0.8502475247524752,0.4306930693069307,0.8353960396039604,0.3208539603960396,0.6181930693069307,0.40717821782178215,0.0502
29155,Pemiscot County,Missouri,MO,0.9364,0.09999799388589636,0.7795801526717557,0.6686262376237625,0.9204834606,0.2811704834605598,0.5213490099009901,0.6017945544554455,0.8428217821782178,0.8533415841584159,0.5813737623762376,0.9613242574257426,0.9415222772277227,0.0655940594059406,0.8193069306930693,0.0915
29157,Perry County,Missouri,MO,0.3175,0.19993860564207552,0.4618320610687023,0.5764232673267327,0.1437659033,0.7938931297709924,0.9384282178217822,0.5250618811881188,0.594059405940594,0.7388613861386139,0.5717821782178217,0.6714108910891089,0.3839727722772277,0.19306930693069307,0.32673267326732675,0.0462
29159,Pettis County,Missouri,MO,0.6936,0.05555398617080346,0.6195928753180662,0.6500618811881188,0.3772264631,0.6822519083969466,0.6862623762376238,0.4650371287128713,0.8100247524752475,0.8833539603960396,0.7883663366336634,0.6689356435643564,0.7648514851485149,0.5306311881188119,0.4780321782178218,0.0595
29161,Phelps County,Missouri,MO,0.6402,0.08331893844998202,0.5372137404580153,0.5807549504950495,0.3148854962,0.6657124681933843,0.6036509900990099,0.453279702970297,0.40129950495049505,0.9022277227722773,0.7821782178217822,0.8759282178217822,0.3162128712871287,0.5900371287128713,0.6070544554455446,0.0541
29163,Pike County,Missouri,MO,0.7216,2.6366996916457757e-06,0.4029898218829516,0.4520420792079208,0.3524173028,0.6450381679389313,0.5720915841584159,0.42264851485148514,0.3963490099009901,0.8910891089108911,0.5581683168316832,0.3189975247524752,0.568069306930693,0.4353341584158416,0.567759900990099,0.0422
29165,Platte County,Missouri,MO,0.1632,2.3001711339768173e-06,0.7137404580152672,0.8298267326732673,0.10623409669999999,0.8759541984732825,0.8533415841584159,0.1551670792079208,0.8833539603960396,0.905940594059406,0.8292079207920792,0.8607673267326733,0.5823019801980198,0.6166460396039604,0.6379950495049505,0.0436
29167,Polk County,Missouri,MO,0.6077,2.205289711196611e-06,0.5448473282442748,0.5182549504950495,0.5836513995,0.39631043256997456,0.7710396039603961,0.4368811881188119,0.7419554455445545,0.8242574257425742,0.5117574257425742,0.8756188118811881,0.6652227722772277,0.7295792079207921,0.7400990099009901,0.051
29169,Pulaski County,Missouri,MO,0.6927,2.588892612696014e-06,0.6052798982188295,0.7153465346534653,0.10623409669999999,0.19910941475826965,0.6639851485148515,0.41367574257425743,0.6256188118811881,0.9019183168316832,0.8097153465346535,0.8595297029702971,0.2868193069306931,0.635519801980198,0.682240099009901,0.0663
29171,Putnam County,Missouri,MO,0.3258,2.3001711339768173e-06,0.08237913486005087,0.06373762376237624,0.6666666667,0.34160305343511443,0.2682549504950495,0.3465346534653465,0.44523514851485146,0.4870049504950495,0.32301980198019803,0.16522277227722773,0.7181311881188119,0.41738861386138615,0.25495049504950495,0.0218
29173,Ralls County,Missouri,MO,0.1168,2.3001711339768173e-06,0.1405852417302799,0.2775371287128713,0.10623409669999999,0.6020992366412213,0.2896039603960396,0.33879950495049505,0.2332920792079208,0.7564975247524752,0.28929455445544555,0.28867574257425743,0.5420792079207921,0.33972772277227725,0.23050742574257427,0.0109
29175,Randolph County,Missouri,MO,0.6268,2.3001711339768173e-06,0.35846055979643765,0.4353341584158416,0.2779898219,0.5982824427480916,0.3870668316831683,0.3666460396039604,0.6853341584158416,0.7942450495049505,0.6766707920792079,0.42357673267326734,0.46163366336633666,0.4003712871287129,0.4941212871287129,0.0375
29177,Ray County,Missouri,MO,0.0932,2.373928479174239e-06,0.4437022900763359,0.463180693069307,0.4701017812,0.7926208651399491,0.4229579207920792,0.1551670792079208,0.5906559405940595,0.7165841584158416,0.7899133663366337,0.6485148514851485,0.6627475247524752,0.5625,0.4489480198019802,0.0196
29179,Reynolds County,Missouri,MO,0.6354,0.14263900680828737,0.638676844783715,0.6055074257425743,0.5842875318,0.20896946564885496,0.26701732673267325,0.4439975247524752,0.4402846534653465,0.8527227722772277,0.9538985148514851,0.37035891089108913,0.1729579207920792,0.49907178217821785,0.25,0.0754
29181,Ripley County,Missouri,MO,0.476,0.1428306495036625,0.5699745547073791,0.49195544554455445,0.7134223919,0.05788804071246819,0.5445544554455446,0.5566212871287128,0.5897277227722773,0.7790841584158416,0.7249381188118812,0.8081683168316832,0.37407178217821785,0.4625618811881188,0.4498762376237624,0.0686
29183,St. Charles County,Missouri,MO,0.034,2.480615543981833e-06,0.9258905852417303,0.9625618811881189,0.10623409669999999,0.9510178117048347,0.9817450495049505,0.42728960396039606,0.9647277227722773,0.9573019801980198,0.9288366336633663,0.7366955445544554,0.3412747524752475,0.599319306930693,0.8994430693069307,0.0579
29185,St. Clair County,Missouri,MO,0.6182,2.519504889706212e-06,0.25636132315521626,0.17852722772277224,0.8136132316,0.27162849872773537,0.42017326732673266,0.40779702970297027,0.3780940594059406,0.5857054455445545,0.494740099009901,0.7113242574257426,0.8134282178217822,0.5442450495049505,0.3496287128712871,0.0385
29186,Ste. Genevieve County,Missouri,MO,0.1537,2.6132895475549657e-06,0.5461195928753181,0.6463490099009901,0.1526717557,0.8215648854961831,0.7172029702970297,0.5018564356435643,0.5903465346534653,0.9350247524752475,0.5925123762376238,0.39573019801980197,0.30847772277227725,0.37964108910891087,0.31652227722772275,0.0296
29187,St. Francois County,Missouri,MO,0.7257,0.05256041126717746,0.7853053435114503,0.7725866336633663,0.5124045802,0.5384860050890585,0.9402846534653465,0.525680693069307,0.8551980198019802,0.9585396039603961,0.7602103960396039,0.604269801980198,0.27042079207920794,0.5841584158415841,0.713490099009901,0.0765
29189,St. Louis County,Missouri,MO,0.3401,0.03812738387516961,0.9933206106870229,0.9947400990099008,0.3117048346,0.7973918575063614,0.900680693069307,0.5928217821782178,0.9811262376237624,0.9987623762376238,0.9910272277227723,0.9891707920792079,0.29764851485148514,0.6274752475247525,0.9931930693069307,0.0797
29195,Saline County,Missouri,MO,0.44,2.3001711339768173e-06,0.5162213740458015,0.5176361386138614,0.5108142494,0.7455470737913485,0.47617574257425743,0.4467821782178218,0.6160272277227723,0.8168316831683168,0.7363861386138614,0.48514851485148514,0.8295173267326733,0.32054455445544555,0.3146658415841584,0.037
29197,Schuyler County,Missouri,MO,0.2329,2.3001711339768173e-06,0.03625954198473282,0.021658415841584164,0.7029262086999999,0.21628498727735368,0.21905940594059406,0.317759900990099,0.4003712871287129,0.3849009900990099,0.15625,0.16274752475247525,0.5652846534653465,0.4275990099009901,0.1646039603960396,0.0214
29199,Scotland County,Missouri,MO,0.3169,2.3001711339768173e-06,0.3295165394402035,0.18564356435643564,0.981870229,0.2340966921119593,0.4975247524752475,0.40594059405940597,0.530940594059406,0.9381188118811881,0.37685643564356436,0.14882425742574257,0.692759900990099,0.5637376237623762,0.5191831683168316,0.0312
29201,Scott County,Missouri,MO,0.665,0.19994472871040397,0.8008905852417303,0.7800123762376238,0.5620229008,0.5337150127226463,0.8737623762376238,0.5556930693069307,0.9019183168316832,0.8601485148514851,0.6850247524752475,0.9272896039603961,0.750309405940594,0.13706683168316833,0.6311881188118812,0.0875
29203,Shannon County,Missouri,MO,0.4429,2.3739350847976713e-06,0.575381679389313,0.42636138613861385,0.8979007634,0.052480916030534355,0.7258663366336634,0.4808168316831683,0.4619430693069307,0.7595915841584159,0.9279084158415841,0.7314356435643564,0.07317450495049505,0.6188118811881188,0.3626237623762376,0.0556
29205,Shelby County,Missouri,MO,0.3968,3.116059902549383e-06,0.15935114503816797,0.20049504950495053,0.31456743,0.763676844783715,0.26794554455445546,0.3629331683168317,0.3895420792079208,0.8053836633663366,0.2775371287128713,0.20173267326732675,0.620049504950495,0.22926980198019803,0.8638613861386139,0.0184
29207,Stoddard County,Missouri,MO,0.4359,0.06245527690686292,0.7430025445292621,0.7144183168316832,0.5508905852,0.27671755725190844,0.84375,0.6222153465346535,0.7595915841584159,0.8570544554455446,0.7469059405940595,0.8951113861386139,0.7001856435643564,0.15748762376237624,0.5792079207920792,0.0688
29209,Stone County,Missouri,MO,0.4337,2.315936507969612e-06,0.7674936386768448,0.7255569306930693,0.6393129771,0.31806615776081426,0.9941212871287128,0.5501237623762376,0.6998762376237624,0.8205445544554455,0.6055074257425742,0.9439975247524752,0.5120668316831684,0.650680693069307,0.6946163366336634,0.0646
29211,Sullivan County,Missouri,MO,0.5068,2.3001711339768173e-06,0.10114503816793893,0.10488861386138612,0.5314885496,0.4398854961832061,0.25402227722772275,0.38304455445544555,0.49133663366336633,0.49226485148514854,0.4251237623762376,0.16738861386138615,0.7150371287128713,0.44183168316831684,0.28527227722772275,0.0263
29213,Taney County,Missouri,MO,0.7941,0.06660381195814012,0.8403307888040712,0.8041460396039604,0.6803435115,0.3546437659033079,0.7602103960396039,0.5426980198019802,0.7831064356435643,0.8904702970297029,0.7970297029702971,0.9767945544554455,0.47277227722772275,0.687809405940594,0.8598391089108911,0.089
29215,Texas County,Missouri,MO,0.8575,2.4326523489883955e-06,0.6243638676844784,0.5402227722772277,0.7700381679,0.13963104325699746,0.6392326732673267,0.5343440594059405,0.6407797029702971,0.8811881188118812,0.9149133663366337,0.869740099009901,0.38582920792079206,0.6590346534653465,0.594059405940594,0.0722
29217,Vernon County,Missouri,MO,0.5733,0.08690505438535219,0.45960559796437667,0.4857673267326732,0.4204834606,0.469147582697201,0.5040222772277227,0.4885519801980198,0.526299504950495,0.7571163366336634,0.5761138613861386,0.7561881188118812,0.9486386138613861,0.265779702970297,0.32301980198019803,0.0501
29219,Warren County,Missouri,MO,0.1689,2.3001711339768173e-06,0.5534351145038169,0.7008044554455446,0.10623409669999999,0.7092875318066157,0.562190594059406,0.32889851485148514,0.5646658415841584,0.9291460396039604,0.4832920792079208,0.6441831683168316,0.328279702970297,0.5773514851485149,0.3276608910891089,0.0329
29221,Washington County,Missouri,MO,0.7957,0.12493579306554632,0.6777989821882952,0.6014851485148515,0.7388676845000001,0.16253180661577604,0.7571163366336634,0.4823638613861386,0.661200495049505,0.9616336633663366,0.8839727722772277,0.614480198019802,0.2311262376237624,0.5720915841584159,0.45451732673267325,0.0836
29223,Wayne County,Missouri,MO,0.6675,0.2999622294141566,0.6701653944020356,0.5154702970297028,0.9297073791,0.05629770992366412,0.5615717821782178,0.5228960396039604,0.7091584158415841,0.8323019801980198,0.8536509900990099,0.775680693069307,0.3400371287128713,0.48607673267326734,0.4251237623762376,0.0946
29225,Webster County,Missouri,MO,0.5437,2.5383007758202043e-06,0.4459287531806616,0.5470297029702972,0.17557251910000002,0.2967557251908397,0.8115717821782178,0.43285891089108913,0.6658415841584159,0.8258044554455446,0.5111386138613861,0.8811881188118812,0.4093440594059406,0.6998762376237624,0.6760519801980198,0.0466
29227,Worth County,Missouri,MO,0.2237,1.5411197517351682e-06,0.08206106870229007,0.09189356435643564,0.4090330789,0.6723918575063614,0.1188118811881188,0.3118811881188119,0.2555693069306931,0.8666460396039604,0.255259900990099,0.15965346534653466,0.7026608910891089,0.3589108910891089,0.07363861386138613,0.0115
29229,Wright County,Missouri,MO,0.749,2.4016140751314624e-06,0.5741094147582697,0.46101485148514854,0.8552798982,0.3053435114503817,0.775990099009901,0.4904084158415842,0.5823019801980198,0.8152846534653465,0.7521658415841584,0.9016089108910891,0.380259900990099,0.6556311881188119,0.5795173267326733,0.0592
29510,St. Louis City,Missouri,MO,0.8139,0.06250241495122452,0.9869592875318066,0.9832920792079208,0.7188295164999999,0.6097328244274809,0.9467821782178217,0.4962871287128713,0.9888613861386139,0.9981435643564357,0.8756188118811881,0.848700495049505,0.07317450495049505,0.05631188118811881,0.8923267326732673,0.1004
30001,Beaverhead County,Montana,MT,0.2043,0.03329837481054255,0.4287531806615776,0.34777227722772275,0.7716284987,0.24013994910941475,0.09313118811881188,0.1551670792079208,0.09344059405940594,0.08477722772277228,0.7085396039603961,0.1630569306930693,0.40748762376237624,0.8474628712871287,0.6497524752475248,0.0352
30003,Big Horn County,Montana,MT,0.7646,0.11349475549609206,0.5722010178117047,0.39820544554455445,0.941475827,0.04802798982188295,0.9600866336633663,0.1551670792079208,0.14449257425742573,0.37314356435643564,0.775680693069307,0.1875,0.40191831683168316,0.9498762376237624,0.8369430693069307,0.0759
30005,Blaine County,Montana,MT,0.9443,0.04023468150620123,0.45865139949109407,0.2926980198019801,0.9573791348999999,0.13358778625954199,0.11912128712871287,0.1551670792079208,0.0922029702970297,0.23483910891089108,0.9028465346534653,0.15068069306930693,0.3743811881188119,0.7066831683168316,0.8066212871287128,0.0665
30007,Broadwater County,Montana,MT,0.0827,0.0711982420061516,0.17684478371501272,0.16831683168316833,0.5292620865,0.1940203562340967,0.06806930693069307,0.1551670792079208,0.07704207920792079,0.12252475247524752,0.5556930693069307,0.11943069306930693,0.32332920792079206,0.7363861386138614,0.7410272277227723,0.025
30009,Carbon County,Montana,MT,0.1241,2.3001711339768173e-06,0.5979643765903307,0.536819306930693,0.7484096692,0.6405852417302799,0.1349009900990099,0.1551670792079208,0.19337871287128713,0.23824257425742573,0.6386138613861386,0.1676980198019802,0.39139851485148514,0.9350247524752475,0.7741336633663366,0.032
30011,Carter County,Montana,MT,0.4069,2.3001711339768173e-06,0.01749363867684478,0.02939356435643564,0.10623409669999999,0.05057251908396947,0.07116336633663366,0.1551670792079208,0.10117574257425743,0.11169554455445545,0.4099628712871287,0.1265470297029703,0.21318069306930693,0.7453589108910891,0.053527227722772276,0.0329
30013,Cascade County,Montana,MT,0.4435,2.2366554945134907e-06,0.8314249363867683,0.8521039603960396,0.2709923664,0.7627226463104327,0.620049504950495,0.1551670792079208,0.2295792079207921,0.4780321782178218,0.9808168316831684,0.29300742574257427,0.3521039603960396,0.8459158415841584,0.7363861386138614,0.0638
30015,Chouteau County,Montana,MT,0.2584,2.2366554945134907e-06,0.3947201017811705,0.34808168316831684,0.6539440204,0.2487277353689567,0.12376237623762376,0.1551670792079208,0.14263613861386137,0.19461633663366337,0.8183787128712872,0.16831683168316833,0.5086633663366337,0.7332920792079208,0.45389851485148514,0.0327
30017,Custer County,Montana,MT,0.3589,2.074673211672448e-06,0.4214376590330789,0.3604579207920792,0.7080152672,0.2709923664122138,0.6166460396039604,0.1551670792079208,0.1844059405940594,0.4056311881188119,0.8734529702970297,0.1639851485148515,0.28929455445544555,0.8576732673267327,0.7747524752475248,0.037
30019,Daniels County,Montana,MT,0.1228,1.974749976752578e-06,0.01812977099236641,0.033725247524752484,0.10623409669999999,0.08555979643765904,0.07673267326732673,0.1551670792079208,0.10426980198019802,0.11448019801980198,0.5544554455445545,0.10457920792079207,0.3060024752475248,0.39511138613861385,0.050742574257425746,0.0215
30021,Dawson County,Montana,MT,0.0764,2.1348927490379208e-06,0.6380407124681934,0.624690594059406,0.5130407125,0.42525445292620867,0.5241336633663366,0.1551670792079208,0.2716584158415842,0.6386138613861386,0.9755569306930693,0.1813118811881188,0.35086633663366334,0.6067450495049505,0.754950495049505,0.0384
30023,Deer Lodge County,Montana,MT,0.6417,2.208607616771179e-06,0.1758905852417303,0.16800742574257427,0.534351145,0.3486005089058524,0.08137376237623763,0.1551670792079208,0.08106435643564357,0.10767326732673267,0.630569306930693,0.20297029702970298,0.17574257425742573,0.7431930693069307,0.4291460396039604,0.0351
30025,Fallon County,Montana,MT,0.1508,2.5521355873779572e-06,0.05407124681933842,0.10179455445544551,0.10623409669999999,0.22455470737913485,0.10983910891089109,0.1551670792079208,0.1296410891089109,0.16367574257425743,0.687809405940594,0.24412128712871287,0.22308168316831684,0.5770420792079208,0.11107673267326733,0.0186
30027,Fergus County,Montana,MT,0.3837,2.2224574875240423e-06,0.4510178117048346,0.47370049504950495,0.4519720102,0.7029262086513995,0.11076732673267327,0.1551670792079208,0.18007425742574257,0.23205445544554457,0.9198638613861386,0.1775990099009901,0.3369430693069307,0.8094059405940595,0.6983292079207921,0.0316
30029,Flathead County,Montana,MT,0.2094,2.053337462541377e-06,0.8645038167938931,0.8845915841584159,0.159351145,0.46342239185750633,0.16986386138613863,0.1551670792079208,0.07209158415841584,0.5872524752475248,0.9526608910891089,0.7168935643564357,0.265470297029703,0.9557549504950495,0.5999381188118812,0.0638
30031,Gallatin County,Montana,MT,0.0783,2.3001711339768173e-06,0.8097964376590332,0.8712871287128714,0.10623409669999999,0.7172391857506362,0.4087252475247525,0.1551670792079208,0.18935643564356436,0.31435643564356436,0.937809405940594,0.29517326732673266,0.3910891089108911,0.9161509900990099,0.9294554455445545,0.05
30033,Garfield County,Montana,MT,0.0652,2.255336564943881e-06,0.02480916030534351,0.03805693069306931,0.21851145039999997,0.659033078880407,0.18316831683168316,0.1551670792079208,0.06837871287128713,0.13861386138613863,0.4566831683168317,0.09158415841584158,0.23824257425742573,0.7892945544554455,0.37530940594059403,0.0053
30035,Glacier County,Montana,MT,0.9752,2.2366554945134907e-06,0.5149491094147582,0.3456064356435643,0.9920483461,0.2814885496183206,0.16584158415841585,0.1551670792079208,0.06280940594059406,0.19709158415841585,0.9192450495049505,0.17110148514851486,0.38521039603960394,0.8567450495049505,0.536819306930693,0.0633
30037,Golden Valley County,Montana,MT,0.1451,2.3001711339768173e-06,0.00986005089058524,0.00959158415841584,0.4519720102,0.330470737913486,0.04455445544554455,0.1551670792079208,0.06435643564356436,0.07982673267326733,0.22524752475247525,0.08570544554455446,0.2422648514851485,0.5860148514851485,0.3997524752475248,0.015
30039,Granite County,Montana,MT,0.2246,2.3001711339768173e-06,0.09382951653944019,0.09467821782178218,0.4955470738,0.2993002544529262,0.05816831683168317,0.1551670792079208,0.053836633663366336,0.07673267326732673,0.3613861386138614,0.34189356435643564,0.19275990099009901,0.8895420792079208,0.10736386138613861,0.0195
30041,Hill County,Montana,MT,0.4419,2.2366554945134907e-06,0.5044529262086515,0.45823019801980197,0.6708015267,0.38104325699745545,0.14820544554455445,0.1551670792079208,0.10829207920792079,0.2747524752475248,0.9384282178217822,0.19090346534653466,0.46101485148514854,0.6379950495049505,0.6256188118811881,0.0424
30043,Jefferson County,Montana,MT,0.1158,0.04540479610701277,0.21564885496183206,0.2902227722772277,0.239821883,0.3438295165394402,0.09622524752475248,0.1551670792079208,0.0823019801980198,0.13366336633663367,0.6373762376237624,0.1364480198019802,0.21936881188118812,0.8935643564356436,0.6008663366336634,0.0218
30045,Judith Basin County,Montana,MT,0.049,2.2424296435556112e-06,0.05502544529262086,0.06559405940594058,0.29643765899999996,0.49650127226463103,0.05785891089108911,0.1551670792079208,0.09870049504950495,0.10705445544554455,0.5720915841584159,0.10922029702970297,0.30198019801980197,0.6466584158415841,0.35798267326732675,0.008
30047,Lake County,Montana,MT,0.7541,0.0,0.6765267175572519,0.6531559405940596,0.5877862595,0.5098600508905853,0.1395420792079208,0.1551670792079208,0.059096534653465344,0.4090346534653465,0.8620049504950495,0.7465965346534653,0.26021039603960394,0.9285272277227723,0.3895420792079208,0.0639
30049,Lewis and Clark County,Montana,MT,0.1906,2.287553619949822e-06,0.712468193384224,0.7645420792079208,0.2121501272,0.8330152671755725,0.23391089108910892,0.1551670792079208,0.11417079207920793,0.3774752475247525,0.9477103960396039,0.21751237623762376,0.24938118811881188,0.9303836633663366,0.6723391089108911,0.0435
30051,Liberty County,Montana,MT,0.6592,2.2366554945134907e-06,0.06297709923664122,0.04486386138613861,0.637086514,0.1749363867684478,0.06311881188118812,0.1551670792079208,0.06126237623762376,0.1203589108910891,0.6568688118811881,0.10612623762376237,0.4152227722772277,0.19337871287128713,0.06466584158415842,0.0383
30053,Lincoln County,Montana,MT,0.5628,0.4997237868419696,0.6428117048346056,0.5216584158415841,0.8718193384,0.13740458015267176,0.12407178217821782,0.1551670792079208,0.08601485148514851,0.3938737623762376,0.7354579207920792,0.45761138613861385,0.17543316831683167,0.9668935643564357,0.3056930693069307,0.1025
30055,McCone County,Montana,MT,0.0121,2.2366554945134907e-06,0.052480916030534355,0.0671410891089109,0.2538167939,0.17016539440203562,0.24597772277227722,0.1551670792079208,0.1327351485148515,0.2094678217821782,0.6379950495049505,0.1051980198019802,0.3035272277227723,0.49969059405940597,0.0838490099009901,0.0151
30057,Madison County,Montana,MT,0.098,2.3001711339768173e-06,0.4103053435114504,0.5117574257425743,0.18447837150000002,0.40935114503816794,0.07735148514851485,0.1551670792079208,0.06683168316831684,0.09096534653465346,0.5516707920792079,0.14108910891089108,0.31745049504950495,0.8768564356435643,0.37685643564356436,0.0255
30059,Meagher County,Montana,MT,0.0188,2.3001711339768173e-06,0.027989821882951647,0.02444306930693069,0.5114503817,0.15489821882951654,0.06188118811881188,0.1551670792079208,0.07797029702970297,0.07363861386138613,0.3873762376237624,0.0968440594059406,0.22926980198019803,0.692759900990099,0.2202970297029703,0.0155
30061,Mineral County,Montana,MT,0.2218,0.11104689347325329,0.07347328244274809,0.05724009900990099,0.5922391858,0.07220101781170485,0.055383663366336634,0.1551670792079208,0.039913366336633664,0.18564356435643564,0.2880569306930693,0.4291460396039604,0.15686881188118812,0.8595297029702971,0.08353960396039604,0.0349
30063,Missoula County,Montana,MT,0.2762,2.1559840232389805e-06,0.7703562340966922,0.8542698019801979,0.10623409669999999,0.7954834605597965,0.23205445544554457,0.1551670792079208,0.12592821782178218,0.551980198019802,0.9331683168316832,0.90625,0.18254950495049505,0.9588490099009901,0.6500618811881188,0.0529
30065,Musselshell County,Montana,MT,0.2278,2.2242659957526523e-06,0.17048346055979643,0.12592821782178218,0.7430025444999999,0.2506361323155216,0.12066831683168316,0.1551670792079208,0.10612623762376237,0.20606435643564355,0.6642945544554455,0.12469059405940594,0.2691831683168317,0.9214108910891089,0.7462871287128713,0.0225
30067,Park County,Montana,MT,0.1623,2.3001711339768173e-06,0.6628498727735369,0.7060643564356436,0.29071246819999996,0.8206106870229009,0.11943069306930693,0.1551670792079208,0.10767326732673267,0.20668316831683167,0.7060643564356436,0.1751237623762376,0.2568069306930693,0.9368811881188119,0.6120049504950495,0.0381
30069,Petroleum County,Montana,MT,0.0013,2.2366554945134907e-06,0.01304071246819339,0.014542079207920791,0.2738549618,0.12913486005089062,0.04238861386138614,0.1551670792079208,0.05198019801980198,0.08787128712871287,0.34220297029702973,0.07642326732673267,0.1989480198019802,0.6738861386138614,0.7073019801980198,0.0157
30071,Phillips County,Montana,MT,0.2081,2.0663267132441753e-06,0.34510178117048346,0.2537128712871287,0.808524173,0.1765267175572519,0.11200495049504951,0.1551670792079208,0.10272277227722772,0.2354579207920792,0.8629331683168316,0.13985148514851486,0.29857673267326734,0.6862623762376238,0.6547029702970297,0.0301
30073,Pondera County,Montana,MT,0.7967,2.2366554945134907e-06,0.24618320610687025,0.14108910891089108,0.9526081424999999,0.49268447837150126,0.17574257425742573,0.1551670792079208,0.07147277227722772,0.1646039603960396,0.818069306930693,0.1150990099009901,0.45792079207920794,0.7110148514851485,0.18780940594059406,0.039
30075,Powder River County,Montana,MT,0.1521,2.3001711339768173e-06,0.04007633587786259,0.06342821782178218,0.1628498728,0.027353689567430027,0.05136138613861386,0.1551670792079208,0.09808168316831684,0.13025990099009901,0.3409653465346535,0.0952970297029703,0.1952351485148515,0.8830445544554455,0.0686881188118812,0.0248
30077,Powell County,Montana,MT,0.2319,2.3001711339768173e-06,0.09955470737913483,0.08601485148514851,0.5814249363999999,0.1943384223918575,0.07920792079207921,0.1551670792079208,0.04826732673267327,0.09344059405940594,0.5853960396039604,0.19121287128712872,0.23948019801980197,0.8672648514851485,0.1707920792079208,0.0229
30079,Prairie County,Montana,MT,0.3567,2.248203792597732e-06,0.04230279898218829,0.024752475247524747,0.7414122137,0.19497455470737912,0.1135519801980198,0.1551670792079208,0.11200495049504951,0.21534653465346534,0.6522277227722773,0.09282178217821782,0.2521658415841584,0.6203589108910891,0.10488861386138613,0.0266
30081,Ravalli County,Montana,MT,0.1511,2.090377080539126e-06,0.7846692111959288,0.7787747524752475,0.4519720102,0.2725826972010178,0.15222772277227722,0.1551670792079208,0.11571782178217822,0.4907178217821782,0.8790222772277227,0.7849628712871287,0.2172029702970297,0.9891707920792079,0.6633663366336634,0.058
30083,Richland County,Montana,MT,0.2644,2.2366554945134907e-06,0.5270356234096693,0.6553217821782178,0.10623409669999999,0.16793893129770993,0.27970297029702973,0.1551670792079208,0.28991336633663367,0.4808168316831683,0.9566831683168316,0.47648514851485146,0.3443688118811881,0.562190594059406,0.39449257425742573,0.0462
30085,Roosevelt County,Montana,MT,0.7665,2.2366554945134907e-06,0.544529262086514,0.35488861386138615,0.9446564885,0.01622137404580153,0.8341584158415841,0.1551670792079208,0.33941831683168316,0.500309405940594,0.9511138613861386,0.4443069306930693,0.4279084158415842,0.7357673267326733,0.2667079207920792,0.0659
30087,Rosebud County,Montana,MT,0.9408,2.288622835892576e-06,0.49713740458015265,0.296720297029703,0.9736005088999999,0.0089058524173028,0.19801980198019803,0.1551670792079208,0.12530940594059406,0.3431311881188119,0.7908415841584159,0.1670792079207921,0.3536509900990099,0.9514232673267327,0.557240099009901,0.0693
30089,Sanders County,Montana,MT,0.5778,2.521782140079149e-06,0.4736005089058524,0.31095297029702973,0.9624681934,0.18734096692111962,0.09870049504950495,0.1551670792079208,0.07301980198019802,0.33601485148514854,0.6741955445544554,0.8035272277227723,0.2218440594059406,0.9142945544554455,0.20699257425742573,0.0493
30091,Sheridan County,Montana,MT,0.1642,2.2366554945134907e-06,0.15076335877862596,0.1318069306930693,0.5922391858,0.11991094147582697,0.20761138613861385,0.1551670792079208,0.18409653465346534,0.1989480198019802,0.8004331683168316,0.504950495049505,0.38830445544554454,0.5253712871287128,0.11262376237623763,0.0238
30093,Silver Bow County,Montana,MT,0.4534,1.1615940606143435e-06,0.38040712468193383,0.49412128712871284,0.1698473282,0.6291348600508906,0.12438118811881188,0.1551670792079208,0.12221534653465346,0.17017326732673269,0.8236386138613861,0.19709158415841585,0.16800742574257427,0.8125,0.6293316831683168,0.0324
30095,Stillwater County,Montana,MT,0.0608,2.3001711339768173e-06,0.16762086513994912,0.31683168316831684,0.10623409669999999,0.5626590330788804,0.0838490099009901,0.1551670792079208,0.09158415841584158,0.1729579207920792,0.44925742574257427,0.1219059405940594,0.2747524752475248,0.8740717821782178,0.4146039603960396,0.0105
30097,Sweet Grass County,Montana,MT,0.0242,2.3001711339768173e-06,0.08142493638676845,0.16676980198019803,0.10623409669999999,0.5442111959287532,0.059096534653465344,0.1551670792079208,0.06373762376237624,0.0999381188118812,0.31714108910891087,0.10891089108910891,0.20389851485148514,0.8842821782178217,0.20513613861386137,0.0068
30099,Teton County,Montana,MT,0.3662,2.2366554945134907e-06,0.19020356234096691,0.27042079207920794,0.21310432569999999,0.5763358778625954,0.1166460396039604,0.1551670792079208,0.07611386138613861,0.12469059405940594,0.6952351485148515,0.09931930693069307,0.38892326732673266,0.7422648514851485,0.10272277227722772,0.0213
30101,Toole County,Montana,MT,0.6023,2.2366554945134907e-06,0.13008905852417302,0.10798267326732675,0.6466284987,0.19751908396946566,0.15037128712871287,0.1551670792079208,0.06466584158415842,0.14603960396039603,0.7719678217821783,0.13056930693069307,0.4146039603960396,0.4931930693069307,0.12159653465346534,0.0367
30103,Treasure County,Montana,MT,0.0719,2.3001711339768173e-06,0.00508905852417303,0.00742574257425743,0.10623409669999999,0.047391857506361316,0.053836633663366336,0.1551670792079208,0.04610148514851485,0.0952970297029703,0.20327970297029702,0.07580445544554455,0.28558168316831684,0.6463490099009901,0.07518564356435643,0.0209
30105,Valley County,Montana,MT,0.2027,2.2366554945134907e-06,0.3594147582697201,0.3969678217821782,0.4020356234,0.4532442748091603,0.19492574257425743,0.1551670792079208,0.16955445544554457,0.28001237623762376,0.8607673267326733,0.1494430693069307,0.3926361386138614,0.5083539603960396,0.17883663366336633,0.0246
30107,Wheatland County,Montana,MT,0.1273,2.3001711339768173e-06,0.03498727735368957,0.023205445544554452,0.6221374046,0.10146310432569974,0.055693069306930694,0.1551670792079208,0.08323019801980198,0.10334158415841584,0.39232673267326734,0.10179455445544554,0.2676361386138614,0.5235148514851485,0.45761138613861385,0.0212
30109,Wibaux County,Montana,MT,0.273,0.33330633256490655,0.11068702290076336,0.2045173267326733,0.10623409669999999,0.04103053435114504,0.08415841584158416,0.1551670792079208,0.11138613861386139,0.14882425742574257,0.8273514851485149,0.27970297029702973,0.21070544554455445,0.4344059405940594,0.06311881188118812,0.0568
30111,Yellowstone County,Montana,MT,0.2889,2.3001711339768173e-06,0.835559796437659,0.8613861386138614,0.2032442748,0.8231552162849873,0.6132425742574258,0.1551670792079208,0.3087871287128713,0.7326732673267327,0.9718440594059405,0.38892326732673266,0.37345297029702973,0.9362623762376238,0.8849009900990099,0.0582
31001,Adams County,Nebraska,NE,0.4769,0.0,0.6431297709923665,0.7221534653465347,0.1580788804,0.8266539440203562,0.9313118811881188,0.1551670792079208,0.8013613861386139,0.5241336633663366,0.21132425742574257,0.8573638613861386,0.9214108910891089,0.442759900990099,0.9031559405940595,0.0484
31003,Antelope County,Nebraska,NE,0.0767,2.3001711339768173e-06,0.1946564885496183,0.307240099009901,0.1437659033,0.4118956743002545,0.5779702970297029,0.1551670792079208,0.4535891089108911,0.2469059405940594,0.3069306930693069,0.5686881188118812,0.8465346534653465,0.5922029702970297,0.2172029702970297,0.0148
31005,Arthur County,Nebraska,NE,0.0751,2.3001711339768173e-06,0.0028625954198473304,0.00495049504950495,0.1138676845,0.031170483460559797,0.05290841584158416,0.1551670792079208,0.08879950495049505,0.06466584158415842,0.10241336633663366,0.07858910891089109,0.5201113861386139,0.5906559405940595,0.0983910891089109,0.0216
31007,Banner County,Nebraska,NE,0.0124,2.3284242288546116e-06,0.00795165394402036,0.013923267326732668,0.10623409669999999,0.28944020356234096,0.08168316831683169,0.1551670792079208,0.10086633663366337,0.06126237623762376,0.15501237623762376,0.18038366336633663,0.6782178217821783,0.43719059405940597,0.0411509900990099,0.0113
31009,Blaine County,Nebraska,NE,0.0799,2.3001711339768173e-06,0.0044529262086514,0.00402227722772277,0.4389312977,0.01972010178117048,0.08879950495049505,0.1551670792079208,0.12623762376237624,0.08292079207920793,0.07425742574257425,0.1333539603960396,0.421720297029703,0.5210396039603961,0.038366336633663366,0.0222
31011,Boone County,Nebraska,NE,0.0162,2.0949348951321296e-06,0.43352417302798985,0.4489480198019802,0.5012722646000001,0.8743638676844785,0.6983292079207921,0.1551670792079208,0.5327970297029703,0.2407178217821782,0.5436262376237624,0.655940594059406,0.9068688118811881,0.4464727722772277,0.2660891089108911,0.0155
31013,Box Butte County,Nebraska,NE,0.4963,1.8767063188636386e-06,0.20960559796437658,0.2840346534653465,0.2375954198,0.38899491094147576,0.22215346534653466,0.1551670792079208,0.32982673267326734,0.13242574257425743,0.4972153465346535,0.5495049504950495,0.9665841584158416,0.6237623762376238,0.5461014851485149,0.0306
31015,Boyd County,Nebraska,NE,0.0601,2.0069765070558347e-06,0.03403307888040712,0.06745049504950494,0.10623409669999999,0.32347328244274803,0.10581683168316831,0.1551670792079208,0.1670792079207921,0.1051980198019802,0.3814975247524752,0.34560643564356436,0.7453589108910891,0.536509900990099,0.09344059405940594,0.0123
31017,Brown County,Nebraska,NE,0.1444,0.03995961776413065,0.02385496183206107,0.040222772277227724,0.17843511450000002,0.34033078880407125,0.16522277227722773,0.1551670792079208,0.21534653465346534,0.16274752475247525,0.33663366336633666,0.21627475247524752,0.6875,0.5962252475247525,0.09591584158415842,0.018
31019,Buffalo County,Nebraska,NE,0.3828,2.208607616771179e-06,0.6599872773536896,0.7821782178217822,0.10623409669999999,0.69529262086514,0.9699876237623762,0.1551670792079208,0.7274133663366337,0.5594059405940595,0.23607673267326731,0.8140470297029703,0.875,0.750309405940594,0.7354579207920792,0.0488
31021,Burt County,Nebraska,NE,0.1798,0.09997918781467821,0.20674300254452926,0.2945544554455446,0.2051526718,0.5648854961832062,0.42698019801980197,0.1551670792079208,0.4808168316831683,0.33632425742574257,0.4084158415841584,0.3443688118811881,0.8576732673267327,0.7899133663366337,0.09560643564356436,0.0234
31023,Butler County,Nebraska,NE,0.0738,0.05869670952716586,0.24459287531806612,0.36478960396039595,0.1526717557,0.7286895674300254,0.7153465346534653,0.1551670792079208,0.5191831683168316,0.2524752475247525,0.2688737623762376,0.624690594059406,0.7663985148514851,0.6714108910891089,0.3833539603960396,0.0155
31025,Cass County,Nebraska,NE,0.0379,2.585252477694225e-06,0.3104325699745547,0.5133044554455446,0.10623409669999999,0.7868956743002543,0.5092821782178217,0.1551670792079208,0.6410891089108911,0.5498143564356436,0.39139851485148514,0.6939975247524752,0.6986386138613861,0.7484529702970297,0.2391707920792079,0.0129
31027,Cedar County,Nebraska,NE,0.0067,2.3001711339768173e-06,0.21692111959287538,0.32271039603960394,0.1657124682,0.4952290076335878,0.40655940594059403,0.1551670792079208,0.4433787128712871,0.3505569306930693,0.2902227722772277,0.5349628712871287,0.8595297029702971,0.7196782178217822,0.19616336633663367,0.0111
31029,Chase County,Nebraska,NE,0.272,2.3605007483218465e-06,0.06679389312977099,0.12221534653465346,0.10623409669999999,0.07983460559796438,0.27103960396039606,0.1551670792079208,0.27320544554455445,0.15222772277227722,0.359220297029703,0.2629950495049505,0.6890470297029703,0.2713490099009901,0.24659653465346534,0.0277
31031,Cherry County,Nebraska,NE,0.3016,2.3521202103286587e-06,0.13581424936386768,0.12407178217821782,0.5760178117,0.236323155216285,0.11757425742574257,0.1551670792079208,0.28279702970297027,0.22431930693069307,0.5798267326732673,0.3573638613861386,0.7057549504950495,0.8867574257425742,0.21689356435643564,0.0249
31033,Cheyenne County,Nebraska,NE,0.2857,0.02494742937312131,0.2779898218829516,0.41615099009900985,0.1275445293,0.5085877862595419,0.36695544554455445,0.1551670792079208,0.3712871287128713,0.08972772277227722,0.3886138613861386,0.8598391089108911,0.9189356435643564,0.44925742574257427,0.6417079207920792,0.0257
31035,Clay County,Nebraska,NE,0.0942,0.0014012407136925773,0.5604325699745547,0.6076732673267327,0.2868956743,0.4277989821882952,0.9767945544554455,0.1551670792079208,0.5556930693069307,0.15377475247524752,0.1265470297029703,0.7261757425742574,0.9331683168316832,0.6064356435643564,0.5476485148514851,0.0342
31037,Colfax County,Nebraska,NE,0.364,2.338686774406823e-06,0.2862595419847328,0.44337871287128716,0.10623409669999999,0.15521628498727735,0.6274752475247525,0.1551670792079208,0.5717821782178217,0.2391707920792079,0.40625,0.5318688118811881,0.7175123762376238,0.5823019801980198,0.1485148514851485,0.0364
31039,Cuming County,Nebraska,NE,0.0795,2.0254805823599026e-06,0.5728371501272265,0.557240099009901,0.5473918575,0.5454834605597965,0.8220915841584159,0.1551670792079208,0.7218440594059405,0.4659653465346535,0.5541460396039604,0.630569306930693,0.9000618811881188,0.8675742574257426,0.23793316831683167,0.0309
31041,Custer County,Nebraska,NE,0.1425,2.163422922995125e-06,0.27989821882951654,0.3920173267326732,0.1698473282,0.19274809160305345,0.22246287128712872,0.1551670792079208,0.5167079207920792,0.30847772277227725,0.19121287128712872,0.5724009900990099,0.749690594059406,0.8279702970297029,0.22462871287128713,0.0264
31043,Dakota County,Nebraska,NE,0.7321,1.958110735902338e-06,0.36005089058524176,0.40594059405940597,0.3422391858,0.07951653944020357,0.5173267326732673,0.1551670792079208,0.7623762376237624,0.6169554455445545,0.3094059405940594,0.6720297029702971,0.7518564356435643,0.786509900990099,0.27320544554455445,0.0543
31045,Dawes County,Nebraska,NE,0.3156,2.051163064205075e-06,0.05566157760814249,0.09931930693069307,0.1138676845,0.3594147582697201,0.14294554455445543,0.1551670792079208,0.2370049504950495,0.12747524752475248,0.3530321782178218,0.21008663366336633,0.6763613861386139,0.818069306930693,0.37159653465346537,0.0208
31047,Dawson County,Nebraska,NE,0.7311,1.8096522918037558e-06,0.6529898218829515,0.6568688118811881,0.4268447837,0.09382951653944019,0.9458539603960396,0.1551670792079208,0.7342202970297029,0.494740099009901,0.2073019801980198,0.6172648514851485,0.9449257425742574,0.6664603960396039,0.5043316831683168,0.0729
31049,Deuel County,Nebraska,NE,0.063,1.9871287286066683e-06,0.04039440203562341,0.03032178217821782,0.6377226463,0.4825063613231552,0.15903465346534654,0.1551670792079208,0.19647277227722773,0.07797029702970297,0.2249381188118812,0.1438737623762376,0.8245668316831684,0.400990099009901,0.41027227722772275,0.0086
31051,Dixon County,Nebraska,NE,0.3789,2.0719729544790837e-06,0.08842239185750636,0.1760519801980198,0.10623409669999999,0.3237913486005089,0.2376237623762376,0.1551670792079208,0.37376237623762376,0.3375618811881188,0.19554455445544555,0.39820544554455445,0.7459777227722773,0.6853341584158416,0.10457920792079207,0.0248
31053,Dodge County,Nebraska,NE,0.5135,2.177041424677694e-06,0.6739821882951653,0.7574257425742574,0.1377226463,0.7757633587786259,0.8462252475247525,0.1551670792079208,0.8465346534653465,0.5640470297029703,0.8189975247524752,0.7453589108910891,0.7914603960396039,0.7113242574257426,0.390779702970297,0.0529
31055,Douglas County,Nebraska,NE,0.594,0.016667099301905536,0.9586513994910942,0.9656559405940597,0.2022900763,0.799618320610687,0.995049504950495,0.1551670792079208,0.9941212871287128,0.9761757425742574,0.973700495049505,0.9777227722772277,0.6308787128712872,0.8910891089108911,0.8898514851485149,0.0833
31057,Dundy County,Nebraska,NE,0.0156,2.3347565191606487e-06,0.022264631043257,0.04548267326732673,0.10623409669999999,0.05566157760814249,0.24783415841584158,0.1551670792079208,0.19399752475247525,0.07518564356435643,0.24907178217821782,0.2685643564356436,0.6946163366336634,0.2995049504950495,0.08694306930693069,0.0187
31059,Fillmore County,Nebraska,NE,0.0083,0.07684355911966498,0.2013358778625954,0.37623762376237624,0.10623409669999999,0.6669847328244275,0.7202970297029703,0.1551670792079208,0.4350247524752475,0.1448019801980198,0.11726485148514851,0.6147896039603961,0.8737623762376238,0.3214727722772277,0.23731435643564355,0.0144
31061,Franklin County,Nebraska,NE,0.1129,1.652818584398324e-06,0.32220101781170485,0.30445544554455445,0.5903307888,0.3571882951653944,0.9362623762376238,0.1551670792079208,0.3409653465346535,0.22091584158415842,0.09251237623762376,0.6738861386138614,0.906559405940594,0.4223391089108911,0.43409653465346537,0.0212
31063,Frontier County,Nebraska,NE,0.3153,1.8423535479486264e-06,0.13676844783715011,0.09405940594059403,0.7509541985,0.16825699745547074,0.8152846534653465,0.1551670792079208,0.31157178217821785,0.20327970297029702,0.1813118811881188,0.3285891089108911,0.7391707920792079,0.43347772277227725,0.14232673267326731,0.0273
31065,Furnas County,Nebraska,NE,0.1931,2.0821414758509633e-06,0.5187659033078881,0.46782178217821785,0.6949745547,0.5260814249363868,0.958230198019802,0.1551670792079208,0.38892326732673266,0.2589727722772277,0.24350247524752475,0.5850866336633663,0.9535891089108911,0.22060643564356436,0.2332920792079208,0.0311
31067,Gage County,Nebraska,NE,0.2307,1.6031139262031114e-06,0.4055343511450381,0.5080445544554454,0.1879770992,0.6641221374045801,0.7976485148514851,0.1551670792079208,0.7899133663366337,0.5043316831683168,0.18657178217821782,0.8004331683168316,0.6454207920792079,0.7951732673267327,0.7345297029702971,0.0251
31069,Garden County,Nebraska,NE,0.42,0.04345739480539196,0.02830788804071247,0.05228960396039604,0.1339058524,0.2824427480916031,0.15129950495049505,0.1551670792079208,0.1646039603960396,0.07116336633663366,0.1943069306930693,0.11076732673267327,0.7515470297029703,0.6345915841584159,0.6460396039603961,0.0298
31071,Garfield County,Nebraska,NE,0.0557,0.058763207572355244,0.012722646310432571,0.01268564356435644,0.4351145038,0.464058524173028,0.1967821782178218,0.1551670792079208,0.20080445544554457,0.10303217821782178,0.13861386138613863,0.28032178217821785,0.43038366336633666,0.5139232673267327,0.19245049504950495,0.0132
31073,Gosper County,Nebraska,NE,0.0293,1.5389157133802068e-06,0.0982824427480916,0.1813118811881188,0.12181933839999999,0.3772264631043257,0.5383663366336634,0.1551670792079208,0.2255569306930693,0.13521039603960397,0.11912128712871287,0.2874381188118812,0.8657178217821783,0.24133663366336633,0.16150990099009901,0.011
31075,Grant County,Nebraska,NE,0.168,1.8423535479486264e-06,0.00190839694656489,0.00340346534653465,0.10623409669999999,0.0737913486005089,0.04764851485148515,0.1551670792079208,0.0891089108910891,0.06373762376237624,0.1036509900990099,0.09436881188118812,0.3468440594059406,0.629950495049505,0.09251237623762376,0.0235
31077,Greeley County,Nebraska,NE,0.062,1.7278991514415788e-06,0.12690839694656486,0.24628712871287128,0.10623409669999999,0.4061704834605598,0.594059405940594,0.1551670792079208,0.2676361386138614,0.10674504950495049,0.15841584158415842,0.4121287128712871,0.8288985148514851,0.49195544554455445,0.0999381188118812,0.0124
31079,Hall County,Nebraska,NE,0.7343,2.1676172997199945e-06,0.7423664122137404,0.7886757425742574,0.2022900763,0.6237277353689568,0.9152227722772277,0.1551670792079208,0.9022277227722773,0.20142326732673269,0.3313737623762376,0.875309405940594,0.9204826732673267,0.5198019801980198,0.6584158415841584,0.0683
31081,Hamilton County,Nebraska,NE,0.0229,2.0507285674259323e-06,0.4262086513994911,0.614789603960396,0.10623409669999999,0.7881679389312977,0.9576113861386139,0.1551670792079208,0.520730198019802,0.25154702970297027,0.19925742574257427,0.6794554455445545,0.848700495049505,0.3035272277227723,0.38521039603960394,0.0187
31083,Harlan County,Nebraska,NE,0.3312,1.7564172621220957e-06,0.32029262086513993,0.36417079207920794,0.3727735369,0.31138676844783714,0.8845915841584159,0.1551670792079208,0.3756188118811881,0.20451732673267325,0.1639851485148515,0.6330445544554455,0.9303836633663366,0.36788366336633666,0.21998762376237624,0.0309
31085,Hayes County,Nebraska,NE,0.0547,0.052608697412891696,0.01240458015267176,0.01516089108910891,0.1933842239,0.07474554707379134,0.31342821782178215,0.1551670792079208,0.15563118811881188,0.09962871287128713,0.09375,0.2332920792079208,0.5773514851485149,0.2843440594059406,0.05631188118811881,0.0236
31087,Hitchcock County,Nebraska,NE,0.2574,0.030289353922316027,0.06838422391857506,0.06311881188118812,0.4602417303,0.04611959287531807,0.6407797029702971,0.1551670792079208,0.2660891089108911,0.1500618811881188,0.1905940594059406,0.3969678217821782,0.7766089108910891,0.3323019801980198,0.1547029702970297,0.0306
31089,Holt County,Nebraska,NE,0.1098,2.1063669934205026e-06,0.1720737913486005,0.22431930693069307,0.29071246819999996,0.4173027989821883,0.3310643564356436,0.1551670792079208,0.40594059405940597,0.24412128712871287,0.6587252475247525,0.6444925742574258,0.8159034653465347,0.7125618811881188,0.6915222772277227,0.0146
31091,Hooker County,Nebraska,NE,0.1021,1.7870805368650977e-06,0.00349872773536896,0.00216584158415842,0.7207379134999999,0.19306615776081426,0.06064356435643564,0.1551670792079208,0.13985148514851486,0.0739480198019802,0.15346534653465346,0.10829207920792079,0.40284653465346537,0.42110148514851486,0.07549504950495049,0.0173
31093,Howard County,Nebraska,NE,0.2202,2.180495122179585e-06,0.24204834605597964,0.40284653465346537,0.10623409669999999,0.4443384223918575,0.7156559405940595,0.1551670792079208,0.37623762376237624,0.10643564356435643,0.10272277227722772,0.5702351485148515,0.8759282178217822,0.5405321782178217,0.12995049504950495,0.0215
31095,Jefferson County,Nebraska,NE,0.2736,2.3469265379927768e-06,0.24109414758269718,0.28279702970297027,0.3524173028,0.4386132315521628,0.6936881188118812,0.1551670792079208,0.5182549504950495,0.34498762376237624,0.10612623762376237,0.6915222772277227,0.6714108910891089,0.7370049504950495,0.28094059405940597,0.0222
31097,Johnson County,Nebraska,NE,0.2927,2.3001711339768173e-06,0.045801526717557245,0.10117574257425745,0.10623409669999999,0.662531806615776,0.18533415841584158,0.1551670792079208,0.3056930693069307,0.32116336633663367,0.1760519801980198,0.4551361386138614,0.47339108910891087,0.781559405940594,0.14077970297029702,0.0138
31099,Kearney County,Nebraska,NE,0.1028,2.3001711339768173e-06,0.3094783715012723,0.4873143564356436,0.10623409669999999,0.5349872773536896,0.8350866336633663,0.1551670792079208,0.37530940594059403,0.24504950495049505,0.09344059405940594,0.5983910891089109,0.900990099009901,0.2385519801980198,0.5340346534653465,0.0186
31101,Keith County,Nebraska,NE,0.2603,2.304651474285518e-06,0.13772264631043257,0.19430693069306929,0.22964376590000002,0.35655216284987273,0.380259900990099,0.1551670792079208,0.2936262376237624,0.19152227722772278,0.3864480198019802,0.22524752475247525,0.7654702970297029,0.6766707920792079,0.5977722772277227,0.0206
31103,Keya Paha County,Nebraska,NE,0.0226,2.3001711339768173e-06,0.01463104325699746,0.0068069306930693095,0.8842239186,0.0868320610687023,0.15841584158415842,0.1551670792079208,0.15810643564356436,0.12283415841584158,0.37933168316831684,0.1661509900990099,0.4969059405940594,0.6370668316831684,0.06219059405940594,0.0178
31105,Kimball County,Nebraska,NE,0.4308,2.3475749991214394e-06,0.07569974554707379,0.06992574257425743,0.48886768449999995,0.12372773536895677,0.17326732673267325,0.1551670792079208,0.2592821782178218,0.07332920792079207,0.2370049504950495,0.7301980198019802,0.7930074257425742,0.5643564356435643,0.2530940594059406,0.0319
31107,Knox County,Nebraska,NE,0.2717,0.14269889605415412,0.2970737913486005,0.3313737623762376,0.39344783720000004,0.4255725190839695,0.359220297029703,0.1551670792079208,0.5451732673267327,0.3131188118811881,0.5708539603960396,0.7348391089108911,0.8418935643564357,0.8189975247524752,0.28310643564356436,0.0361
31109,Lancaster County,Nebraska,NE,0.4031,0.03846030190163399,0.907442748091603,0.9195544554455446,0.1475826972,0.9656488549618323,0.9925742574257426,0.1551670792079208,0.9879331683168316,0.7728960396039604,0.7923886138613861,0.9108910891089109,0.7060643564356436,0.9387376237623762,0.9229579207920792,0.0717
31111,Lincoln County,Nebraska,NE,0.4617,2.498661184471104e-06,0.4856870229007634,0.5467202970297028,0.2748091603,0.3622773536895674,0.525680693069307,0.1551670792079208,0.6379950495049505,0.5281559405940595,0.6581064356435643,0.3301361386138614,0.8131188118811881,0.7530940594059405,0.4650371287128713,0.0439
31113,Logan County,Nebraska,NE,0.0471,2.3001711339768173e-06,0.0022264631043257,0.00433168316831683,0.10623409669999999,0.03053435114503817,0.06621287128712872,0.1551670792079208,0.10891089108910891,0.08323019801980198,0.08787128712871287,0.08725247524752475,0.45699257425742573,0.5064975247524752,0.04084158415841584,0.0206
31115,Loup County,Nebraska,NE,0.202,2.3001711339768173e-06,0.0025445292620865103,0.00525990099009901,0.10623409669999999,0.5330788804071247,0.08787128712871287,0.1551670792079208,0.12407178217821782,0.0838490099009901,0.07456683168316831,0.17264851485148514,0.34839108910891087,0.31992574257425743,0.04579207920792079,0.0124
31117,McPherson County,Nebraska,NE,0.0016,2.505587882936847e-06,0.0012722646310432601,0.0015470297029703001,0.10623409669999999,0.6975190839694656,0.06219059405940594,0.1551670792079208,0.07858910891089109,0.06683168316831684,0.07642326732673267,0.07487623762376237,0.4316212871287129,0.40129950495049505,0.04176980198019802,0.0024
31119,Madison County,Nebraska,NE,0.4633,2.3001711339768173e-06,0.6087786259541985,0.6955445544554455,0.1628498728,0.48950381679389315,0.8189975247524752,0.1551670792079208,0.8353960396039604,0.3582920792079208,0.6138613861386139,0.8576732673267327,0.786509900990099,0.8029084158415841,0.4597772277227723,0.0504
31121,Merrick County,Nebraska,NE,0.1947,0.0029494322105660382,0.42938931297709926,0.49504950495049505,0.2993002545,0.6218193384223919,0.8106435643564357,0.1551670792079208,0.5281559405940595,0.16058168316831684,0.12747524752475248,0.7042079207920792,0.9198638613861386,0.5145420792079208,0.15748762376237624,0.0256
31123,Morrill County,Nebraska,NE,0.3143,2.492859388486447e-06,0.2783078880407125,0.26516089108910884,0.5632951654,0.3956743002544529,0.19709158415841585,0.1551670792079208,0.27258663366336633,0.08415841584158416,0.463490099009901,0.5461014851485149,0.9718440594059405,0.6491336633663366,0.6166460396039604,0.0257
31125,Nance County,Nebraska,NE,0.05,2.8612359821683305e-06,0.21660305343511455,0.2911509900990099,0.25,0.6717557251908397,0.6039603960396039,0.1551670792079208,0.3666460396039604,0.15439356435643564,0.22834158415841585,0.5943688118811881,0.8527227722772277,0.4439975247524752,0.2094678217821782,0.0092
31127,Nemaha County,Nebraska,NE,0.4712,0.9988207499310888,0.1339058524173028,0.1367574257425743,0.5095419847,0.6421755725190841,0.2905321782178218,0.1551670792079208,0.504950495049505,0.5433168316831684,0.31590346534653463,0.4353341584158416,0.7741336633663366,0.676980198019802,0.19121287128712872,0.1017
31129,Nuckolls County,Nebraska,NE,0.014,0.3746004921452828,0.22455470737913485,0.2942450495049505,0.26240458019999996,0.5543893129770993,0.7419554455445545,0.1551670792079208,0.400990099009901,0.2558787128712871,0.09498762376237624,0.6986386138613861,0.8768564356435643,0.43657178217821785,0.4560643564356436,0.0401
31131,Otoe County,Nebraska,NE,0.2698,2.3882068835311154e-06,0.18002544529262088,0.3910891089108911,0.10623409669999999,0.9055343511450382,0.5,0.1551670792079208,0.5173267326732673,0.5331064356435643,0.3162128712871287,0.6163366336633663,0.6741955445544554,0.6837871287128713,0.23452970297029702,0.0149
31133,Pawnee County,Nebraska,NE,0.49,2.402879508456832e-06,0.03848600508905852,0.03341584158415842,0.5407124682,0.47073791348600513,0.17883663366336633,0.1551670792079208,0.30167079207920794,0.2988861386138614,0.11045792079207921,0.39851485148514854,0.5464108910891089,0.7948638613861386,0.11850247524752475,0.0242
31135,Perkins County,Nebraska,NE,0.14,2.44768582437166e-06,0.04357506361323155,0.08415841584158416,0.10623409669999999,0.46723918575063617,0.31219059405940597,0.1551670792079208,0.21905940594059406,0.11850247524752475,0.25092821782178215,0.1358292079207921,0.7298886138613861,0.19461633663366337,0.15996287128712872,0.0118
31137,Phelps County,Nebraska,NE,0.3242,2.3001711339768173e-06,0.39153944020356235,0.5566212871287128,0.10623409669999999,0.5798346055979644,0.7769183168316832,0.1551670792079208,0.4650371287128713,0.2636138613861386,0.1150990099009901,0.5625,0.9201732673267327,0.1036509900990099,0.34839108910891087,0.03
31139,Pierce County,Nebraska,NE,0.0439,2.3001711339768173e-06,0.14185750636132316,0.280940594059406,0.10623409669999999,0.5842875318066157,0.35179455445544555,0.1551670792079208,0.4319306930693069,0.18966584158415842,0.22246287128712872,0.5578589108910891,0.7295792079207921,0.6803836633663366,0.1494430693069307,0.0086
31141,Platte County,Nebraska,NE,0.371,2.3001711339768173e-06,0.7057888040712467,0.7469059405940596,0.2531806616,0.5540712468193384,0.9272896039603961,0.1551670792079208,0.911509900990099,0.3818069306930693,0.6225247524752475,0.8499381188118812,0.8641707920792079,0.6296410891089109,0.5064975247524752,0.053
31143,Polk County,Nebraska,NE,0.0477,2.678210232262555e-06,0.25699745547073793,0.4368811881188119,0.10623409669999999,0.6106870229007634,0.7373143564356436,0.1551670792079208,0.38521039603960394,0.2583539603960396,0.18316831683168316,0.5603341584158416,0.818069306930693,0.4006806930693069,0.47896039603960394,0.0129
31145,Red Willow County,Nebraska,NE,0.3522,2.3578942736965383e-06,0.2029262086513995,0.27413366336633666,0.2442748092,0.45642493638676845,0.5451732673267327,0.1551670792079208,0.42574257425742573,0.28867574257425743,0.39294554455445546,0.5891089108910891,0.8688118811881188,0.26021039603960394,0.35457920792079206,0.0236
31147,Richardson County,Nebraska,NE,0.2883,2.4542336956968397e-06,0.13835877862595422,0.1639851485148515,0.375,0.601145038167939,0.27351485148514854,0.1551670792079208,0.5018564356435643,0.5501237623762376,0.3261138613861386,0.65625,0.7818688118811881,0.6779084158415841,0.20173267326732675,0.0162
31149,Rock County,Nebraska,NE,0.0423,2.3001711339768173e-06,0.00699745547073791,0.0099009900990099,0.10623409669999999,0.2678117048346056,0.1234529702970297,0.1551670792079208,0.15748762376237624,0.11417079207920793,0.18935643564356436,0.24102722772277227,0.44183168316831684,0.6339727722772277,0.07147277227722772,0.0129
31151,Saline County,Nebraska,NE,0.4989,0.1110409636509137,0.4239821882951654,0.4350247524752475,0.4774173028,0.4020356234096692,0.8456064356435643,0.1551670792079208,0.6986386138613861,0.20977722772277227,0.2311262376237624,0.8094059405940595,0.7852722772277227,0.6970915841584159,0.4978341584158416,0.0486
31153,Sarpy County,Nebraska,NE,0.0776,2.3001711339768173e-06,0.8358778625954199,0.8886138613861386,0.10623409669999999,0.8514631043256999,0.963490099009901,0.1551670792079208,0.9724628712871287,0.900990099009901,0.8313737623762376,0.8827351485148515,0.5513613861386139,0.8196163366336634,0.7110148514851485,0.051
31155,Saunders County,Nebraska,NE,0.0108,0.10520413167137224,0.29103053435114506,0.5228960396039602,0.10623409669999999,0.9208015267175572,0.6571782178217822,0.1551670792079208,0.6051980198019802,0.23360148514851486,0.20297029702970298,0.6664603960396039,0.7772277227722773,0.7298886138613861,0.20853960396039603,0.0188
31157,Scotts Bluff County,Nebraska,NE,0.7356,0.027765229073878437,0.6383587786259542,0.6735767326732673,0.31456743,0.3877226463104326,0.6593440594059405,0.1551670792079208,0.6107673267326733,0.23267326732673269,0.7212252475247525,0.7107054455445545,0.9597772277227723,0.6516089108910891,0.6274752475247525,0.0661
31159,Seward County,Nebraska,NE,0.0563,0.062442061678066076,0.2487277353689567,0.4709158415841584,0.10623409669999999,0.8839058524173028,0.6661509900990099,0.1551670792079208,0.6101485148514851,0.2103960396039604,0.1500618811881188,0.7051361386138614,0.6581064356435643,0.7283415841584159,0.21441831683168316,0.0151
31161,Sheridan County,Nebraska,NE,0.3462,2.305149289875374e-06,0.13358778625954199,0.12159653465346536,0.5747455471,0.20674300254452926,0.1417079207920792,0.1551670792079208,0.25154702970297027,0.11045792079207921,0.4752475247524752,0.1766707920792079,0.8125,0.8991336633663366,0.5129950495049505,0.0273
31163,Sherman County,Nebraska,NE,0.2641,2.3001711339768173e-06,0.22391857506361323,0.2716584158415841,0.3244274809,0.3473282442748092,0.6627475247524752,0.1551670792079208,0.27011138613861385,0.18626237623762376,0.13211633663366337,0.46008663366336633,0.8898514851485149,0.6834777227722773,0.11571782178217822,0.0235
31165,Sioux County,Nebraska,NE,0.3204,2.423421183352835e-06,0.01367684478371501,0.0198019801980198,0.1339058524,0.09223918575063614,0.05754950495049505,0.1551670792079208,0.13892326732673269,0.06775990099009901,0.2233910891089109,0.12221534653465346,0.713490099009901,0.7060643564356436,0.0655940594059406,0.0284
31167,Stanton County,Nebraska,NE,0.0054,2.3001711339768173e-06,0.16221374045801526,0.2407178217821782,0.18129770990000002,0.41475826972010177,0.3561262376237624,0.1551670792079208,0.4056311881188119,0.18873762376237624,0.2685643564356436,0.46844059405940597,0.7100866336633663,0.6977103960396039,0.11324257425742575,0.0108
31169,Thayer County,Nebraska,NE,0.1301,0.24978325201398727,0.3839058524173028,0.44554455445544555,0.3056615776,0.4472010178117048,0.8932549504950495,0.1551670792079208,0.5064975247524752,0.2716584158415842,0.11293316831683169,0.6630569306930693,0.8598391089108911,0.4622524752475248,0.34777227722772275,0.0437
31171,Thomas County,Nebraska,NE,0.0019,0.0,0.0015903307888040698,0.00464108910891089,0.10623409669999999,0.7566793893129771,0.05167079207920792,0.1551670792079208,0.10241336633663366,0.07487623762376237,0.09127475247524752,0.10396039603960396,0.3613861386138614,0.43780940594059403,0.03743811881188119,0.0016
31173,Thurston County,Nebraska,NE,0.798,2.3001711339768173e-06,0.26399491094147587,0.20977722772277224,0.6949745547,0.20706106870229007,0.46844059405940597,0.1551670792079208,0.5297029702970297,0.6844059405940595,0.3666460396039604,0.4344059405940594,0.8545792079207921,0.8635519801980198,0.1203589108910891,0.0473
31175,Valley County,Nebraska,NE,0.1464,3.0538518108534556e-06,0.26017811704834604,0.3094059405940594,0.3320610687,0.4080788804071247,0.8140470297029703,0.1551670792079208,0.32425742574257427,0.12221534653465346,0.18780940594059406,0.5148514851485149,0.8972772277227723,0.6726485148514851,0.19647277227722773,0.0192
31177,Washington County,Nebraska,NE,0.0143,0.04346846340458555,0.255089058524173,0.4839108910891089,0.10623409669999999,0.9134860050890584,0.4870049504950495,0.1551670792079208,0.6738861386138614,0.21318069306930693,0.3839727722772277,0.5587871287128713,0.7069925742574258,0.8258044554455446,0.1219059405940594,0.0123
31179,Wayne County,Nebraska,NE,0.1626,0.0,0.13963104325699746,0.31992574257425743,0.10623409669999999,0.8794529262086515,0.32363861386138615,0.1551670792079208,0.4504950495049505,0.614480198019802,0.2784653465346535,0.5748762376237624,0.7360767326732673,0.593440594059406,0.12623762376237624,0.0095
31181,Webster County,Nebraska,NE,0.0375,2.4761052526677308e-06,0.55470737913486,0.47524752475247517,0.778307888,0.5054071246819338,0.9217202970297029,0.1551670792079208,0.44090346534653463,0.2592821782178218,0.09622524752475248,0.682240099009901,0.9294554455445545,0.44245049504950495,0.7871287128712872,0.028
31183,Wheeler County,Nebraska,NE,0.0385,0.0,0.054707379134860054,0.05538366336633663,0.3816793893,0.1405852417302799,0.43626237623762376,0.1551670792079208,0.1943069306930693,0.09560643564356436,0.12159653465346534,0.2753712871287129,0.49814356435643564,0.474009900990099,0.06497524752475248,0.017
31185,York County,Nebraska,NE,0.1359,2.3001711339768173e-06,0.5225826972010178,0.6791460396039604,0.10623409669999999,0.6997455470737912,0.9603960396039604,0.1551670792079208,0.6791460396039604,0.2911509900990099,0.23576732673267325,0.7323638613861386,0.8589108910891089,0.390779702970297,0.5030940594059405,0.0297
32001,Churchill County,Nevada,NV,0.6271,2.3001711339768173e-06,0.47264631043257,0.5163985148514851,0.3174300254,0.11291348600508906,0.13056930693069307,0.1551670792079208,0.04362623762376237,0.27691831683168316,0.053836633663366336,0.3131188118811881,0.7747524752475248,0.6543935643564357,0.27970297029702973,0.0559
32003,Clark County,Nevada,NV,0.8635,0.02997765016905849,0.9955470737913485,0.995358910891089,0.46055979639999994,0.06552162849872774,0.6745049504950495,0.1551670792079208,0.11695544554455446,0.9990717821782178,0.05290841584158416,0.03589108910891089,0.18966584158415842,0.9916460396039604,0.8623143564356436,0.1147
32005,Douglas County,Nevada,NV,0.2059,1.6562087965572702e-06,0.8438295165394402,0.8180693069306932,0.5944656489,0.2786259541984733,0.24474009900990099,0.1551670792079208,0.0525990099009901,0.6367574257425742,0.024133663366336634,0.03589108910891089,0.7970297029702971,0.9798886138613861,0.6553217821782178,0.0651
32007,Elko County,Nevada,NV,0.6185,0.0,0.8791348600508906,0.8824257425742574,0.2849872774,0.03498727735368957,0.20451732673267325,0.1551670792079208,0.043316831683168314,0.5751856435643564,0.24504950495049505,0.03589108910891089,0.4090346534653465,0.9987623762376238,0.5318688118811881,0.0919
32009,Esmeralda County,Nevada,NV,0.9077,0.0,0.021310432569974547,0.01051980198019802,0.7477735369,0.0006361323155216301,0.040532178217821783,0.1551670792079208,0.03620049504950495,0.4313118811881188,0.07827970297029703,0.03589108910891089,0.666769801980198,0.3650990099009901,0.07271039603960396,0.0527
32011,Eureka County,Nevada,NV,0.4254,0.0,0.05184478371501272,0.09436881188118812,0.10623409669999999,0.07029262086513995,0.039603960396039604,0.1551670792079208,0.03743811881188119,0.12933168316831684,0.08477722772277228,0.03589108910891089,0.6036509900990099,0.911819306930693,0.04857673267326733,0.0333
32013,Humboldt County,Nevada,NV,0.616,0.0,0.40839694656488557,0.5247524752475248,0.1405852417,0.022582697201017812,0.054764851485148515,0.1551670792079208,0.04733910891089109,0.41058168316831684,0.08323019801980198,0.03589108910891089,0.812809405940594,0.9721534653465347,0.14139851485148514,0.0557
32015,Lander County,Nevada,NV,0.5762,2.478087455299401e-07,0.16984732824427481,0.08663366336633663,0.8374681934,0.00795165394402036,0.05228960396039604,0.1551670792079208,0.04517326732673267,0.31652227722772275,0.11788366336633663,0.03589108910891089,0.755569306930693,0.9418316831683168,0.13149752475247525,0.0427
32017,Lincoln County,Nevada,NV,0.5749,0.11086178519023815,0.2592239185750636,0.12530940594059403,0.9255725191,0.01081424936386768,0.05724009900990099,0.1551670792079208,0.038056930693069306,0.2787747524752475,0.07735148514851485,0.03589108910891089,0.6370668316831684,0.9183168316831684,0.24412128712871287,0.0539
32019,Lyon County,Nevada,NV,0.5593,0.07675170539481652,0.714058524173028,0.75,0.2519083969,0.14472010178117048,0.2722772277227723,0.1551670792079208,0.04857673267326733,0.6875,0.024133663366336634,0.3895420792079208,0.7073019801980198,0.96875,0.5665222772277227,0.077
32021,Mineral County,Nevada,NV,0.5501,0.0005022015849431998,0.0979643765903308,0.08292079207920793,0.5696564885000001,0.1030534351145038,0.09282178217821782,0.1551670792079208,0.039603960396039604,0.4121287128712871,0.04857673267326733,0.03589108910891089,0.4848391089108911,0.5071163366336634,0.1333539603960396,0.0372
32023,Nye County,Nevada,NV,0.7954,0.032163527104214815,0.7833969465648855,0.6695544554455446,0.8117048346,0.0022264631043257,0.45699257425742573,0.1551670792079208,0.04207920792079208,0.9721534653465347,0.12685643564356436,0.03589108910891089,0.4863861386138614,0.8143564356435643,0.8422029702970297,0.0901
32027,Pershing County,Nevada,NV,0.6761,2.3001711339768173e-06,0.060114503816793896,0.02815594059405941,0.7538167939,0.006043256997455469,0.04579207920792079,0.1551670792079208,0.038675742574257425,0.34777227722772275,0.05012376237623763,0.2141089108910891,0.7735148514851485,0.8765470297029703,0.13613861386138615,0.0445
32029,Storey County,Nevada,NV,0.1836,2.217669387523823e-06,0.25159033078880405,0.400680693069307,0.10623409669999999,0.0893765903307888,0.06126237623762376,0.1551670792079208,0.04641089108910891,0.09808168316831684,0.024133663366336634,0.03589108910891089,0.17048267326732675,0.9641089108910891,0.06590346534653466,0.0304
32031,Washoe County,Nevada,NV,0.6971,0.02378875927380549,0.9669211195928752,0.9721534653465347,0.2334605598,0.4176208651399491,0.7178217821782178,0.1551670792079208,0.16646039603960397,0.599319306930693,0.04826732673267327,0.8211633663366337,0.5182549504950495,0.9897896039603961,0.911200495049505,0.0949
32033,White Pine County,Nevada,NV,0.2498,2.3001711339768173e-06,0.125,0.15284653465346534,0.3247455471,0.03212468193384224,0.04919554455445545,0.1551670792079208,0.03712871287128713,0.2295792079207921,0.44863861386138615,0.03589108910891089,0.49969059405940597,0.8462252475247525,0.18378712871287128,0.0295
32510,Carson City,Nevada,NV,0.8508,1.5411197517351682e-06,0.7614503816793892,0.8029084158415841,0.2022900763,0.1762086513994911,0.2125618811881188,0.1551670792079208,0.04548267326732673,0.5584777227722773,0.024133663366336634,0.03589108910891089,0.17017326732673269,0.937190594059406,0.5163985148514851,0.0848
33001,Belknap County,New Hampshire,NH,0.1454,2.3803232551470336e-06,0.573791348600509,0.6624381188118812,0.1698473282,0.8145674300254453,0.3926361386138614,0.8397277227722773,0.3323019801980198,0.44554455445544555,0.3431311881188119,0.8468440594059405,0.3623143564356436,0.27382425742574257,0.9495668316831684,0.0313
33003,Carroll County,New Hampshire,NH,0.1406,2.3001711339768173e-06,0.7096055979643766,0.7317450495049507,0.3298346056,0.715966921119593,0.24628712871287128,0.8991336633663366,0.2110148514851485,0.3657178217821782,0.4551361386138614,0.8762376237623762,0.07317450495049505,0.3536509900990099,0.6785272277227723,0.0421
33005,Cheshire County,New Hampshire,NH,0.1702,2.2143303365965315e-06,0.6049618320610687,0.7004950495049505,0.1405852417,0.6552162849872774,0.3180693069306931,0.8224009900990099,0.45173267326732675,0.5334158415841584,0.5275371287128713,0.7936262376237624,0.07317450495049505,0.265470297029703,0.791769801980198,0.0367
33007,Coos County,New Hampshire,NH,0.4862,2.3001711339768173e-06,0.727735368956743,0.6983292079207921,0.5982824427,0.5353053435114504,0.24907178217821782,0.8298267326732673,0.13056930693069307,0.1593440594059406,0.8774752475247525,0.7128712871287128,0.07317450495049505,0.18688118811881188,0.5374381188118812,0.0581
33009,Grafton County,New Hampshire,NH,0.2619,2.1753117923327655e-06,0.8177480916030534,0.838799504950495,0.2738549618,0.7267811704834606,0.4969059405940594,0.8403465346534653,0.26423267326732675,0.463490099009901,0.5535272277227723,0.7753712871287128,0.07317450495049505,0.3276608910891089,0.8137376237623762,0.0564
33011,Hillsborough County,New Hampshire,NH,0.2234,2.302731328438932e-06,0.8975826972010178,0.9238861386138614,0.10623409669999999,0.6431297709923665,0.8722153465346535,0.9449257425742574,0.8307549504950495,0.7633044554455446,0.6714108910891089,0.9576113861386139,0.5900371287128713,0.6794554455445545,0.9337871287128713,0.0645
33013,Merrimack County,New Hampshire,NH,0.2109,3.5083205845196306e-05,0.7821246819338422,0.832611386138614,0.1494910941,0.8075699745547074,0.5380569306930693,0.8873762376237624,0.5736386138613861,0.7172029702970297,0.5504331683168316,0.9053217821782178,0.5996287128712872,0.3694306930693069,0.8948019801980198,0.0508
33015,Rockingham County,New Hampshire,NH,0.02,2.332605357496822e-06,0.8584605597964376,0.8985148514851485,0.10623409669999999,0.7884860050890584,0.7326732673267327,0.8796410891089109,0.7425742574257426,0.6624381188118812,0.5860148514851485,0.9192450495049505,0.7775371287128713,0.49226485148514854,0.755259900990099,0.0515
33017,Strafford County,New Hampshire,NH,0.1833,2.3001711339768173e-06,0.6409033078880406,0.7159653465346536,0.1657124682,0.7350508905852418,0.44554455445544555,0.8261138613861386,0.43780940594059403,0.5120668316831684,0.43409653465346537,0.8892326732673267,0.6720297029702971,0.3629331683168317,0.750309405940594,0.0386
33019,Sullivan County,New Hampshire,NH,0.2186,2.3001711339768173e-06,0.3756361323155216,0.5040222772277227,0.1405852417,0.696882951653944,0.2667079207920792,0.755569306930693,0.24814356435643564,0.4656559405940594,0.3719059405940594,0.6909034653465347,0.07317450495049505,0.1608910891089109,0.536509900990099,0.0229
34001,Atlantic County,New Jersey,NJ,0.853,1.657215014018898e-06,0.92970737913486,0.9260519801980197,0.4653307888,0.8298346055979644,0.9962871287128713,0.96875,0.5448638613861386,0.8948019801980198,0.8214727722772277,0.6890470297029703,0.8459158415841584,0.9446163366336634,0.9217202970297029,0.0876
34003,Bergen County,New Jersey,NJ,0.4372,2.3001711339768173e-06,0.9783715012722645,0.9795792079207919,0.33969465649999997,0.7608142493638677,0.9820544554455446,0.9464727722772277,0.9251237623762376,0.969059405940594,0.9211014851485149,0.8171410891089109,0.3886138613861386,0.23793316831683167,0.9650371287128713,0.0788
34005,Burlington County,New Jersey,NJ,0.2434,2.3757037318108473e-06,0.9360687022900762,0.9511138613861386,0.1628498728,0.9271628498727735,0.9897896039603961,0.9170792079207921,0.7883663366336634,0.9402846534653465,0.8202351485148515,0.9665841584158416,0.7301980198019802,0.9241955445544554,0.9467821782178217,0.0661
34007,Camden County,New Jersey,NJ,0.7795,1.5353583822753653e-06,0.9322519083969466,0.9254331683168318,0.5467557252,0.674618320610687,0.9436881188118812,0.9149133663366337,0.8524133663366337,0.9715346534653465,0.9180074257425742,0.9597772277227723,0.7066831683168316,0.8663366336633663,0.9653465346534653,0.087
34009,Cape May County,New Jersey,NJ,0.3541,1.259000159207061e-06,0.9103053435114503,0.906559405940594,0.37213740459999994,0.9882315521628499,0.9854579207920792,0.9489480198019802,0.3997524752475248,0.926980198019802,0.5222772277227723,0.5142326732673267,0.5906559405940595,0.8678836633663366,0.7091584158415841,0.0667
34011,Cumberland County,New Jersey,NJ,0.9793,2.3001711339768173e-06,0.8256997455470738,0.8155940594059404,0.5407124682,0.6507633587786259,0.8675742574257426,0.9402846534653465,0.5529084158415841,0.8858292079207921,0.8715965346534653,0.723700495049505,0.8443688118811881,0.8616955445544554,0.7961014851485149,0.0834
34013,Essex County,New Jersey,NJ,0.9415,1.2475054207591036e-06,0.9770992366412211,0.9622524752475248,0.8034351144999999,0.2770356234096692,0.9870049504950495,0.9393564356435643,0.9504950495049505,0.9900990099009901,0.9554455445544554,0.8022896039603961,0.2756806930693069,0.13025990099009901,0.9248143564356436,0.1061
34015,Gloucester County,New Jersey,NJ,0.2173,1.4625486727384661e-06,0.8664122137404582,0.8855198019801979,0.1603053435,0.8565521628498728,0.9696782178217822,0.8793316831683168,0.7038985148514851,0.9387376237623762,0.7926980198019802,0.8926361386138614,0.7837252475247525,0.8022896039603961,0.8375618811881188,0.0583
34017,Hudson County,New Jersey,NJ,0.7827,1.220257117732489e-06,0.972328244274809,0.9538985148514852,0.8438295164999999,0.4736005089058524,0.9752475247524752,0.9387376237623762,0.9096534653465347,0.9885519801980198,0.9402846534653465,0.7663985148514851,0.27722772277227725,0.07147277227722772,0.775680693069307,0.0949
34019,Hunterdon County,New Jersey,NJ,0.035,1.657380289519783e-06,0.7868956743002543,0.8759282178217822,0.10623409669999999,0.9506997455470738,0.9628712871287128,0.812190594059406,0.5275371287128713,0.7314356435643564,0.4910272277227723,0.8722153465346535,0.7373143564356436,0.2834158415841584,0.6670792079207921,0.0449
34021,Mercer County,New Jersey,NJ,0.7445,1.9949594099580235e-06,0.9535623409669214,0.9517326732673267,0.4685114504,0.7022900763358778,0.9953589108910891,0.9600866336633663,0.8239480198019802,0.9594678217821783,0.8558168316831684,0.9656559405940595,0.6311881188118812,0.7416460396039604,0.937190594059406,0.0878
34023,Middlesex County,New Jersey,NJ,0.6647,0.024368610368022126,0.9777353689567428,0.9730816831683168,0.4739185751,0.4548346055979644,0.9965965346534653,0.9452351485148515,0.9464727722772277,0.9659653465346535,0.9446163366336634,0.9922648514851485,0.7571163366336634,0.8025990099009901,0.8236386138613861,0.0939
34025,Monmouth County,New Jersey,NJ,0.2138,2.0638600462150976e-06,0.9631043256997457,0.9727722772277229,0.1580788804,0.9103053435114503,1.0,0.9486386138613861,0.562809405940594,0.9866955445544554,0.8737623762376238,0.9477103960396039,0.724319306930693,0.8907797029702971,0.9851485148514851,0.068
34027,Morris County,New Jersey,NJ,0.1667,0.030292815174796747,0.9287531806615776,0.9582301980198021,0.10623409669999999,0.8947201017811705,0.9678217821782178,0.8901608910891089,0.8041460396039604,0.895730198019802,0.9328589108910891,0.625309405940594,0.676980198019802,0.3189975247524752,0.9084158415841584,0.0655
34029,Ocean County,New Jersey,NJ,0.4133,0.00011343754279003113,0.9615139949109416,0.9576113861386141,0.4856870229,0.9010814249363868,0.9993811881188119,0.9498762376237624,0.48607673267326734,0.9588490099009901,0.9077970297029703,0.9486386138613861,0.6386138613861386,0.9535891089108911,0.9798886138613861,0.0747
34031,Passaic County,New Jersey,NJ,0.9112,2.3001711339768173e-06,0.9583333333333335,0.9412128712871286,0.7595419846999999,0.38358778625954204,0.9900990099009901,0.9102722772277227,0.8910891089108911,0.9628712871287128,0.9245049504950495,0.7660891089108911,0.47648514851485146,0.18347772277227722,0.9789603960396039,0.1
34033,Salem County,New Jersey,NJ,0.6739,2.487192750040655e-06,0.7652671755725191,0.7979579207920792,0.2738549618,0.8953562340966922,0.9229579207920792,0.8279702970297029,0.3691212871287129,0.7735148514851485,0.44214108910891087,0.8913985148514851,0.7995049504950495,0.6893564356435643,0.46967821782178215,0.0648
34035,Somerset County,New Jersey,NJ,0.1912,2.316041174327196e-06,0.909351145038168,0.9446163366336634,0.10623409669999999,0.9325699745547074,0.9393564356435643,0.8774752475247525,0.7308168316831684,0.8845915841584159,0.7475247524752475,0.9142945544554455,0.5959158415841584,0.37159653465346537,0.838799504950495,0.0618
34037,Sussex County,New Jersey,NJ,0.0458,0.0003326666107338907,0.7744910941475827,0.8592202970297029,0.10623409669999999,0.8454198473282443,0.9826732673267327,0.7883663366336634,0.4560643564356436,0.6126237623762376,0.9405940594059405,0.5727103960396039,0.5198019801980198,0.3842821782178218,0.6757425742574258,0.0446
34039,Union County,New Jersey,NJ,0.8145,0.055391694184230365,0.9548346055979644,0.9464727722772277,0.5578880407,0.30311704834605596,0.9866955445544554,0.9183168316831684,0.875,0.963799504950495,0.8567450495049505,0.9545173267326733,0.3180693069306931,0.18626237623762376,0.9678217821782178,0.1029
34041,Warren County,New Jersey,NJ,0.245,2.3001711339768173e-06,0.8075699745547074,0.8570544554455446,0.1221374046,0.7923027989821882,0.9081064356435643,0.8511757425742574,0.510519801980198,0.7323638613861386,0.8858292079207921,0.6376856435643564,0.7902227722772277,0.255259900990099,0.7348391089108911,0.0546
35001,Bernalillo County,New Mexico,NM,0.7929,0.06035833777713335,0.9440203562340967,0.9421410891089108,0.4363867684,0.4131679389312977,0.7954826732673267,0.1551670792079208,0.573019801980198,0.9557549504950495,0.5788985148514851,0.6816212871287128,0.5891089108910891,0.9511138613861386,0.974319306930693,0.0987
35003,Catron County,New Mexico,NM,0.4483,0.0,0.36641221374045796,0.21225247524752475,0.891221374,0.012722646310432571,0.039913366336633664,0.1551670792079208,0.04084158415841584,0.1166460396039604,0.18966584158415842,0.09375,0.26392326732673266,0.9644183168316832,0.8323019801980198,0.0447
35005,Chaves County,New Mexico,NM,0.9701,2.7875732475905677e-06,0.8762722646310432,0.8394183168316832,0.7328244275,0.042938931297709926,0.9560643564356436,0.5476485148514851,0.22772277227722773,0.9034653465346535,0.36448019801980197,0.8632425742574258,0.9891707920792079,0.9266707920792079,0.8774752475247525,0.103
35006,Cibola County,New Mexico,NM,0.9663,2.3001711339768173e-06,0.583651399491094,0.40501237623762376,0.9478371500999999,0.03625954198473282,0.09436881188118812,0.1551670792079208,0.1150990099009901,0.2561881188118812,0.6633663366336634,0.1448019801980198,0.27320544554455445,0.8357054455445545,0.9201732673267327,0.0752
35007,Colfax County,New Mexico,NM,0.7989,2.476589379843495e-06,0.5849236641221374,0.44245049504950495,0.9506997455,0.3568702290076336,0.19245049504950495,0.1551670792079208,0.18347772277227722,0.21905940594059406,0.28465346534653463,0.10581683168316831,0.41398514851485146,0.9758663366336634,0.875309405940594,0.0601
35009,Curry County,New Mexico,NM,0.9395,2.3001711339768173e-06,0.6183206106870229,0.6237623762376238,0.4188931298,0.061068702290076333,0.5863242574257426,0.1551670792079208,0.6002475247524752,0.6448019801980198,0.44801980198019803,0.400990099009901,0.9808168316831684,0.958230198019802,0.5894183168316832,0.0787
35011,De Baca County,New Mexico,NM,0.5043,2.3561938836931892e-06,0.04071246819338423,0.02908415841584159,0.6278625954,0.1450381679389313,0.08261138613861387,0.1551670792079208,0.06497524752475248,0.16986386138613863,0.09405940594059406,0.10086633663366337,0.7945544554455446,0.7806311881188119,0.08941831683168316,0.0334
35013,Doña Ana County,New Mexico,NM,0.9873,2.6424011958607685e-06,0.9608778625954199,0.9474009900990099,0.6746183206,0.045483460559796435,0.5915841584158416,0.5293935643564357,0.22679455445544555,0.948019801980198,0.8245668316831684,0.6729579207920792,0.9941212871287128,0.869430693069307,0.973700495049505,0.1132
35015,Eddy County,New Mexico,NM,0.6382,2.345050263701152e-06,0.8365139949109416,0.8140470297029703,0.5690203562,0.12563613231552162,0.8363242574257426,0.44183168316831684,0.29300742574257427,0.7957920792079208,0.5631188118811881,0.8586014851485149,0.8564356435643564,0.8883044554455446,0.7936262376237624,0.0846
35017,Grant County,New Mexico,NM,0.7404,2.3001711339768173e-06,0.7414122137404582,0.6191212871287128,0.8854961831999999,0.07888040712468193,0.06435643564356436,0.31714108910891087,0.09467821782178218,0.5980816831683168,0.0625,0.22462871287128713,0.40129950495049505,0.9702970297029703,0.7991955445544554,0.079
35019,Guadalupe County,New Mexico,NM,0.8791,2.3001711339768173e-06,0.08810432569974555,0.04919554455445545,0.8470101781,0.07506361323155217,0.06992574257425743,0.1551670792079208,0.07425742574257425,0.16676980198019803,0.14356435643564355,0.13087871287128713,0.40810643564356436,0.8199257425742574,0.24133663366336633,0.0497
35021,Harding County,New Mexico,NM,0.6615,2.3001711339768173e-06,0.00381679389312977,0.00247524752475248,0.6294529261999999,0.18479643765903309,0.04826732673267327,0.1551670792079208,0.0609529702970297,0.08601485148514851,0.07858910891089109,0.07178217821782178,0.2453589108910891,0.6875,0.06961633663366337,0.0377
35023,Hidalgo County,New Mexico,NM,0.9179,2.3001711339768173e-06,0.0893765903307888,0.05816831683168317,0.6889312977000001,0.012086513994910938,0.0426980198019802,0.31126237623762376,0.050742574257425746,0.5788985148514851,0.1342821782178218,0.10550742574257425,0.8425123762376238,0.8347772277227723,0.44214108910891087,0.0533
35025,Lea County,New Mexico,NM,0.9399,2.3397941360888317e-06,0.8600508905852418,0.8202351485148515,0.6603053434999999,0.01367684478371501,0.8267326732673267,0.5532178217821783,0.556930693069307,0.7827970297029703,0.7874381188118812,0.6683168316831684,0.864480198019802,0.9808168316831684,0.9170792079207921,0.1013
35027,Lincoln County,New Mexico,NM,0.8346,0.00029227022999964175,0.7948473282442748,0.7066831683168318,0.8247455471,0.07188295165394402,0.18842821782178218,0.3694306930693069,0.12778465346534654,0.11076732673267327,0.13985148514851486,0.7103960396039604,0.20111386138613863,0.9879331683168316,0.8564356435643564,0.0881
35028,Los Alamos County,New Mexico,NM,0.0099,0.00019700727050402775,0.03594147582697201,0.1395420792079208,0.10623409669999999,0.9968193384223919,0.056002475247524754,0.1551670792079208,0.0640470297029703,0.09746287128712872,0.09313118811881188,0.08879950495049505,0.07317450495049505,0.838490099009901,0.3870668316831683,0.0009
35029,Luna County,New Mexico,NM,0.9997,2.3001711339768173e-06,0.5159033078880407,0.3901608910891089,0.808524173,0.01304071246819339,0.06497524752475248,0.32951732673267325,0.0952970297029703,0.8202351485148515,0.46441831683168316,0.2103960396039604,0.9811262376237624,0.8261138613861386,0.624690594059406,0.0733
35031,McKinley County,New Mexico,NM,0.9695,0.24897054139108554,0.782442748091603,0.619430693069307,0.9977735369,0.0044529262086514,0.09405940594059406,0.1551670792079208,0.07054455445544554,0.41707920792079206,0.8793316831683168,0.2626856435643564,0.07317450495049505,0.7926980198019802,0.9464727722772277,0.1127
35033,Mora County,New Mexico,NM,0.6169,2.211283560365179e-06,0.3877226463104326,0.22772277227722776,0.9287531807,0.044529262086514,0.053217821782178217,0.1551670792079208,0.07487623762376237,0.0609529702970297,0.1135519801980198,0.08199257425742575,0.6358292079207921,0.9600866336633663,0.3041460396039604,0.0507
35035,Otero County,New Mexico,NM,0.9294,2.3001711339768173e-06,0.8470101781170485,0.8131188118811881,0.6345419847,0.04930025445292621,0.4006806930693069,0.43347772277227725,0.13706683168316833,0.6986386138613861,0.27011138613861385,0.8056930693069307,0.7679455445544554,0.9820544554455446,0.9266707920792079,0.0984
35037,Quay County,New Mexico,NM,0.8711,2.3722405724544846e-06,0.2595419847328244,0.16058168316831684,0.8963104326,0.31711195928753183,0.5736386138613861,0.1551670792079208,0.15625,0.3285891089108911,0.2416460396039604,0.1905940594059406,0.8988242574257426,0.8610767326732673,0.3917079207920792,0.0464
35039,Rio Arriba County,New Mexico,NM,0.763,2.3001711339768173e-06,0.8050254452926208,0.692450495049505,0.9169847328,0.0935114503816794,0.15099009900990099,0.1551670792079208,0.14077970297029702,0.3276608910891089,0.32363861386138615,0.15686881188118812,0.7119430693069307,0.963180693069307,0.9474009900990099,0.0853
35041,Roosevelt County,New Mexico,NM,0.951,2.586996917052198e-06,0.8406488549618323,0.8189975247524752,0.5260814249,0.02576335877862595,0.7691831683168316,0.4972153465346535,0.5479579207920792,0.6680074257425742,0.28620049504950495,0.32580445544554454,0.9709158415841584,0.9860767326732673,0.4034653465346535,0.0997
35043,Sandoval County,New Mexico,NM,0.3933,0.11065491034038365,0.7697201017811705,0.7357673267326733,0.5903307888,0.41857506361323155,0.4121287128712871,0.1551670792079208,0.2583539603960396,0.8063118811881188,0.26113861386138615,0.23576732673267325,0.7366955445544554,0.9381188118811881,0.9053217821782178,0.0698
35045,San Juan County,New Mexico,NM,0.9669,2.3180924952116205e-06,0.8829516539440203,0.8159034653465347,0.9150763358999999,0.05343511450381679,0.25866336633663367,0.1551670792079208,0.24659653465346534,0.8060024752475248,0.8771658415841584,0.43254950495049505,0.9907178217821783,0.8205445544554455,0.9662747524752475,0.1026
35047,San Miguel County,New Mexico,NM,0.9854,2.382337833560829e-06,0.7458651399491094,0.6206683168316832,0.9204834606,0.18447837150127228,0.2422648514851485,0.1551670792079208,0.17110148514851486,0.12159653465346534,0.35767326732673266,0.11448019801980198,0.5102103960396039,0.973700495049505,0.6977103960396039,0.0848
35049,Santa Fe County,New Mexico,NM,0.7633,2.3562776187959684e-06,0.8597328244274809,0.8332301980198021,0.6332697200999999,0.3374681933842239,0.2784653465346535,0.1551670792079208,0.265779702970297,0.5470297029702971,0.4975247524752475,0.2453589108910891,0.8647896039603961,0.9823638613861386,0.9412128712871287,0.0852
35051,Sierra County,New Mexico,NM,0.7677,2.2985263962788726e-06,0.558206106870229,0.3833539603960396,0.9522900763,0.07856234096692112,0.06745049504950495,0.3505569306930693,0.06806930693069307,0.3926361386138614,0.34808168316831684,0.10767326732673267,0.7465965346534653,0.8360148514851485,0.7366955445544554,0.0649
35053,Socorro County,New Mexico,NM,0.8972,2.3946537352919906e-06,0.614821882951654,0.4347153465346534,0.975826972,0.04198473282442748,0.11324257425742575,0.1551670792079208,0.09622524752475248,0.3029084158415842,0.23824257425742573,0.5470297029702971,0.7317450495049505,0.8734529702970297,0.8462252475247525,0.0748
35055,Taos County,New Mexico,NM,0.6955,2.580703558072574e-06,0.7426844783715013,0.6314975247524752,0.8918575063999999,0.3606870229007634,0.12685643564356436,0.1551670792079208,0.23793316831683167,0.1188118811881188,0.400990099009901,0.1379950495049505,0.6475866336633663,0.9628712871287128,0.880259900990099,0.0694
35057,Torrance County,New Mexico,NM,0.7712,2.3001711339768173e-06,0.46151399491094147,0.30662128712871284,0.8877226463,0.02767175572519084,0.10396039603960396,0.1551670792079208,0.12561881188118812,0.1630569306930693,0.1692450495049505,0.46905940594059403,0.8391089108910891,0.9164603960396039,0.5133044554455446,0.0609
35059,Union County,New Mexico,NM,0.9526,2.335060567603342e-06,0.1208651399491094,0.06837871287128715,0.8371501272,0.10687022900763359,0.11231435643564357,0.1551670792079208,0.14820544554455445,0.1417079207920792,0.21534653465346534,0.17945544554455445,0.9241955445544554,0.8913985148514851,0.47370049504950495,0.0518
35061,Valencia County,New Mexico,NM,0.8823,2.3803232551470336e-06,0.8225190839694656,0.7831064356435643,0.6421755725,0.03848600508905852,0.2957920792079208,0.1551670792079208,0.21441831683168316,0.7125618811881188,0.1844059405940594,0.19152227722772278,0.5742574257425742,0.8774752475247525,0.8985148514851485,0.0946
36001,Albany County,New York,NY,0.461,2.2648919175359507e-06,0.8587786259541985,0.8694306930693068,0.29071246819999996,0.91412213740458,0.8338490099009901,0.8845915841584159,0.8836633663366337,0.7416460396039604,0.6902846534653465,0.870049504950495,0.07317450495049505,0.37933168316831684,0.8917079207920792,0.0657
36003,Allegany County,New York,NY,0.4543,2.167287120028302e-06,0.6975190839694656,0.6964727722772277,0.4764631043,0.7216921119592875,0.6797648514851485,0.7336014851485149,0.4310024752475248,0.17636138613861385,0.4260519801980198,0.3932549504950495,0.22091584158415842,0.21905940594059406,0.6222153465346535,0.0518
36005,Bronx County,New York,NY,0.9965,1.3035410293629548e-06,0.9834605597964376,0.9600866336633663,0.9965012723,0.060114503816793896,0.9935024752475248,0.9650371287128713,0.8561262376237624,0.9962871287128713,0.9959777227722773,0.8780940594059405,0.07317450495049505,0.050433168316831686,0.9486386138613861,0.1153
36007,Broome County,New York,NY,0.7248,0.0329979387468545,0.8746819338422391,0.8616955445544554,0.5741094148,0.803117048346056,0.5634282178217822,0.8357054455445545,0.8403465346534653,0.7156559405940595,0.7264851485148515,0.7623762376237624,0.07317450495049505,0.37995049504950495,0.8468440594059405,0.0798
36009,Cattaraugus County,New York,NY,0.6809,0.03802993558765514,0.8158396946564885,0.7564975247524752,0.7894402036,0.6094147582697201,0.7534034653465347,0.7636138613861386,0.6921410891089109,0.23978960396039603,0.6039603960396039,0.536200495049505,0.07317450495049505,0.3681930693069307,0.8685024752475248,0.0744
36011,Cayuga County,New York,NY,0.5208,1.585721584518492e-05,0.6151399491094147,0.660891089108911,0.3101145038,0.8422391857506362,0.630569306930693,0.7385519801980198,0.4084158415841584,0.44523514851485146,0.24133663366336633,0.8765470297029703,0.5785891089108911,0.34282178217821785,0.4904084158415842,0.047
36013,Chautauqua County,New York,NY,0.7229,2.3001711339768173e-06,0.8463740458015268,0.8137376237623762,0.7029262086999999,0.898854961832061,0.8480816831683168,0.7685643564356436,0.7679455445544554,0.3248762376237624,0.6912128712871287,0.6905940594059405,0.07317450495049505,0.4467821782178218,0.8997524752475248,0.073
36015,Chemung County,New York,NY,0.6093,2.374186274264983e-06,0.5477099236641222,0.5693069306930693,0.4096692112,0.8622773536895673,0.4003712871287129,0.750309405940594,0.5411509900990099,0.5702351485148515,0.35457920792079206,0.421720297029703,0.43316831683168316,0.24752475247524752,0.593440594059406,0.0445
36017,Chenango County,New York,NY,0.4833,3.138330220042902e-06,0.7232824427480916,0.698638613861386,0.5791984733000001,0.5734732824427481,0.2939356435643564,0.7509282178217822,0.4786509900990099,0.2880569306930693,0.5999381188118812,0.6287128712871287,0.07317450495049505,0.2849628712871287,0.49845297029702973,0.057
36019,Clinton County,New York,NY,0.4445,1.7951635639351977e-06,0.6879770992366412,0.707611386138614,0.3896310433,0.772264631043257,0.5541460396039604,0.7119430693069307,0.28310643564356436,0.4916460396039604,0.44090346534653463,0.8502475247524752,0.07317450495049505,0.2626856435643564,0.7178217821782178,0.0504
36021,Columbia County,New York,NY,0.427,2.0764684709346603e-06,0.686704834605598,0.6726485148514851,0.5715648855,0.7945292620865139,0.43935643564356436,0.8613861386138614,0.6952351485148515,0.4622524752475248,0.4650371287128713,0.713490099009901,0.19183168316831684,0.4034653465346535,0.7722772277227723,0.0488
36023,Cortland County,New York,NY,0.3684,2.175311792332765e-06,0.5124045801526719,0.551980198019802,0.37213740459999994,0.8670483460559797,0.34467821782178215,0.6977103960396039,0.3910891089108911,0.2595915841584158,0.3842821782178218,0.6154084158415841,0.07317450495049505,0.1234529702970297,0.3910891089108911,0.0336
36025,Delaware County,New York,NY,0.5142,2.2299217724629033e-06,0.8333333333333335,0.7704207920792081,0.858778626,0.6316793893129771,0.530940594059406,0.8282797029702971,0.568069306930693,0.2400990099009901,0.7066831683168316,0.46441831683168316,0.07317450495049505,0.2094678217821782,0.5046410891089109,0.0666
36027,Dutchess County,New York,NY,0.447,2.0377092857745563e-06,0.8826335877862596,0.8935643564356436,0.2102417303,0.7515903307888041,0.9028465346534653,0.9316212871287128,0.6426361386138614,0.7834158415841584,0.7623762376237624,0.7732054455445545,0.4597772277227723,0.5844678217821783,0.8839727722772277,0.0691
36029,Erie County,New York,NY,0.4913,1.7459969344471563e-06,0.9767811704834606,0.974009900990099,0.47678117049999996,0.9532442748091603,0.8090965346534653,0.7871287128712872,0.9551361386138614,0.9554455445544554,0.9956683168316832,0.9418316831683168,0.3756188118811881,0.6364480198019802,0.8663366336633663,0.079
36031,Essex County,New York,NY,0.3516,1.5635414985885311e-06,0.6265903307888042,0.6169554455445546,0.5562977098999999,0.8549618320610687,0.3845915841584158,0.7456683168316832,0.25866336633663367,0.33508663366336633,0.531559405940594,0.770730198019802,0.07317450495049505,0.2685643564356436,0.8152846534653465,0.0407
36033,Franklin County,New York,NY,0.5597,1.1482809391280045e-06,0.48854961832061067,0.48978960396039595,0.516221374,0.625,0.2629950495049505,0.6865717821782178,0.21132425742574257,0.2957920792079208,0.4474009900990099,0.817450495049505,0.07317450495049505,0.1974009900990099,0.6745049504950495,0.0412
36035,Fulton County,New York,NY,0.3977,1.5063851032147478e-06,0.486323155216285,0.5411509900990099,0.31456743,0.7134223918575063,0.5430074257425742,0.7366955445544554,0.41676980198019803,0.30167079207920794,0.5968440594059405,0.6435643564356436,0.07317450495049505,0.2939356435643564,0.4619430693069307,0.0347
36037,Genesee County,New York,NY,0.2335,0.0016632613101612893,0.5610687022900763,0.588799504950495,0.3845419847,0.8915394402035624,0.6478960396039604,0.718440594059406,0.3146658415841584,0.3666460396039604,0.39201732673267325,0.7639232673267327,0.7469059405940595,0.2063737623762376,0.8616955445544554,0.032
36039,Greene County,New York,NY,0.4076,0.00033214320712761494,0.6828880407124683,0.6794554455445545,0.5034987276999999,0.7474554707379135,0.28465346534653463,0.8623143564356436,0.557549504950495,0.369740099009901,0.4511138613861386,0.5816831683168316,0.07317450495049505,0.21070544554455445,0.4591584158415842,0.0485
36041,Hamilton County,New York,NY,0.1654,1.4591621489661557e-06,0.15108142493638677,0.1540841584158416,0.5225826972000001,0.893765903307888,0.09189356435643564,0.6061262376237624,0.1364480198019802,0.07023514851485149,0.25402227722772275,0.20080445544554457,0.07317450495049505,0.05754950495049505,0.16955445544554457,0.0085
36043,Herkimer County,New York,NY,0.2755,2.0226616373365772e-06,0.6001908396946565,0.6259282178217823,0.3921755725,0.8396946564885497,0.2837252475247525,0.7215346534653465,0.4031559405940594,0.3551980198019802,0.4040841584158416,0.6859529702970297,0.07317450495049505,0.2775371287128713,0.5290841584158416,0.0366
36045,Jefferson County,New York,NY,0.6653,0.0002705410172201917,0.6396310432569975,0.6859529702970297,0.2830788804,0.6288167938931297,0.7930074257425742,0.6528465346534653,0.29857673267326734,0.3604579207920792,0.6547029702970297,0.8285891089108911,0.07317450495049505,0.29919554455445546,0.47648514851485146,0.0568
36047,Kings County,New York,NY,0.8874,0.02929162796670083,0.9926844783715013,0.9848391089108912,0.9653307888,0.12054707379134859,0.9975247524752475,0.9808168316831684,0.9433787128712872,0.9975247524752475,0.9913366336633663,0.9387376237623762,0.16274752475247525,0.40222772277227725,0.9801980198019802,0.1131
36049,Lewis County,New York,NY,0.1925,1.4715718943279486e-06,0.24713740458015274,0.3149752475247525,0.2868956743,0.8358778625954199,0.34405940594059403,0.6098391089108911,0.19492574257425743,0.18502475247524752,0.28032178217821785,0.754950495049505,0.07317450495049505,0.15810643564356436,0.25711633663366334,0.0135
36051,Livingston County,New York,NY,0.2294,1.6291878418174118e-06,0.5636132315521628,0.5751856435643564,0.4328880407,0.8295165394402035,0.49969059405940597,0.6834777227722773,0.41429455445544555,0.4034653465346535,0.4396658415841584,0.6723391089108911,0.6729579207920792,0.1989480198019802,0.5126856435643564,0.0321
36053,Madison County,New York,NY,0.1801,1.5540919777304402e-06,0.5938295165394402,0.6525371287128714,0.2814885496,0.8559160305343512,0.45482673267326734,0.7001856435643564,0.4344059405940594,0.3811881188118812,0.3688118811881188,0.7295792079207921,0.07317450495049505,0.22246287128712872,0.7314356435643564,0.0332
36055,Monroe County,New York,NY,0.5943,0.00017829652663794136,0.9376590330788805,0.937809405940594,0.4351145038,0.9437022900763359,0.7967202970297029,0.7682549504950495,0.875309405940594,0.9495668316831684,0.9805074257425742,0.8975866336633663,0.5751856435643564,0.4854579207920792,0.78125,0.0785
36057,Montgomery County,New York,NY,0.7881,2.1475652719674204e-06,0.6517175572519084,0.6008663366336634,0.6949745547,0.7137404580152672,0.3551980198019802,0.7623762376237624,0.43254950495049505,0.3870668316831683,0.6017945544554455,0.6011757425742574,0.07317450495049505,0.297029702970297,0.5618811881188119,0.0592
36059,Nassau County,New York,NY,0.2778,1.398100444742855e-06,0.9713740458015269,0.9767945544554455,0.2589058524,0.9701017811704837,0.9718440594059405,0.9659653465346535,0.7685643564356436,0.9613242574257426,0.9294554455445545,0.9882425742574258,0.1974009900990099,0.45142326732673266,0.974009900990099,0.0709
36061,New York County,New York,NY,0.7283,1.8912547816640234e-05,0.9879134860050892,0.9783415841584159,0.9631043257,0.6736641221374046,0.994740099009901,0.9761757425742574,0.8966584158415841,0.9959777227722773,0.9876237623762376,0.8960396039603961,0.07317450495049505,0.12376237623762376,0.9418316831683168,0.0913
36063,Niagara County,New York,NY,0.4454,1.0697770243060512e-06,0.8336513994910942,0.844059405940594,0.3524173028,0.9173027989821882,0.7422648514851485,0.682549504950495,0.536509900990099,0.6008663366336634,0.7048267326732673,0.8830445544554455,0.19956683168316833,0.3561262376237624,0.7753712871287128,0.0626
36065,Oneida County,New York,NY,0.6828,0.024660617601140546,0.8632315521628499,0.8508663366336634,0.5620229008,0.9128498727735368,0.9381188118811881,0.7781559405940595,0.7264851485148515,0.6556311881188119,0.8787128712871287,0.9164603960396039,0.07317450495049505,0.40160891089108913,0.8938737623762376,0.0756
36067,Onondaga County,New York,NY,0.588,0.01782928570230891,0.912531806615776,0.9087252475247525,0.3845419847,0.8944020356234098,0.9836014851485149,0.8307549504950495,0.8762376237623762,0.8307549504950495,0.7524752475247525,0.9712252475247525,0.07317450495049505,0.47741336633663367,0.9214108910891089,0.0771
36069,Ontario County,New York,NY,0.2682,0.018453610013060978,0.6354961832061069,0.6943069306930693,0.2414122137,0.9487913486005088,0.7701113861386139,0.6952351485148515,0.45482673267326734,0.48948019801980197,0.14913366336633663,0.7877475247524752,0.7633044554455446,0.3997524752475248,0.5699257425742574,0.0406
36071,Orange County,New York,NY,0.7299,1.9770057791333884e-06,0.9058524173027991,0.9056311881188119,0.26176844779999997,0.6300890585241731,0.9566831683168316,0.931930693069307,0.8242574257425742,0.8780940594059405,0.8994430693069307,0.7843440594059405,0.7441212871287128,0.5250618811881188,0.8821163366336634,0.0832
36073,Orleans County,New York,NY,0.58,9.267183758922449e-07,0.1787531806615776,0.21875,0.35687022900000004,0.7299618320610687,0.3895420792079208,0.6429455445544554,0.24504950495049505,0.30909653465346537,0.31404702970297027,0.6577970297029703,0.20142326732673269,0.1485148514851485,0.2957920792079208,0.0259
36075,Oswego County,New York,NY,0.5962,2.1284895392162457e-06,0.6755725190839695,0.6936881188118812,0.4048982188,0.8756361323155215,0.6847153465346535,0.708230198019802,0.4464727722772277,0.49597772277227725,0.2527846534653465,0.8508663366336634,0.07317450495049505,0.3743811881188119,0.6432549504950495,0.0539
36077,Otsego County,New York,NY,0.3287,2.3801411879272325e-06,0.7582697201017811,0.7354579207920792,0.5677480916,0.8765903307888041,0.5525990099009901,0.7376237623762376,0.47741336633663367,0.21967821782178218,0.8551980198019802,0.48917079207920794,0.07317450495049505,0.27722772277227725,0.5117574257425742,0.0507
36079,Putnam County,New York,NY,0.1187,1.7844729152506804e-06,0.3982188295165393,0.6092202970297028,0.10623409669999999,0.9058524173027991,0.5956064356435643,0.8013613861386139,0.31714108910891087,0.49504950495049505,0.40748762376237624,0.7057549504950495,0.21287128712871287,0.21844059405940594,0.4535891089108911,0.0198
36081,Queens County,New York,NY,0.8024,2.128180017637309e-06,0.9917302798982189,0.9854579207920792,0.9347964377,0.18543256997455473,0.9969059405940595,0.9783415841584159,0.9084158415841584,0.9969059405940595,0.9972153465346535,0.9204826732673267,0.16058168316831684,0.1782178217821782,0.9625618811881188,0.1056
36083,Rensselaer County,New York,NY,0.4047,1.5608286224624055e-06,0.8215648854961831,0.8335396039603961,0.34860050889999994,0.8711832061068702,0.7889851485148515,0.8471534653465347,0.7722772277227723,0.5918935643564357,0.5399133663366337,0.7283415841584159,0.07317450495049505,0.31219059405940597,0.807240099009901,0.0603
36085,Richmond County,New York,NY,0.5956,1.8605431914141382e-06,0.9099872773536898,0.8907797029702971,0.6157760814000001,0.6812977099236641,0.9331683168316832,0.9275990099009901,0.838799504950495,0.9836014851485149,0.8969678217821783,0.682549504950495,0.2431930693069307,0.33323019801980197,0.6296410891089109,0.0776
36087,Rockland County,New York,NY,0.7471,1.9493344462377545e-06,0.8842239185750637,0.8635519801980197,0.6822519083999999,0.6905216284987277,0.9709158415841584,0.8932549504950495,0.78125,0.9071782178217822,0.869740099009901,0.7957920792079208,0.2385519801980198,0.16955445544554457,0.9192450495049505,0.0801
36089,St. Lawrence County,New York,NY,0.7108,2.307638367824652e-06,0.7789440203562341,0.7416460396039604,0.6466284987,0.7035623409669212,0.3694306930693069,0.6970915841584159,0.2623762376237624,0.3969678217821782,0.8889232673267327,0.8821163366336634,0.07317450495049505,0.3493193069306931,0.7821782178217822,0.0679
36091,Saratoga County,New York,NY,0.0649,2.3001711339768173e-06,0.7302798982188295,0.8449876237623762,0.10623409669999999,0.9303435114503817,0.6404702970297029,0.8347772277227723,0.7073019801980198,0.6095297029702971,0.5566212871287128,0.8029084158415841,0.07317450495049505,0.3910891089108911,0.7911509900990099,0.0412
36093,Schenectady County,New York,NY,0.4874,2.3001711339768173e-06,0.7127862595419847,0.7459777227722771,0.2942111959,0.8800890585241732,0.49535891089108913,0.8199257425742574,0.7150371287128713,0.5866336633663366,0.48267326732673266,0.7827970297029703,0.07317450495049505,0.23669554455445543,0.7438118811881188,0.0534
36095,Schoharie County,New York,NY,0.3172,2.3001711339768173e-06,0.41348600508905853,0.4548267326732674,0.3829516539,0.7525445292620865,0.1806930693069307,0.7391707920792079,0.34808168316831684,0.17388613861386137,0.2995049504950495,0.40532178217821785,0.07317450495049505,0.1364480198019802,0.3025990099009901,0.0266
36097,Schuyler County,New York,NY,0.3159,0.07131060013038851,0.16253180661577604,0.17233910891089108,0.4685114504,0.7798982188295165,0.18038366336633663,0.687190594059406,0.24257425742574257,0.23236386138613863,0.1395420792079208,0.5779702970297029,0.6698638613861386,0.09467821782178218,0.3066212871287129,0.0209
36099,Seneca County,New York,NY,0.5737,2.3284242288546116e-06,0.4182569974554708,0.3459158415841584,0.8043893129999999,0.837468193384224,0.31590346534653463,0.6989480198019802,0.32673267326732675,0.359529702970297,0.22370049504950495,0.7162747524752475,0.7363861386138614,0.2784653465346535,0.35426980198019803,0.0339
36101,Steuben County,New York,NY,0.4683,2.332359825842722e-06,0.768765903307888,0.750309405940594,0.5493002545,0.7054707379134861,0.5810643564356436,0.7784653465346535,0.5925123762376238,0.46472772277227725,0.5792079207920792,0.5080445544554455,0.5671410891089109,0.3261138613861386,0.7716584158415841,0.0586
36103,Suffolk County,New York,NY,0.2596,2.3001711339768173e-06,0.9732824427480916,0.9792698019801981,0.2162849873,0.9405216284987277,0.9777227722772277,0.9764851485148515,0.7543316831683168,0.9486386138613861,0.9542079207920792,0.9675123762376238,0.17233910891089108,0.7410272277227723,0.9752475247524752,0.0706
36105,Sullivan County,New York,NY,0.8654,2.3665224052309757e-06,0.7827608142493638,0.7756806930693068,0.4802798982,0.5620229007633588,0.6581064356435643,0.8456064356435643,0.7212252475247525,0.4291460396039604,0.7939356435643564,0.5668316831683168,0.2614480198019802,0.3146658415841584,0.7592821782178217,0.0767
36107,Tioga County,New York,NY,0.1505,3.16472318795048e-06,0.5986005089058524,0.6027227722772277,0.48091603050000004,0.7296437659033078,0.27629950495049505,0.7233910891089109,0.452970297029703,0.4248143564356436,0.2790841584158416,0.5331064356435643,0.4282178217821782,0.2595915841584158,0.4563737623762376,0.0328
36109,Tompkins County,New York,NY,0.3907,2.3275405121023963e-06,0.7385496183206108,0.7648514851485149,0.308524173,0.8384223918575063,0.4594678217821782,0.7370049504950495,0.6008663366336634,0.49814356435643564,0.3505569306930693,0.650990099009901,0.6373762376237624,0.24350247524752475,0.6345915841584159,0.0524
36111,Ulster County,New York,NY,0.5511,2.3001711339768173e-06,0.8769083969465649,0.8734529702970297,0.4519720102,0.806615776081425,0.9183168316831684,0.9025371287128713,0.8790222772277227,0.6754331683168316,0.8196163366336634,0.7472153465346535,0.5111386138613861,0.5414603960396039,0.8521039603960396,0.0713
36113,Warren County,New York,NY,0.1954,2.3001711339768173e-06,0.6230916030534351,0.681930693069307,0.266221374,0.9567430025445293,0.4712252475247525,0.7568069306930693,0.4068688118811881,0.37902227722772275,0.8363242574257426,0.5754950495049505,0.07317450495049505,0.2691831683168317,0.9303836633663366,0.0355
36115,Washington County,New York,NY,0.4127,2.3001711339768173e-06,0.5661577608142495,0.5928217821782177,0.37213740459999994,0.7166030534351145,0.296720297029703,0.7976485148514851,0.4526608910891089,0.43564356435643564,0.6683168316831684,0.6055074257425742,0.07317450495049505,0.22617574257425743,0.8029084158415841,0.0403
36117,Wayne County,New York,NY,0.3633,2.3001711339768173e-06,0.5626590330788804,0.588490099009901,0.39344783720000004,0.9033078880407125,0.6649133663366337,0.6840965346534653,0.3994430693069307,0.48514851485148514,0.28001237623762376,0.7629950495049505,0.36695544554455445,0.41955445544554454,0.5272277227722773,0.0365
36119,Westchester County,New York,NY,0.6685,0.04527664215761016,0.9618320610687024,0.9588490099009901,0.4739185751,0.7706743002544529,0.9916460396039604,0.9526608910891089,0.7345297029702971,0.963180693069307,0.9390470297029703,0.9096534653465347,0.3245668316831683,0.5782797029702971,0.9767945544554455,0.0887
36121,Wyoming County,New York,NY,0.2399,2.3180924952116205e-06,0.4125318066157761,0.5068069306930693,0.21310432569999999,0.8311068702290076,0.3879950495049505,0.7218440594059405,0.31126237623762376,0.18842821782178218,0.3285891089108911,0.6030321782178217,0.562190594059406,0.1547029702970297,0.5414603960396039,0.0237
36123,Yates County,New York,NY,0.5724,2.486399243903285e-06,0.4662849872773537,0.35148514851485146,0.9198473282,0.7837150127226464,0.4183168316831683,0.7301980198019802,0.3162128712871287,0.31404702970297027,0.1875,0.6491336633663366,0.7506188118811881,0.15099009900990099,0.4155321782178218,0.0367
37001,Alamance County,North Carolina,NC,0.7136,0.03323419857575624,0.7706743002544529,0.8050742574257426,0.2442748092,0.5120865139949109,0.5727103960396039,0.8654084158415841,0.8276608910891089,0.7475247524752475,0.5185643564356436,0.8514851485148515,0.5027846534653465,0.328279702970297,0.8276608910891089,0.0746
37003,Alexander County,North Carolina,NC,0.4559,8.129692955974317e-05,0.45801526717557245,0.37004950495049505,0.778307888,0.2608142493638677,0.5773514851485149,0.7614480198019802,0.5454826732673267,0.3069306930693069,0.48669554455445546,0.8852103960396039,0.5411509900990099,0.3010519801980198,0.5779702970297029,0.0426
37005,Alleghany County,North Carolina,NC,0.7168,2.580703558072574e-06,0.3466921119592875,0.20111386138613863,0.9452926209,0.10527989821882952,0.2636138613861386,0.6964727722772277,0.29455445544554454,0.02645420792079208,0.7834158415841584,0.8186881188118812,0.8360148514851485,0.4724628712871287,0.40779702970297027,0.0504
37007,Anson County,North Carolina,NC,0.9529,1.84365633939529e-06,0.5,0.35860148514851486,0.9303435115,0.25795165394402036,0.7301980198019802,0.8728341584158416,0.7271039603960396,0.49969059405940597,0.46689356435643564,0.7728960396039604,0.5225866336633663,0.5959158415841584,0.4260519801980198,0.0626
37009,Ashe County,North Carolina,NC,0.4518,1.630984805523528e-06,0.6676208651399491,0.5649752475247525,0.8486005088999999,0.3326972010178117,0.8270420792079208,0.729269801980198,0.4146039603960396,0.02645420792079208,0.8316831683168316,0.7122524752475248,0.7206064356435643,0.49288366336633666,0.5479579207920792,0.0551
37011,Avery County,North Carolina,NC,0.7191,8.34197999371905e-07,0.4748727735368957,0.40006188118811875,0.7665394402,0.5031806615776081,0.411509900990099,0.7144183168316832,0.4025371287128713,0.02645420792079208,0.6324257425742574,0.7428836633663366,0.07317450495049505,0.36107673267326734,0.7336014851485149,0.0473
37013,Beaufort County,North Carolina,NC,0.8066,1.958110735902338e-06,0.8816793893129771,0.849009900990099,0.7805343510999999,0.5562977099236641,0.6729579207920792,0.9811262376237624,0.7527846534653465,0.719059405940594,0.37902227722772275,0.5863242574257426,0.49566831683168316,0.6723391089108911,0.7311262376237624,0.084
37015,Bertie County,North Carolina,NC,0.9586,0.09995971339462953,0.6638040712468194,0.5525990099009901,0.8746819338,0.30916030534351147,0.3876856435643564,0.9504950495049505,0.6308787128712872,0.6172648514851485,0.34715346534653463,0.39139851485148514,0.8010519801980198,0.3787128712871287,0.4310024752475248,0.0815
37017,Bladen County,North Carolina,NC,0.8326,1.8847247296807157e-06,0.8457379134860051,0.7892945544554455,0.7881679389,0.30089058524173035,0.9681311881188119,0.9733910891089109,0.7874381188118812,0.6686262376237624,0.5129950495049505,0.7357673267326733,0.5297029702970297,0.8505569306930693,0.6225247524752475,0.0866
37019,Brunswick County,North Carolina,NC,0.2275,2.1455761504577658e-06,0.9576972010178118,0.9418316831683168,0.7528625954,0.7477735368956744,0.7342202970297029,0.9931930693069307,0.8734529702970297,0.8548886138613861,0.6844059405940595,0.8505569306930693,0.3069306930693069,0.9353341584158416,0.9257425742574258,0.0687
37021,Buncombe County,North Carolina,NC,0.5994,2.227884146709208e-06,0.8934478371501272,0.8913985148514851,0.3498727735,0.70706106870229,0.9275990099009901,0.7673267326732673,0.8183787128712872,0.05754950495049505,0.9724628712871287,0.9461633663366337,0.661509900990099,0.8115717821782178,0.9665841584158416,0.076
37023,Burke County,North Carolina,NC,0.7079,1.598215941203711e-06,0.7016539440203562,0.6503712871287128,0.6781170483,0.30852417302798985,0.5012376237623762,0.7583539603960396,0.7589727722772277,0.6652227722772277,0.5705445544554455,0.9146039603960396,0.630569306930693,0.484220297029703,0.8728341584158416,0.0687
37025,Cabarrus County,North Carolina,NC,0.4321,1.5582048497187944e-06,0.8705470737913485,0.8938737623762375,0.12181933839999999,0.681615776081425,0.754950495049505,0.8066212871287128,0.8938737623762376,0.6939975247524752,0.6711014851485149,0.9659653465346535,0.4962871287128713,0.5194925742574258,0.8329207920792079,0.0685
37027,Caldwell County,North Carolina,NC,0.6503,1.6300181804925443e-06,0.6743002544529262,0.6766707920792079,0.4497455471,0.30057251908396954,0.7484529702970297,0.7481435643564357,0.6311881188118812,0.4155321782178218,0.5201113861386139,0.8886138613861386,0.5219678217821783,0.5327970297029703,0.7147277227722773,0.0654
37029,Camden County,North Carolina,NC,0.2523,1.9270143360773848e-06,0.025445292620865142,0.06683168316831684,0.10623409669999999,0.7162849872773536,0.1311881188118812,0.7954826732673267,0.15996287128712872,0.26794554455445546,0.1327351485148515,0.19461633663366337,0.3474628712871287,0.26082920792079206,0.19152227722772278,0.0113
37031,Carteret County,North Carolina,NC,0.3888,2.0587167353360084e-06,0.9347964376590332,0.9297648514851485,0.5238549618,0.9198473282442748,0.49504950495049505,0.9907178217821783,0.46875,0.7206064356435643,0.38830445544554454,0.7611386138613861,0.2849628712871287,0.8889232673267327,0.8016707920792079,0.0708
37033,Caswell County,North Carolina,NC,0.7302,1.7329336414646852e-06,0.2236005089058524,0.18688118811881188,0.6482188295,0.14122137404580157,0.30167079207920794,0.8044554455445545,0.411509900990099,0.39201732673267325,0.17326732673267325,0.453279702970297,0.7209158415841584,0.26175742574257427,0.3431311881188119,0.0456
37035,Catawba County,North Carolina,NC,0.6818,1.8290506442833297e-06,0.8056615776081425,0.8205445544554455,0.3244274809,0.522264631043257,0.7633044554455446,0.8285891089108911,0.8663366336633663,0.588490099009901,0.6605816831683168,0.963799504950495,0.6203589108910891,0.3833539603960396,0.8567450495049505,0.0735
37037,Chatham County,North Carolina,NC,0.2949,0.06959448201280874,0.6717557251908397,0.6745049504950495,0.4685114504,0.5597964376590331,0.38273514851485146,0.8765470297029703,0.7645420792079208,0.7345297029702971,0.5250618811881188,0.7599009900990099,0.46534653465346537,0.34808168316831684,0.5968440594059405,0.0521
37039,Cherokee County,North Carolina,NC,0.3729,1.922441942654043e-06,0.5671119592875318,0.5046410891089108,0.6663486005,0.094147582697201,0.5018564356435643,0.6918316831683168,0.6896658415841584,0.09931930693069307,0.6086014851485149,0.6806930693069307,0.37902227722772275,0.8159034653465347,0.6342821782178217,0.0523
37041,Chowan County,North Carolina,NC,0.7394,1.2424197975841847e-06,0.34287531806615784,0.31837871287128716,0.6208651399,0.4723282442748092,0.35767326732673266,0.9223391089108911,0.2911509900990099,0.6528465346534653,0.20823019801980197,0.2880569306930693,0.5061881188118812,0.2806311881188119,0.33972772277227725,0.042
37043,Clay County,North Carolina,NC,0.4232,1.5108009845741723e-06,0.268765903307888,0.1342821782178218,0.9516539439999999,0.04770992366412214,0.29455445544554454,0.6132425742574258,0.4603960396039604,0.08106435643564357,0.5625,0.5590965346534653,0.41738861386138615,0.6528465346534653,0.48298267326732675,0.0386
37045,Cleveland County,North Carolina,NC,0.8524,2.081983989941251e-06,0.7000636132315522,0.7001856435643564,0.4411577608,0.3330152671755725,0.7920792079207921,0.8047648514851485,0.8032178217821783,0.562809405940594,0.5228960396039604,0.9402846534653465,0.604269801980198,0.42357673267326734,0.8251856435643564,0.074
37047,Columbus County,North Carolina,NC,0.937,0.04165403223336686,0.8686386768447837,0.8084777227722771,0.8826335878,0.2318702290076336,0.9842202970297029,0.9758663366336634,0.8282797029702971,0.8672648514851485,0.6488242574257426,0.8227103960396039,0.4870049504950495,0.7831064356435643,0.9492574257425742,0.0979
37049,Craven County,North Carolina,NC,0.8126,1.8828017221677569e-06,0.9357506361323157,0.9214108910891088,0.643129771,0.6841603053435115,0.75,0.9897896039603961,0.8675742574257426,0.8477722772277227,0.5349628712871287,0.7391707920792079,0.520730198019802,0.8375618811881188,0.926980198019802,0.0882
37051,Cumberland County,North Carolina,NC,0.943,1.9691272046308273e-06,0.8947201017811705,0.8991336633663366,0.23155216280000002,0.25572519083969464,0.7651608910891089,0.9554455445544554,0.9316212871287128,0.9436881188118812,0.7793935643564357,0.9189356435643564,0.4681311881188119,0.8465346534653465,0.932549504950495,0.0982
37053,Currituck County,North Carolina,NC,0.0862,1.8306662154694429e-06,0.1806615776081425,0.375,0.10623409669999999,0.8543256997455471,0.1828589108910891,0.8570544554455446,0.23978960396039603,0.4099628712871287,0.2020420792079208,0.30847772277227725,0.19337871287128713,0.583230198019802,0.5949876237623762,0.0084
37055,Dare County,North Carolina,NC,0.2071,2.4297632980057286e-06,0.8959923664122137,0.8892326732673267,0.4519720102,0.9990458015267175,0.369740099009901,0.9829826732673267,0.4848391089108911,0.5300123762376238,0.23886138613861385,0.29857673267326734,0.16646039603960397,0.8313737623762376,0.948019801980198,0.0598
37057,Davidson County,North Carolina,NC,0.553,2.1438594451535744e-06,0.8721374045801527,0.8691212871287128,0.42430025450000003,0.37086513994910947,0.8397277227722773,0.8830445544554455,0.8728341584158416,0.6574876237623762,0.8533415841584159,0.9569925742574258,0.5928217821782178,0.5099009900990099,0.6989480198019802,0.0786
37059,Davie County,North Carolina,NC,0.4057,1.745367214363486e-06,0.41666666666666674,0.4560643564356436,0.37213740459999994,0.45197201017811706,0.3431311881188119,0.7772277227722773,0.38923267326732675,0.33972772277227725,0.5380569306930693,0.8672648514851485,0.5733292079207921,0.2521658415841584,0.35117574257425743,0.0351
37061,Duplin County,North Carolina,NC,0.9144,2.2314984960725884e-06,0.8940839694656488,0.8452970297029703,0.8349236641000001,0.062340966921119595,0.9142945544554455,0.9817450495049505,0.8357054455445545,0.7623762376237624,0.6271658415841584,0.7311262376237624,0.6633663366336634,0.6683168316831684,0.7153465346534653,0.102
37063,Durham County,North Carolina,NC,0.686,2.2359706041032537e-06,0.8963104325699746,0.9006806930693068,0.26240458019999996,0.7697201017811705,0.8842821782178217,0.9214108910891089,0.9365717821782178,0.9421410891089109,0.5637376237623762,0.8363242574257426,0.4439975247524752,0.3626237623762376,0.90625,0.0788
37065,Edgecombe County,North Carolina,NC,0.9605,2.2124194567785284e-06,0.763676844783715,0.6658415841584159,0.8759541985,0.42302798982188294,0.9644183168316832,0.9152227722772277,0.8047648514851485,0.7537128712871287,0.49876237623762376,0.46472772277227725,0.8870668316831684,0.41336633663366334,0.5464108910891089,0.0795
37067,Forsyth County,North Carolina,NC,0.8126,2.3375359547859117e-06,0.9153944020356232,0.9099628712871286,0.39885496179999996,0.6230916030534351,0.8632425742574258,0.8997524752475248,0.911200495049505,0.8097153465346535,0.905940594059406,0.9795792079207921,0.5485767326732673,0.37530940594059403,0.8712871287128713,0.0872
37069,Franklin County,North Carolina,NC,0.6491,2.244768363291753e-06,0.5171755725190841,0.5451732673267327,0.3835877863,0.3094783715012723,0.5844678217821783,0.8118811881188119,0.7162747524752475,0.6890470297029703,0.5748762376237624,0.47370049504950495,0.7896039603960396,0.2902227722772277,0.7107054455445545,0.0536
37071,Gaston County,North Carolina,NC,0.65,2.1475652719674204e-06,0.8486005089058524,0.8598391089108911,0.29071246819999996,0.5133587786259542,0.9535891089108911,0.7790841584158416,0.9133663366336634,0.6949257425742574,0.6178836633663366,0.9774133663366337,0.40222772277227725,0.4962871287128713,0.9105816831683168,0.0767
37073,Gates County,North Carolina,NC,0.4053,2.3001711339768173e-06,0.10464376590330789,0.11726485148514851,0.4277989822,0.10623409669211195,0.5640470297029703,0.8360148514851485,0.24412128712871287,0.3292079207920792,0.1745049504950495,0.24814356435643564,0.5779702970297029,0.15346534653465346,0.30847772277227725,0.0321
37075,Graham County,North Carolina,NC,0.6933,1.0687537009086908e-06,0.2006997455470738,0.15377475247524752,0.7181933841999999,0.21596692111959284,0.28929455445544555,0.5745668316831684,0.2877475247524752,0.02645420792079208,0.6160272277227723,0.25,0.07317450495049505,0.5095915841584159,0.2911509900990099,0.0411
37077,Granville County,North Carolina,NC,0.6612,0.05879244034464021,0.5935114503816794,0.6048886138613861,0.44879134860000003,0.5473918575063612,0.38242574257425743,0.8920173267326733,0.6881188118811881,0.7159653465346535,0.22400990099009901,0.5507425742574258,0.755259900990099,0.37066831683168316,0.5383663366336634,0.0585
37079,Greene County,North Carolina,NC,0.9863,2.0265228155172337e-06,0.6262722646310432,0.49133663366336633,0.8940839695,0.08110687022900763,0.4260519801980198,0.9474009900990099,0.6014851485148515,0.5826113861386139,0.3301361386138614,0.4520420792079208,0.775680693069307,0.31342821782178215,0.4399752475247525,0.0781
37081,Guilford County,North Carolina,NC,0.7865,2.302817549957153e-06,0.9344783715012723,0.9334777227722774,0.4277989822,0.5642493638676845,0.698019801980198,0.9282178217821783,0.8898514851485149,0.874690594059406,0.8876856435643564,0.969059405940594,0.6853341584158416,0.452970297029703,0.9439975247524752,0.0894
37083,Halifax County,North Carolina,NC,0.987,2.2973073499436306e-06,0.7290076335877863,0.5965346534653466,0.9312977098999999,0.21024173027989826,0.46998762376237624,0.9146039603960396,0.8022896039603961,0.7589727722772277,0.5340346534653465,0.6240717821782178,0.8975866336633663,0.4551361386138614,0.5671410891089109,0.0824
37085,Harnett County,North Carolina,NC,0.7372,1.8956724433657097e-06,0.7528625954198473,0.781559405940594,0.2751272265,0.20578880407124678,0.6116955445544554,0.9173886138613861,0.8743811881188119,0.8412747524752475,0.6036509900990099,0.812809405940594,0.6556311881188119,0.6989480198019802,0.7889851485148515,0.0787
37087,Haywood County,North Carolina,NC,0.3646,2.3001711339768173e-06,0.7719465648854961,0.7376237623762375,0.6113231552,0.5254452926208651,0.7165841584158416,0.6881188118811881,0.5891089108910891,0.02645420792079208,0.9223391089108911,0.7837252475247525,0.4625618811881188,0.598700495049505,0.7926980198019802,0.0578
37089,Henderson County,North Carolina,NC,0.4286,1.7300704705193515e-06,0.8377862595419847,0.8010519801980197,0.6930661578,0.40076335877862596,0.9155321782178217,0.7806311881188119,0.8109529702970297,0.06064356435643564,0.9560643564356436,0.9591584158415841,0.8100247524752475,0.4681311881188119,0.911819306930693,0.0691
37091,Hertford County,North Carolina,NC,0.9427,2.0820871803909443e-06,0.681615776081425,0.5538366336633663,0.9233460560000001,0.2477735368956743,0.4832920792079208,0.9523514851485149,0.4900990099009901,0.6373762376237624,0.34344059405940597,0.4396658415841584,0.8326113861386139,0.33261138613861385,0.4198638613861386,0.0758
37093,Hoke County,North Carolina,NC,0.8909,2.3300400693681566e-06,0.5012722646310432,0.45513613861386143,0.6472646310000001,0.16666666666666663,0.5553836633663366,0.8811881188118812,0.7648514851485149,0.7404084158415841,0.4656559405940594,0.6887376237623762,0.45482673267326734,0.807240099009901,0.5705445544554455,0.0643
37095,Hyde County,North Carolina,NC,0.874,0.1426652884365251,0.664440203562341,0.5185643564356436,0.9891857505999999,0.4748727735368957,0.20266089108910892,0.9597772277227723,0.2385519801980198,0.3270420792079208,0.18007425742574257,0.18811881188118812,0.5327970297029703,0.7540222772277227,0.3530321782178218,0.0774
37097,Iredell County,North Carolina,NC,0.3773,4.551417143512978e-05,0.8078880407124683,0.8456064356435643,0.1657124682,0.5438931297709924,0.843440594059406,0.7800123762376238,0.8626237623762376,0.48360148514851486,0.7645420792079208,0.9409034653465347,0.536819306930693,0.44801980198019803,0.770730198019802,0.0629
37099,Jackson County,North Carolina,NC,0.7862,2.36947829604298e-06,0.80470737913486,0.7125618811881188,0.8918575063999999,0.3893129770992366,0.6021039603960396,0.7521658415841584,0.6318069306930693,0.054455445544554455,0.9616336633663366,0.7515470297029703,0.5625,0.4780321782178218,0.9433787128712872,0.078
37101,Johnston County,North Carolina,NC,0.5294,2.348466013669334e-06,0.8555979643765902,0.8650990099009901,0.2916666667,0.47868956743002544,0.8425123762376238,0.8985148514851485,0.9381188118811881,0.9028465346534653,0.7323638613861386,0.8375618811881188,0.8480816831683168,0.5396039603960396,0.8551980198019802,0.0738
37103,Jones County,North Carolina,NC,0.6736,2.3001711339768173e-06,0.6450381679389313,0.49009900990099015,0.981870229,0.2719465648854962,0.41398514851485146,0.9591584158415841,0.23886138613861385,0.43409653465346537,0.25185643564356436,0.33632425742574257,0.49504950495049505,0.49814356435643564,0.37376237623762376,0.0621
37105,Lee County,North Carolina,NC,0.8953,0.045434803571247635,0.6749363867684478,0.6082920792079208,0.7328244275,0.31679389312977096,0.41336633663366334,0.8870668316831684,0.8199257425742574,0.7320544554455446,0.4124381188118812,0.8267326732673267,0.5439356435643564,0.5556930693069307,0.7908415841584159,0.0763
37107,Lenoir County,North Carolina,NC,0.9984,2.3001711339768173e-06,0.8460559796437659,0.7713490099009901,0.8982188295,0.5184478371501272,0.7679455445544554,0.9622524752475248,0.8681930693069307,0.7694925742574258,0.4978341584158416,0.6834777227722773,0.6943069306930693,0.35488861386138615,0.729269801980198,0.0871
37109,Lincoln County,North Carolina,NC,0.2517,2.3785996954272737e-06,0.7375954198473282,0.7444306930693068,0.39790076339999997,0.558206106870229,0.7119430693069307,0.744430693069307,0.7902227722772277,0.4183168316831683,0.45482673267326734,0.9282178217821783,0.4557549504950495,0.39542079207920794,0.7781559405940595,0.0508
37111,McDowell County,North Carolina,NC,0.7518,2.9085801328816193e-06,0.5922391857506362,0.5448638613861386,0.6625318066,0.2989821882951654,0.5665222772277227,0.7100866336633663,0.5727103960396039,0.24628712871287128,0.6014851485148515,0.8796410891089109,0.6503712871287128,0.6045792079207921,0.692759900990099,0.0618
37113,Macon County,North Carolina,NC,0.4906,2.3001711339768173e-06,0.7379134860050891,0.6680074257425743,0.7372773537,0.21914758269720103,0.5225866336633663,0.75,0.619740099009901,0.02645420792079208,0.9359529702970297,0.7524752475247525,0.34715346534653463,0.5965346534653465,0.7589727722772277,0.0662
37115,Madison County,North Carolina,NC,0.35,2.3001711339768173e-06,0.27353689567430023,0.3146658415841584,0.37436386769999996,0.4510178117048346,0.3146658415841584,0.5665222772277227,0.27382425742574257,0.02645420792079208,0.5442450495049505,0.6553217821782178,0.1751237623762376,0.6358292079207921,0.7076113861386139,0.026
37117,Martin County,North Carolina,NC,0.9306,2.6082962574168617e-06,0.6545801526717557,0.620049504950495,0.6269083969,0.5779262086513995,0.3564356435643564,0.9436881188118812,0.6132425742574258,0.583230198019802,0.2469059405940594,0.42110148514851486,0.8053836633663366,0.3712871287128713,0.36478960396039606,0.067
37119,Mecklenburg County,North Carolina,NC,0.6115,0.07684348669404877,0.9707379134860051,0.9789603960396039,0.179389313,0.5966921119592875,0.9192450495049505,0.8827351485148515,0.9749381188118812,0.9455445544554455,0.8264232673267327,0.9526608910891089,0.30538366336633666,0.6327351485148515,0.9508044554455446,0.0929
37121,Mitchell County,North Carolina,NC,0.5689,2.3001711339768173e-06,0.23950381679389313,0.21627475247524752,0.6151399491,0.5066793893129771,0.2753712871287129,0.6482054455445545,0.28620049504950495,0.02645420792079208,0.568069306930693,0.7054455445544554,0.07317450495049505,0.3521039603960396,0.8428217821782178,0.0308
37123,Montgomery County,North Carolina,NC,0.7741,2.3921523680831093e-06,0.48950381679389315,0.41027227722772275,0.7442748091999999,0.20928753180661577,0.46070544554455445,0.8787128712871287,0.6655321782178217,0.4848391089108911,0.3307549504950495,0.7908415841584159,0.46967821782178215,0.4656559405940594,0.3994430693069307,0.0576
37125,Moore County,North Carolina,NC,0.3306,0.03701722460328686,0.7563613231552163,0.7623762376237625,0.4001272265,0.5225826972010178,0.4158415841584158,0.9130569306930693,0.8604579207920792,0.775990099009901,0.5027846534653465,0.8901608910891089,0.5064975247524752,0.823019801980198,0.8845915841584159,0.059
37127,Nash County,North Carolina,NC,0.8902,0.06231197165944595,0.8059796437659033,0.776608910891089,0.6151399491,0.4917302798982188,0.6364480198019802,0.9238861386138614,0.8527227722772277,0.8449876237623762,0.6181930693069307,0.635519801980198,0.8845915841584159,0.42419554455445546,0.7088490099009901,0.0857
37129,New Hanover County,North Carolina,NC,0.4289,1.7565396000177563e-06,0.9611959287531806,0.9684405940594061,0.18956742999999998,0.9020356234096693,0.5587871287128713,0.9935024752475248,0.90625,0.8610767326732673,0.6810024752475248,0.9136757425742574,0.21441831683168316,0.8341584158415841,0.9780321782178217,0.0755
37131,Northampton County,North Carolina,NC,0.8906,2.3562776187959684e-06,0.44211195928753183,0.27939356435643564,0.9723282443,0.22391857506361323,0.33972772277227725,0.8858292079207921,0.5597153465346535,0.5074257425742574,0.31652227722772275,0.44554455445544555,0.8864480198019802,0.26949257425742573,0.3094059405940594,0.0577
37133,Onslow County,North Carolina,NC,0.7948,9.380013239549843e-05,0.9497455470737911,0.9631806930693068,0.1437659033,0.4064885496183206,0.8112623762376238,0.9922648514851485,0.8620049504950495,0.879950495049505,0.614480198019802,0.78125,0.36386138613861385,0.8629331683168316,0.9263613861386139,0.0951
37135,Orange County,North Carolina,NC,0.3945,0.07486160815150238,0.7907124681933843,0.8357054455445545,0.1657124682,0.9360687022900762,0.7518564356435643,0.8657178217821783,0.8196163366336634,0.8465346534653465,0.3787128712871287,0.7543316831683168,0.556930693069307,0.30383663366336633,0.8570544554455446,0.0632
37137,Pamlico County,North Carolina,NC,0.5616,2.3001711339768173e-06,0.7236005089058524,0.6454207920792079,0.8311068702,0.7290076335877863,0.21844059405940594,0.9678217821782178,0.3814975247524752,0.45235148514851486,0.17419554455445543,0.43316831683168316,0.2073019801980198,0.7855816831683168,0.7521658415841584,0.0564
37139,Pasquotank County,North Carolina,NC,0.7626,2.4461439307359663e-06,0.5868320610687023,0.5643564356435643,0.5782442748,0.7067430025445293,0.53125,0.9356435643564357,0.46008663366336633,0.6225247524752475,0.36107673267326734,0.45173267326732675,0.317759900990099,0.46008663366336633,0.6519183168316832,0.0538
37141,Pender County,North Carolina,NC,0.5606,0.0009277936329471672,0.8692748091603053,0.8731435643564357,0.3422391858,0.657442748091603,0.5423886138613861,0.9789603960396039,0.7165841584158416,0.6423267326732673,0.4186262376237624,0.7580445544554455,0.39449257425742573,0.8728341584158416,0.8610767326732673,0.073
37143,Perquimans County,North Carolina,NC,0.5921,0.4998833623367895,0.37659033078880405,0.3248762376237624,0.68543257,0.4621501272264631,0.6206683168316832,0.9232673267326733,0.37004950495049505,0.5491955445544554,0.21813118811881188,0.2614480198019802,0.4662747524752475,0.31064356435643564,0.3681930693069307,0.0783
37145,Person County,North Carolina,NC,0.5393,0.099847133595093,0.41539440203562333,0.34344059405940597,0.7519083969,0.37404580152671757,0.442759900990099,0.7957920792079208,0.5609529702970297,0.6766707920792079,0.1989480198019802,0.4603960396039604,0.7475247524752475,0.2301980198019802,0.46163366336633666,0.0483
37147,Pitt County,North Carolina,NC,0.9001,2.394990863877327e-06,0.8982188295165394,0.8898514851485149,0.42239185749999997,0.7786259541984732,0.723700495049505,0.9724628712871287,0.9443069306930693,0.885519801980198,0.6321163366336634,0.786819306930693,0.7645420792079208,0.4337871287128713,0.8168316831683168,0.0863
37149,Polk County,North Carolina,NC,0.3583,2.3001711339768173e-06,0.3692748091603055,0.26485148514851486,0.8470101781,0.2951653944020356,0.562809405940594,0.7097772277227723,0.5495049504950495,0.19554455445544555,0.4715346534653465,0.8814975247524752,0.484529702970297,0.4501856435643564,0.6816212871287128,0.0332
37151,Randolph County,North Carolina,NC,0.6475,2.3056018495025152e-06,0.8062977099236641,0.7936262376237625,0.4987277354,0.21787531806615776,0.5959158415841584,0.8836633663366337,0.8774752475247525,0.6649133663366337,0.7580445544554455,0.9025371287128713,0.6392326732673267,0.4192450495049505,0.7001856435643564,0.0793
37153,Richmond County,North Carolina,NC,0.986,2.3001711339768173e-06,0.6075063613231552,0.525680693069307,0.7894402036,0.3196564885496183,0.7388613861386139,0.8960396039603961,0.817450495049505,0.661509900990099,0.4350247524752475,0.7886757425742574,0.43007425742574257,0.8044554455445545,0.5819925742574258,0.0703
37155,Robeson County,North Carolina,NC,0.9962,2.3001711339768173e-06,0.910941475826972,0.8558168316831682,0.9834605598,0.14090330788804073,0.9808168316831684,0.973700495049505,0.9706064356435643,0.8941831683168316,0.7435024752475248,0.8972772277227723,0.6574876237623762,0.8811881188118812,0.8960396039603961,0.1039
37157,Rockingham County,North Carolina,NC,0.8514,2.091296074652079e-06,0.7188295165394402,0.6772896039603961,0.6380407125,0.3139312977099237,0.7413366336633663,0.8418935643564357,0.5761138613861386,0.568069306930693,0.4254331683168317,0.8338490099009901,0.6717202970297029,0.2583539603960396,0.7518564356435643,0.0753
37159,Rowan County,North Carolina,NC,0.8435,3.054764363768659e-06,0.8291984732824428,0.8307549504950493,0.42907124680000003,0.4875954198473281,0.7339108910891089,0.7951732673267327,0.8607673267326733,0.5272277227722773,0.9474009900990099,0.9523514851485149,0.7221534653465347,0.4916460396039604,0.7317450495049505,0.0821
37161,Rutherford County,North Carolina,NC,0.8072,2.3001711339768173e-06,0.7267811704834606,0.6627475247524752,0.7245547073999999,0.26176844783715014,0.973700495049505,0.7530940594059405,0.7066831683168316,0.4040841584158416,0.5962252475247525,0.9161509900990099,0.442759900990099,0.6423267326732673,0.7948638613861386,0.0755
37163,Sampson County,North Carolina,NC,0.9459,2.306144921055085e-06,0.9020356234096693,0.8505569306930693,0.8832697201,0.09446564885496184,0.9783415841584159,0.9814356435643564,0.807549504950495,0.7982673267326733,0.6995668316831684,0.8090965346534653,0.885519801980198,0.7032797029702971,0.7645420792079208,0.1028
37165,Scotland County,North Carolina,NC,0.9959,2.3442756916552843e-06,0.6364503816793893,0.4814356435643564,0.9751908397,0.2519083969465649,0.7311262376237624,0.9034653465346535,0.8131188118811881,0.7264851485148515,0.46967821782178215,0.7354579207920792,0.48948019801980197,0.8251856435643564,0.588490099009901,0.0736
37167,Stanly County,North Carolina,NC,0.6631,2.3044381247470087e-06,0.5884223918575063,0.6327351485148515,0.2942111959,0.5295801526717557,0.5529084158415841,0.8338490099009901,0.6605816831683168,0.5962252475247525,0.4749381188118812,0.8712871287128713,0.5727103960396039,0.26701732673267325,0.5099009900990099,0.0544
37169,Stokes County,North Carolina,NC,0.4324,2.86979296651178e-06,0.39726463104325693,0.3864480198019802,0.5353053435,0.20451653944020357,0.3712871287128713,0.7679455445544554,0.37685643564356436,0.28032178217821785,0.3774752475247525,0.7883663366336634,0.754950495049505,0.18378712871287128,0.3533415841584158,0.0408
37171,Surry County,North Carolina,NC,0.8005,2.3001711339768173e-06,0.7356870229007633,0.6974009900990099,0.6100508906000001,0.2458651399491094,0.8459158415841584,0.7886757425742574,0.6048886138613861,0.2527846534653465,0.9226485148514851,0.8452970297029703,0.6689356435643564,0.3001237623762376,0.5532178217821783,0.0769
37173,Swain County,North Carolina,NC,0.901,2.3001711339768173e-06,0.4910941475826972,0.3418935643564357,0.9379770992,0.2496819338422392,0.5120668316831684,0.6599628712871287,0.3719059405940594,0.02645420792079208,0.7673267326732673,0.7379331683168316,0.31652227722772275,0.6138613861386139,0.45173267326732675,0.0603
37175,Transylvania County,North Carolina,NC,0.4773,2.3001711339768173e-06,0.6424936386768448,0.5659034653465347,0.7541348601,0.3807251908396945,0.5318688118811881,0.7029702970297029,0.5389851485148515,0.06033415841584158,0.9142945544554455,0.8604579207920792,0.48050742574257427,0.45482673267326734,0.687190594059406,0.0532
37177,Tyrrell County,North Carolina,NC,0.854,2.3001711339768173e-06,0.46024173027989823,0.3180693069306931,0.9484732824,0.4395674300254453,0.19028465346534654,0.9415222772277227,0.23514851485148514,0.3056930693069307,0.1432549504950495,0.21689356435643564,0.30228960396039606,0.5835396039603961,0.28155940594059403,0.0519
37179,Union County,North Carolina,NC,0.2008,0.11106688146855782,0.8905852417302799,0.9146039603960396,0.10623409669999999,0.5515267175572519,0.8913985148514851,0.8620049504950495,0.9483292079207921,0.7317450495049505,0.7564975247524752,0.9650371287128713,0.7020420792079208,0.4319306930693069,0.8508663366336634,0.0733
37181,Vance County,North Carolina,NC,0.9672,2.356677323732406e-06,0.4837786259541985,0.37995049504950495,0.8470101781,0.3982188295165393,0.4622524752475248,0.8446782178217822,0.6491336633663366,0.6711014851485149,0.49907178217821785,0.5581683168316832,0.7147277227722773,0.19647277227722773,0.5544554455445545,0.0588
37183,Wake County,North Carolina,NC,0.3621,2.346450622256569e-06,0.9554707379134861,0.9771039603960396,0.10623409669999999,0.8705470737913485,0.5071163366336634,0.9251237623762376,0.9545173267326733,0.9696782178217822,0.8282797029702971,0.9093440594059405,0.5241336633663366,0.5853960396039604,0.9195544554455446,0.073
37185,Warren County,North Carolina,NC,0.9879,2.315105601672487e-06,0.5076335877862596,0.3598391089108911,0.9138040712,0.0982824427480916,0.3261138613861386,0.8876856435643564,0.588180693069307,0.5321782178217822,0.34034653465346537,0.49876237623762376,0.8298267326732673,0.28558168316831684,0.34251237623762376,0.0691
37187,Washington County,North Carolina,NC,0.8603,0.0,0.5963740458015266,0.4702970297029702,0.93956743,0.48918575063613223,0.2840346534653465,0.9538985148514851,0.4316212871287129,0.5553836633663366,0.1890470297029703,0.31683168316831684,0.3864480198019802,0.48669554455445546,0.43719059405940597,0.0603
37189,Watauga County,North Carolina,NC,0.4238,2.3180924952116205e-06,0.7185114503816794,0.687809405940594,0.6151399491,0.6835241730279898,0.46967821782178215,0.7172029702970297,0.6120049504950495,0.02645420792079208,0.8239480198019802,0.8341584158415841,0.7685643564356436,0.4254331683168317,0.6426361386138614,0.0525
37191,Wayne County,North Carolina,NC,0.9564,2.416293722661619e-06,0.9039440203562341,0.8722153465346536,0.7296437659,0.37595419847328243,0.7648514851485149,0.974319306930693,0.9016089108910891,0.8827351485148515,0.6745049504950495,0.8270420792079208,0.7493811881188119,0.5659034653465347,0.8400371287128713,0.0956
37193,Wilkes County,North Carolina,NC,0.707,2.2267546386612363e-06,0.8263358778625954,0.7515470297029703,0.8600508906000001,0.26399491094147587,0.7905321782178217,0.817759900990099,0.7326732673267327,0.3063118811881188,0.7416460396039604,0.9362623762376238,0.6478960396039604,0.5402227722772277,0.7017326732673267,0.0808
37195,Wilson County,North Carolina,NC,0.952,2.3139567964651276e-06,0.7627226463104327,0.7258663366336634,0.6151399491,0.5159033078880407,0.556930693069307,0.9285272277227723,0.7103960396039604,0.8078589108910891,0.5563118811881188,0.6782178217821783,0.8861386138613861,0.42017326732673266,0.6308787128712872,0.0783
37197,Yadkin County,North Carolina,NC,0.6233,2.3001711339768173e-06,0.38358778625954204,0.33570544554455445,0.6574427480999999,0.23377862595419846,0.5290841584158416,0.7642326732673267,0.48948019801980197,0.22617574257425743,0.4962871287128713,0.8032178217821783,0.7011138613861386,0.19771039603960397,0.3400371287128713,0.0457
37199,Yancey County,North Carolina,NC,0.5307,1.7137818801348524e-06,0.42239185750636127,0.3004331683168317,0.8963104326,0.4112595419847328,0.43347772277227725,0.6658415841584159,0.3685024752475248,0.02645420792079208,0.723700495049505,0.7537128712871287,0.5235148514851485,0.530940594059406,0.8307549504950495,0.039
38001,Adams County,North Dakota,ND,0.2052,0.055499085684164534,0.045165394402035625,0.02537128712871287,0.7550890585000001,0.3842239185750636,0.14913366336633663,0.1551670792079208,0.1469678217821782,0.11726485148514851,0.5742574257425742,0.4068688118811881,0.2784653465346535,0.4944306930693069,0.10086633663366337,0.0204
38003,Barnes County,North Dakota,ND,0.1842,2.313219036411807e-06,0.458969465648855,0.44152227722772275,0.6055979644,0.7681297709923663,0.7400990099009901,0.1551670792079208,0.43347772277227725,0.2202970297029703,0.8592202970297029,0.8279702970297029,0.26794554455445546,0.6636757425742574,0.13056930693069307,0.0236
38005,Benson County,North Dakota,ND,0.7426,2.1333405599619434e-06,0.24268447837150128,0.1327351485148515,0.9367048346,0.14885496183206107,0.6986386138613861,0.1551670792079208,0.23081683168316833,0.1494430693069307,0.8258044554455446,0.833230198019802,0.35396039603960394,0.8063118811881188,0.10581683168316831,0.046
38007,Billings County,North Dakota,ND,0.0095,2.3004650679647937e-06,0.00858778625954199,0.01577970297029703,0.10623409669999999,0.6265903307888042,0.13613861386138615,0.1551670792079208,0.11014851485148515,0.0671410891089109,0.1797648514851485,0.28527227722772275,0.20668316831683167,0.6627475247524752,0.04764851485148515,0.0038
38009,Bottineau County,North Dakota,ND,0.111,2.4127997911885857e-06,0.18670483460559797,0.23607673267326731,0.3110687023,0.587468193384224,0.35860148514851486,0.1551670792079208,0.27970297029702973,0.10488861386138613,0.7713490099009901,0.7834158415841584,0.38273514851485146,0.8539603960396039,0.15129950495049505,0.0115
38011,Bowman County,North Dakota,ND,0.2421,2.609569942292118e-06,0.02099236641221374,0.04084158415841585,0.12181933839999999,0.5314885496183206,0.16058168316831684,0.1551670792079208,0.13923267326732675,0.1021039603960396,0.5386757425742574,0.44245049504950495,0.2753712871287129,0.5788985148514851,0.09034653465346534,0.0139
38013,Burke County,North Dakota,ND,0.0363,2.156365228894455e-06,0.01049618320610687,0.020111386138613862,0.10623409669999999,0.583969465648855,0.08694306930693069,0.1551670792079208,0.11943069306930693,0.07054455445544554,0.43347772277227725,0.3876856435643564,0.26949257425742573,0.48298267326732675,0.1036509900990099,0.0055
38015,Burleigh County,North Dakota,ND,0.1963,0.06367018144152053,0.851145038167939,0.879950495049505,0.1377226463,0.9716921119592876,0.6596534653465347,0.1551670792079208,0.8347772277227723,0.5467202970297029,0.9693688118811881,0.958230198019802,0.2636138613861386,0.8456064356435643,0.530940594059406,0.0607
38017,Cass County,North Dakota,ND,0.2485,0.020762502519960372,0.823791348600509,0.8904702970297029,0.10623409669999999,0.9341603053435117,0.9832920792079208,0.1551670792079208,0.8997524752475248,0.5869430693069307,0.8845915841584159,0.9625618811881188,0.22400990099009901,0.5188737623762376,0.6420173267326733,0.0574
38019,Cavalier County,North Dakota,ND,0.0955,2.227541431598508e-06,0.11832061068702289,0.11076732673267325,0.5597964377,0.22105597964376592,0.43873762376237624,0.1551670792079208,0.19152227722772278,0.09282178217821782,0.7305074257425742,0.7911509900990099,0.36788366336633666,0.5408415841584159,0.12747524752475248,0.0175
38021,Dickey County,North Dakota,ND,0.146,2.157158924760691e-06,0.15839694656488548,0.1797648514851485,0.40394402040000005,0.5292620865139949,0.48917079207920794,0.1551670792079208,0.2688737623762376,0.17233910891089108,0.786200495049505,0.5869430693069307,0.28248762376237624,0.5717821782178217,0.04362623762376237,0.0129
38023,Divide County,North Dakota,ND,0.2768,2.2674967817023326e-06,0.05788804071246819,0.03898514851485149,0.637086514,0.16984732824427481,0.1494430693069307,0.1551670792079208,0.22153465346534654,0.09467821782178218,0.5587871287128713,0.6949257425742574,0.3344678217821782,0.6021039603960396,0.1686262376237624,0.0246
38025,Dunn County,North Dakota,ND,0.4104,2.2153975473326473e-06,0.10782442748091604,0.125,0.41698473280000004,0.1946564885496183,0.20327970297029702,0.1551670792079208,0.26113861386138615,0.12004950495049505,0.5337252475247525,0.629950495049505,0.2988861386138614,0.8431311881188119,0.1432549504950495,0.0296
38027,Eddy County,North Dakota,ND,0.4082,2.2806278602957937e-06,0.01844783715012722,0.03620049504950495,0.10623409669999999,0.49968193384223925,0.15655940594059406,0.1551670792079208,0.16491336633663367,0.07766089108910891,0.44492574257425743,0.7032797029702971,0.24721534653465346,0.6401608910891089,0.03681930693069307,0.0205
38029,Emmons County,North Dakota,ND,0.0506,3.4903002359808052e-06,0.44274809160305345,0.41676980198019803,0.6215012723000001,0.5556615776081425,0.3369430693069307,0.1551670792079208,0.4214108910891089,0.1531559405940594,0.8319925742574258,0.7271039603960396,0.3722153465346535,0.9334777227722773,0.11478960396039604,0.0209
38031,Foster County,North Dakota,ND,0.0127,2.7788458876372903e-06,0.07410941475826972,0.07951732673267327,0.38740458019999996,0.7986641221374046,0.687809405940594,0.1551670792079208,0.20544554455445543,0.11757425742574257,0.6333539603960396,0.598700495049505,0.26485148514851486,0.4978341584158416,0.038675742574257425,0.0022
38033,Golden Valley County,North Dakota,ND,0.1982,2.3639478950041332e-06,0.13072519083969467,0.12066831683168315,0.5693384224,0.24904580152671754,0.2407178217821782,0.1551670792079208,0.15532178217821782,0.1311881188118812,0.8276608910891089,0.3935643564356436,0.296720297029703,0.5058787128712872,0.09808168316831684,0.0207
38035,Grand Forks County,North Dakota,ND,0.3198,2.3626907538880387e-06,0.5766539440203562,0.6760519801980197,0.1437659033,0.7830788804071247,0.786509900990099,0.1551670792079208,0.6172648514851485,0.39573019801980197,0.7465965346534653,0.9235767326732673,0.27939356435643564,0.5652846534653465,0.3728341584158416,0.0383
38037,Grant County,North Dakota,ND,0.2097,2.3347801887871267e-06,0.14790076335877864,0.11045792079207921,0.7277353689999999,0.29993638676844786,0.2626856435643564,0.1551670792079208,0.19616336633663367,0.13551980198019803,0.7775371287128713,0.6438737623762376,0.23886138613861385,0.6630569306930693,0.22308168316831684,0.0199
38039,Griggs County,North Dakota,ND,0.0407,2.3289353796074513e-06,0.051208651399491094,0.053836633663366336,0.41921119590000006,0.9541984732824429,0.5578589108910891,0.1551670792079208,0.18564356435643564,0.09622524752475248,0.5318688118811881,0.7626856435643564,0.24443069306930693,0.504950495049505,0.04672029702970297,0.0019
38041,Hettinger County,North Dakota,ND,0.1495,2.3527655821422906e-06,0.09192111959287531,0.07920792079207921,0.5782442748,0.2630407124681934,0.2685643564356436,0.1551670792079208,0.2747524752475248,0.11633663366336634,0.5615717821782178,0.7274133663366337,0.27784653465346537,0.5662128712871287,0.12530940594059406,0.0178
38043,Kidder County,North Dakota,ND,0.0321,0.02630408418698404,0.031488549618320615,0.06435643564356436,0.10623409669999999,0.2048346055979644,0.27939356435643564,0.1551670792079208,0.19275990099009901,0.09777227722772278,0.5352722772277227,0.5182549504950495,0.27413366336633666,0.47308168316831684,0.0426980198019802,0.0167
38045,LaMoure County,North Dakota,ND,0.0305,3.0814029312196255e-06,0.10941475826972011,0.1593440594059406,0.2430025445,0.4751908396946565,0.6064356435643564,0.1551670792079208,0.2218440594059406,0.14511138613861385,0.7317450495049505,0.6358292079207921,0.2376237623762376,0.39758663366336633,0.039603960396039604,0.0088
38047,Logan County,North Dakota,ND,0.0754,2.157158924760691e-06,0.09891857506361325,0.07363861386138615,0.7010178117,0.5400763358778626,0.3530321782178218,0.1551670792079208,0.20297029702970298,0.11386138613861387,0.7493811881188119,0.4198638613861386,0.30074257425742573,0.5649752475247525,0.06435643564356436,0.0086
38049,McHenry County,North Dakota,ND,0.0907,2.575401208619502e-06,0.11736641221374049,0.2354579207920792,0.10623409669999999,0.5235368956743003,0.20142326732673269,0.1551670792079208,0.2957920792079208,0.10612623762376237,0.6420173267326733,0.7806311881188119,0.27073019801980197,0.8777846534653465,0.09313118811881188,0.0106
38051,McIntosh County,North Dakota,ND,0.1368,2.2377916051901597e-06,0.3520992366412214,0.2555693069306931,0.8527353689999999,0.388676844783715,0.39573019801980197,0.1551670792079208,0.275990099009901,0.13675742574257427,0.9124381188118812,0.6107673267326733,0.33632425742574257,0.7156559405940595,0.07580445544554455,0.022
38053,McKenzie County,North Dakota,ND,0.468,0.04300043209900749,0.2503180661577608,0.41120049504950495,0.10623409669999999,0.43734096692111957,0.520730198019802,0.1551670792079208,0.3496287128712871,0.22215346534653466,0.8007425742574258,0.7298886138613861,0.3292079207920792,0.7797029702970297,0.27382425742574257,0.0344
38055,McLean County,North Dakota,ND,0.0662,2.7747677270861687e-06,0.4309796437659033,0.5399133663366337,0.17557251910000002,0.7802162849872775,0.7060643564356436,0.1551670792079208,0.47029702970297027,0.18811881188118812,0.848700495049505,0.8236386138613861,0.33941831683168316,0.775990099009901,0.13985148514851486,0.0193
38057,Mercer County,North Dakota,ND,0.3296,0.12480292629916072,0.138676844783715,0.2564975247524752,0.1138676845,0.7849872773536896,0.23824257425742573,0.1551670792079208,0.30476485148514854,0.17202970297029702,0.6707920792079208,0.6754331683168316,0.23143564356435645,0.6262376237623762,0.13397277227722773,0.0257
38059,Morton County,North Dakota,ND,0.0519,0.03569981974268454,0.49586513994910947,0.6850247524752475,0.10623409669999999,0.8718193384223919,0.5266089108910891,0.1551670792079208,0.5850866336633663,0.3066212871287129,0.8103341584158416,0.8610767326732673,0.25495049504950495,0.7462871287128713,0.25804455445544555,0.0265
38061,Mountrail County,North Dakota,ND,0.7156,2.3216236339788444e-06,0.21374045801526717,0.23886138613861385,0.40362595419999997,0.19020356234096691,0.27660891089108913,0.1551670792079208,0.34375,0.16738861386138615,0.7976485148514851,0.7165841584158416,0.34777227722772275,0.7933168316831684,0.20915841584158415,0.0436
38063,Nelson County,North Dakota,ND,0.0468,2.2366554945134907e-06,0.07919847328244274,0.050123762376237634,0.8225190840000001,0.5359414758269719,0.30754950495049505,0.1551670792079208,0.23669554455445543,0.11324257425742575,0.5850866336633663,0.8106435643564357,0.29300742574257427,0.6868811881188119,0.07642326732673267,0.0073
38065,Oliver County,North Dakota,ND,0.0808,2.403858629672906e-06,0.01717557251908397,0.035891089108910895,0.10623409669999999,0.7709923664122137,0.0875618811881188,0.1551670792079208,0.14139851485148514,0.0875618811881188,0.2756806930693069,0.37314356435643564,0.21225247524752475,0.4597772277227723,0.03527227722772277,0.0044
38067,Pembina County,North Dakota,ND,0.1206,2.8358889999344068e-06,0.20928753180661577,0.19275990099009901,0.5836513995,0.31870229007633594,0.3069306930693069,0.1551670792079208,0.23422029702970298,0.1516089108910891,0.7280321782178217,0.7976485148514851,0.3378712871287129,0.6485148514851485,0.43842821782178215,0.0181
38069,Pierce County,North Dakota,ND,0.1155,2.2366554945134907e-06,0.03244274809160305,0.06466584158415842,0.1138676845,0.5992366412213741,0.19152227722772278,0.1551670792079208,0.17945544554455445,0.09313118811881188,0.6082920792079208,0.5538366336633663,0.25804455445544555,0.5767326732673267,0.06745049504950495,0.0082
38071,Ramsey County,North Dakota,ND,0.4747,2.3115596826911053e-06,0.18320610687022898,0.29300742574257427,0.1526717557,0.9293893129770991,0.6311881188118812,0.1551670792079208,0.29146039603960394,0.1432549504950495,0.7478341584158416,0.8038366336633663,0.297029702970297,0.8041460396039604,0.13366336633663367,0.0212
38073,Ransom County,North Dakota,ND,0.0935,2.8137130063768918e-06,0.13199745547073793,0.19492574257425743,0.2204198473,0.9621501272264631,0.5021658415841584,0.1551670792079208,0.2614480198019802,0.16336633663366337,0.6875,0.7766089108910891,0.20606435643564355,0.6086014851485149,0.05816831683168317,0.0055
38075,Renville County,North Dakota,ND,0.0245,2.2366554945134907e-06,0.01526717557251908,0.03125,0.10623409669999999,0.6151399491094147,0.09251237623762376,0.1551670792079208,0.12933168316831684,0.0708539603960396,0.5092821782178217,0.4124381188118812,0.31373762376237624,0.38985148514851486,0.04919554455445545,0.0045
38077,Richland County,North Dakota,ND,0.2459,2.5135155262529642e-06,0.3530534351145038,0.4396658415841584,0.2589058524,0.6844783715012723,0.5064975247524752,0.1551670792079208,0.5099009900990099,0.26423267326732675,0.8341584158415841,0.6392326732673267,0.18471534653465346,0.5522896039603961,0.12685643564356436,0.0222
38079,Rolette County,North Dakota,ND,0.8934,2.2366554945134907e-06,0.5286259541984734,0.3765470297029702,0.9157124682000002,0.09001272264631044,0.4186262376237624,0.1551670792079208,0.3301361386138614,0.15841584158415842,0.8929455445544554,0.9000618811881188,0.31280940594059403,0.9647277227722773,0.2908415841584158,0.0673
38081,Sargent County,North Dakota,ND,0.0251,2.3001711339768173e-06,0.07442748091603053,0.15253712871287128,0.10623409669999999,0.5171755725190841,0.6005569306930693,0.1551670792079208,0.19183168316831684,0.13459158415841585,0.6203589108910891,0.7073019801980198,0.19245049504950495,0.42883663366336633,0.03712871287128713,0.0072
38083,Sheridan County,North Dakota,ND,0.0073,0.09994902100271977,0.05025445292620865,0.09591584158415839,0.10623409669999999,0.3155216284987277,0.1478960396039604,0.1551670792079208,0.2453589108910891,0.08137376237623763,0.4464727722772277,0.7212252475247525,0.2620668316831683,0.6429455445544554,0.04146039603960396,0.0188
38085,Sioux County,North Dakota,ND,0.9176,2.3001711339768173e-06,0.6208651399491094,0.43657178217821785,0.9726463103999999,0.02608142493638677,0.6389232673267327,0.1551670792079208,0.27042079207920794,0.19399752475247525,0.9771039603960396,0.5058787128712872,0.26082920792079206,0.8106435643564357,0.21905940594059406,0.0765
38087,Slope County,North Dakota,ND,0.0134,2.3001711339768173e-06,0.006361323155216279,0.007735148514851489,0.1405852417,0.03530534351145039,0.10241336633663366,0.1551670792079208,0.08075495049504951,0.17326732673267325,0.3468440594059406,0.2042079207920792,0.2595915841584158,0.3972772277227723,0.043007425742574254,0.0192
38089,Stark County,North Dakota,ND,0.3112,0.0002376117793445424,0.37340966921119595,0.494430693069307,0.1580788804,0.6361323155216285,0.5501237623762376,0.1551670792079208,0.4931930693069307,0.26113861386138615,0.8254950495049505,0.7846534653465347,0.3001237623762376,0.5603341584158416,0.6649133663366337,0.0269
38091,Steele County,North Dakota,ND,0.0299,2.2366554945134907e-06,0.06647582697201018,0.10303217821782179,0.1781170483,0.5801526717557252,0.786819306930693,0.1551670792079208,0.19028465346534654,0.08508663366336634,0.4718440594059406,0.7255569306930693,0.23267326732673269,0.19275990099009901,0.038985148514851485,0.0059
38093,Stutsman County,North Dakota,ND,0.4419,0.10221201486442126,0.4637404580152672,0.536509900990099,0.26176844779999997,0.7356870229007633,0.6568688118811881,0.1551670792079208,0.48576732673267325,0.2667079207920792,0.8886138613861386,0.869430693069307,0.3688118811881188,0.6775990099009901,0.08168316831683169,0.043
38095,Towner County,North Dakota,ND,0.2297,2.4363999963204627e-06,0.02003816793893129,0.040532178217821783,0.10623409669999999,0.2344147582697201,0.09900990099009901,0.1551670792079208,0.10303217821782178,0.0724009900990099,0.5847772277227723,0.7172029702970297,0.2908415841584158,0.5795173267326733,0.05198019801980198,0.0207
38097,Traill County,North Dakota,ND,0.0697,2.3032369951158147e-06,0.11005089058524171,0.27103960396039606,0.10623409669999999,0.8832697201017811,0.3533415841584158,0.1551670792079208,0.3189975247524752,0.1364480198019802,0.5216584158415841,0.7701113861386139,0.2400990099009901,0.25402227722772275,0.0739480198019802,0.0052
38099,Walsh County,North Dakota,ND,0.3385,2.3222602810021934e-06,0.2900763358778626,0.4245049504950495,0.1361323155,0.4818702290076336,0.39201732673267325,0.1551670792079208,0.4189356435643564,0.15903465346534654,0.6847153465346535,0.8425123762376238,0.31126237623762376,0.7973391089108911,0.15439356435643564,0.0267
38101,Ward County,North Dakota,ND,0.2571,2.298668361510521e-06,0.6475826972010178,0.7784653465346536,0.10623409669999999,0.7674936386768448,0.6234529702970297,0.1551670792079208,0.6704826732673267,0.32301980198019803,0.9548267326732673,0.8657178217821783,0.35148514851485146,0.7998143564356436,0.09189356435643564,0.0425
38103,Wells County,North Dakota,ND,0.2437,0.07181785068760242,0.08587786259541985,0.09808168316831685,0.44592875319999997,0.9554707379134861,0.18811881188118812,0.1551670792079208,0.24783415841584158,0.12530940594059406,0.7320544554455446,0.6284034653465347,0.3406559405940594,0.5275371287128713,0.03620049504950495,0.0154
38105,Williams County,North Dakota,ND,0.5062,2.296908413763001e-06,0.5365776081424937,0.6748143564356436,0.10623409669999999,0.5257633587786259,0.42667079207920794,0.1551670792079208,0.5439356435643564,0.23669554455445543,0.9081064356435643,0.8728341584158416,0.41707920792079206,0.7803217821782178,0.42636138613861385,0.0466
39001,Adams County,Ohio,OH,0.6516,2.1931839713176043e-06,0.43829516539440205,0.44771039603960405,0.4764631043,0.22264631043257002,0.5761138613861386,0.568069306930693,0.4275990099009901,0.6547029702970297,0.2264851485148515,0.5649752475247525,0.4161509900990099,0.6404702970297029,0.49907178217821785,0.0508
39003,Allen County,Ohio,OH,0.5673,0.12498365711937268,0.7334605597964376,0.7410272277227723,0.42270992370000005,0.9557888040712469,0.8165222772277227,0.6055074257425742,0.75,0.536819306930693,0.40655940594059403,0.7982673267326733,0.07317450495049505,0.11819306930693069,0.5742574257425742,0.0673
39005,Ashland County,Ohio,OH,0.3096,1.9949594099580235e-06,0.46342239185750633,0.4981435643564357,0.4010814249,0.8616412213740458,0.6766707920792079,0.5829207920792079,0.5847772277227723,0.5123762376237624,0.4344059405940594,0.8155940594059405,0.07317450495049505,0.3193069306930693,0.5770420792079208,0.0282
39007,Ashtabula County,Ohio,OH,0.8247,2.4258383616131844e-06,0.6259541984732826,0.593131188118812,0.637086514,0.8874045801526718,0.875309405940594,0.6463490099009901,0.7936262376237624,0.5275371287128713,0.36169554455445546,0.7100866336633663,0.07317450495049505,0.37840346534653463,0.6364480198019802,0.0571
39009,Athens County,Ohio,OH,0.5772,2.3001711339768173e-06,0.6873409669211196,0.6837871287128714,0.5054071247,0.5435750636132316,0.5804455445544554,0.6531559405940595,0.390779702970297,0.7472153465346535,0.21379950495049505,0.7926980198019802,0.4566831683168317,0.15717821782178218,0.7035891089108911,0.0582
39011,Auglaize County,Ohio,OH,0.0261,1.8535067025984822e-06,0.4176208651399491,0.5009282178217823,0.25063613230000004,0.9538804071246821,0.5188737623762376,0.5541460396039604,0.5912747524752475,0.33292079207920794,0.4031559405940594,0.6262376237623762,0.07317450495049505,0.07827970297029703,0.45853960396039606,0.0154
39013,Belmont County,Ohio,OH,0.3067,2.0602507871672093e-06,0.7519083969465649,0.7175123762376238,0.6113231552,0.537531806615776,0.44863861386138615,0.6686262376237624,0.5668316831683168,0.5946782178217822,0.11695544554455446,0.6902846534653465,0.5758044554455446,0.4229579207920792,0.9300742574257426,0.0537
39015,Brown County,Ohio,OH,0.3691,2.19075031984037e-06,0.6256361323155216,0.5625,0.7172391858,0.405852417302799,0.8468440594059405,0.45699257425742573,0.5869430693069307,0.6621287128712872,0.4854579207920792,0.6741955445544554,0.5448638613861386,0.6172648514851485,0.7614480198019802,0.0476
39017,Butler County,Ohio,OH,0.4346,0.043462400319915245,0.9147582697201018,0.9229579207920792,0.2242366412,0.7404580152671756,0.9443069306930693,0.46410891089108913,0.9808168316831684,0.8233292079207921,0.963490099009901,0.9260519801980198,0.4749381188118812,0.4279084158415842,0.9449257425742574,0.0756
39019,Carroll County,Ohio,OH,0.3255,2.264932375681485e-06,0.19942748091603058,0.19245049504950498,0.5505725190999999,0.4487913486005089,0.2933168316831683,0.5266089108910891,0.2995049504950495,0.36633663366336633,0.13768564356435645,0.3650990099009901,0.46472772277227725,0.26794554455445546,0.6113861386138614,0.022
39021,Champaign County,Ohio,OH,0.1123,1.7076504183022085e-06,0.2674936386768448,0.36881188118811875,0.1981552163,0.823791348600509,0.3459158415841584,0.4631806930693069,0.4783415841584158,0.2905321782178218,0.40284653465346537,0.6113861386138614,0.5167079207920792,0.06002475247524752,0.4344059405940594,0.0119
39023,Clark County,Ohio,OH,0.6627,2.293547917160563e-06,0.7709923664122137,0.7490717821782178,0.5804707379,0.8234732824427481,0.8202351485148515,0.5550742574257426,0.8279702970297029,0.6451113861386139,0.6800742574257426,0.8833539603960396,0.5467202970297029,0.27073019801980197,0.7883663366336634,0.0644
39025,Clermont County,Ohio,OH,0.1479,2.228505881990046e-06,0.7786259541984732,0.8251856435643564,0.1698473282,0.6787531806615776,0.8839727722772277,0.4130569306930693,0.8406559405940595,0.8715965346534653,0.8242574257425742,0.8907797029702971,0.3901608910891089,0.42976485148514854,0.8944925742574258,0.0497
39027,Clinton County,Ohio,OH,0.3038,2.38389116496418e-06,0.3400127226463104,0.40748762376237624,0.3110687023,0.8094783715012723,0.6336633663366337,0.5204207920792079,0.5671410891089109,0.6123143564356436,0.39882425742574257,0.7332920792079208,0.6834777227722773,0.11417079207920793,0.5253712871287128,0.0219
39029,Columbiana County,Ohio,OH,0.4162,2.3001711339768173e-06,0.6905216284987277,0.6775990099009901,0.5575699746,0.7051526717557252,0.557240099009901,0.6998762376237624,0.7079207920792079,0.6191212871287128,0.20080445544554457,0.6964727722772277,0.07317450495049505,0.48205445544554454,0.7537128712871287,0.0498
39031,Coshocton County,Ohio,OH,0.6351,2.3057715593626934e-06,0.4907760814249364,0.36974009900990107,0.8956743003,0.5298982188295165,0.4662747524752475,0.5578589108910891,0.48205445544554454,0.5216584158415841,0.2561881188118812,0.6633663366336634,0.30785891089108913,0.3180693069306931,0.8100247524752475,0.0442
39033,Crawford County,Ohio,OH,0.3856,2.3001711339768173e-06,0.3524173027989822,0.4306930693069307,0.2910305344,0.9013994910941477,0.5077351485148515,0.525990099009901,0.43626237623762376,0.28898514851485146,0.5584777227722773,0.8109529702970297,0.07317450495049505,0.05693069306930693,0.5157797029702971,0.0249
39035,Cuyahoga County,Ohio,OH,0.7305,0.03570119190142,0.9799618320610687,0.9733910891089108,0.641221374,0.9866412213740456,0.9665841584158416,0.7209158415841584,0.9900990099009901,0.9777227722772277,0.9965965346534653,0.9313118811881188,0.07317450495049505,0.5804455445544554,0.9331683168316832,0.0907
39037,Darke County,Ohio,OH,0.0961,2.351525321216825e-06,0.5267175572519084,0.6098391089108911,0.2102417303,0.8069338422391857,0.6958539603960396,0.5383663366336634,0.823019801980198,0.3186881188118812,0.3623143564356436,0.4622524752475248,0.07317450495049505,0.1469678217821782,0.4470915841584158,0.026
39039,Defiance County,Ohio,OH,0.2529,1.6516706023271246e-06,0.41889312977099236,0.5225866336633663,0.1933842239,0.897264631043257,0.5476485148514851,0.4588490099009901,0.6469678217821783,0.30074257425742573,0.33508663366336633,0.5785891089108911,0.29548267326732675,0.09436881188118812,0.3316831683168317,0.0242
39041,Delaware County,Ohio,OH,0.0239,1.821584229614751e-06,0.787531806615776,0.8774752475247525,0.10623409669999999,0.9586513994910942,0.7886757425742574,0.46070544554455445,0.8202351485148515,0.7747524752475248,0.4248143564356436,0.8771658415841584,0.16738861386138615,0.2874381188118812,0.8013613861386139,0.0445
39043,Erie County,Ohio,OH,0.4015,1.4417631601739597e-06,0.6135496183206107,0.6219059405940595,0.49968193380000003,0.9923664122137404,0.6970915841584159,0.6284034653465347,0.7852722772277227,0.4146039603960396,0.505569306930693,0.806930693069307,0.07317450495049505,0.25123762376237624,0.46689356435643564,0.0412
39045,Fairfield County,Ohio,OH,0.196,2.2486819989592507e-06,0.726145038167939,0.7914603960396039,0.1603053435,0.8651399491094147,0.7719678217821783,0.47679455445544555,0.723700495049505,0.8001237623762376,0.3969678217821782,0.8910891089108911,0.7800123762376238,0.28310643564356436,0.8242574257425742,0.0449
39047,Fayette County,Ohio,OH,0.3913,2.8591488526756227e-06,0.2589058524173028,0.3304455445544555,0.266221374,0.5766539440203562,0.35426980198019803,0.5037128712871287,0.44863861386138615,0.4823638613861386,0.2400990099009901,0.6856435643564357,0.6686262376237624,0.07673267326732673,0.4337871287128713,0.0246
39049,Franklin County,Ohio,OH,0.6497,0.00013502814521874622,0.9805979643765904,0.9801980198019803,0.3816793893,0.6529898218829515,0.9610148514851485,0.6268564356435643,0.9848391089108911,0.989480198019802,0.9922648514851485,0.8839727722772277,0.5878712871287128,0.3100247524752475,0.9511138613861386,0.0881
39051,Fulton County,Ohio,OH,0.0585,1.5446176776588892e-06,0.33555979643765904,0.43626237623762376,0.2204198473,0.8517811704834606,0.5504331683168316,0.4712252475247525,0.6782178217821783,0.37376237623762376,0.4189356435643564,0.6463490099009901,0.7614480198019802,0.10643564356435643,0.2280321782178218,0.0129
39053,Gallia County,Ohio,OH,0.601,2.011023184906381e-06,0.4831424936386768,0.4068688118811881,0.7585877863,0.36005089058524176,0.2834158415841584,0.6135519801980198,0.28125,0.849319306930693,0.15439356435643564,0.6921410891089109,0.33508663366336633,0.3660272277227723,0.4495668316831683,0.0469
39055,Geauga County,Ohio,OH,0.0961,1.7178712197676547e-06,0.602735368956743,0.599009900990099,0.5130407125,0.8590966921119594,0.875,0.5878712871287128,0.6067450495049505,0.5665222772277227,0.25742574257425743,0.7376237623762376,0.07317450495049505,0.43842821782178215,0.5355816831683168,0.0297
39057,Greene County,Ohio,OH,0.1658,2.1659986101872255e-06,0.7566793893129771,0.8053836633663366,0.1972010178,0.9001272264631042,0.8418935643564357,0.5374381188118812,0.818069306930693,0.6661509900990099,0.9214108910891089,0.8731435643564357,0.4817450495049505,0.3270420792079208,0.7546410891089109,0.046
39059,Guernsey County,Ohio,OH,0.5352,2.0569834346081826e-06,0.375,0.32054455445544555,0.7102417303,0.6278625954198473,0.40748762376237624,0.5603341584158416,0.3849009900990099,0.4962871287128713,0.15686881188118812,0.5971534653465347,0.6336633663366337,0.32982673267326734,0.6098391089108911,0.033
39061,Hamilton County,Ohio,OH,0.5908,2.0458280306278223e-06,0.9634223918575063,0.964108910891089,0.43924936389999997,0.8625954198473282,0.9730816831683168,0.5414603960396039,0.9938118811881188,0.9897896039603961,0.974319306930693,0.874690594059406,0.3381806930693069,0.4873143564356436,0.9675123762376238,0.0817
39063,Hancock County,Ohio,OH,0.1604,0.15376687337092718,0.5407124681933843,0.729888613861386,0.10623409669999999,0.9497455470737911,0.5448638613861386,0.551980198019802,0.682240099009901,0.3217821782178218,0.4900990099009901,0.791769801980198,0.07317450495049505,0.04548267326732673,0.40532178217821785,0.0426
39065,Hardin County,Ohio,OH,0.5177,1.8523098597457396e-06,0.24427480916030533,0.37066831683168316,0.1405852417,0.6453562340966922,0.5696163366336634,0.5816831683168316,0.380259900990099,0.2626856435643564,0.4591584158415842,0.4907178217821782,0.07317450495049505,0.039603960396039604,0.6608910891089109,0.028
39067,Harrison County,Ohio,OH,0.5262,1.8411446556147671e-06,0.11418575063613233,0.08508663366336634,0.7048346056,0.4284351145038168,0.6875,0.5160891089108911,0.20451732673267325,0.29455445544554454,0.10303217821782178,0.2719678217821782,0.6141707920792079,0.1921410891089109,0.39511138613861385,0.0274
39069,Henry County,Ohio,OH,0.0977,1.7920710596392061e-06,0.3381043256997455,0.46441831683168316,0.1628498728,0.9017175572519085,0.3527227722772277,0.53125,0.49907178217821785,0.26639851485148514,0.30754950495049505,0.6219059405940595,0.4223391089108911,0.0609529702970297,0.2626856435643564,0.0144
39071,Highland County,Ohio,OH,0.4763,2.1765136125951458e-06,0.4319338422391857,0.4545173267326732,0.44592875319999997,0.4720101781170484,0.47679455445544555,0.598700495049505,0.5739480198019802,0.6550123762376238,0.3558168316831683,0.7441212871287128,0.7936262376237624,0.6141707920792079,0.5971534653465347,0.0379
39073,Hocking County,Ohio,OH,0.4976,0.025537338457271005,0.4729643765903308,0.4848391089108911,0.4691475827,0.5139949109414759,0.28279702970297027,0.3728341584158416,0.3558168316831683,0.5018564356435643,0.17110148514851486,0.7069925742574258,0.3431311881188119,0.15068069306930693,0.7221534653465347,0.0422
39075,Holmes County,Ohio,OH,0.3923,1.7775661490795426e-06,0.6040076335877863,0.41150990099009893,0.9949109414999999,0.03912213740458016,0.682240099009901,0.6441831683168316,0.6763613861386139,0.6011757425742574,0.46905940594059403,0.8406559405940595,0.31064356435643564,0.4832920792079208,0.6964727722772277,0.0557
39077,Huron County,Ohio,OH,0.301,0.045276453079604234,0.5028625954198473,0.5426980198019802,0.3772264631,0.7763994910941476,0.729269801980198,0.5949876237623762,0.6816212871287128,0.36014851485148514,0.5077351485148515,0.6983292079207921,0.07317450495049505,0.18038366336633663,0.900990099009901,0.035
39079,Jackson County,Ohio,OH,0.5663,2.1039635971075923e-06,0.3575063613231552,0.2688737623762376,0.8206106870000001,0.4357506361323155,0.3189975247524752,0.624690594059406,0.3567450495049505,0.7382425742574258,0.1624381188118812,0.7048267326732673,0.30909653465346537,0.22524752475247525,0.5430074257425742,0.0367
39081,Jefferson County,Ohio,OH,0.433,2.1475652719674204e-06,0.6673027989821882,0.6413985148514851,0.5954198473000001,0.6832061068702289,0.6735767326732673,0.7020420792079208,0.5154702970297029,0.5318688118811881,0.10396039603960396,0.6757425742574258,0.33663366336633666,0.4214108910891089,0.749690594059406,0.0485
39083,Knox County,Ohio,OH,0.2822,1.6158223030973768e-06,0.6103689567430025,0.5844678217821783,0.6269083969,0.8005725190839695,0.8242574257425742,0.5618811881188119,0.6528465346534653,0.6002475247524752,0.5922029702970297,0.8047648514851485,0.07317450495049505,0.37902227722772275,0.6574876237623762,0.0371
39085,Lake County,Ohio,OH,0.1438,1.6371305670432124e-06,0.7735368956743001,0.807858910891089,0.2767175573,0.9952290076335877,0.8545792079207921,0.625309405940594,0.7586633663366337,0.6834777227722773,0.6262376237623762,0.8162128712871287,0.07317450495049505,0.30816831683168316,0.6318069306930693,0.0462
39087,Lawrence County,Ohio,OH,0.3672,1.98768661986544e-06,0.7099236641221374,0.7029702970297029,0.471692112,0.2566793893129771,0.41058168316831684,0.6172648514851485,0.49659653465346537,0.9040841584158416,0.21967821782178218,0.724009900990099,0.2125618811881188,0.5451732673267327,0.6175742574257426,0.0594
39089,Licking County,Ohio,OH,0.2256,2.201752663236257e-06,0.7891221374045801,0.8292079207920792,0.19147582700000002,0.8393765903307887,0.8712871287128713,0.5191831683168316,0.625,0.8013613861386139,0.3901608910891089,0.8688118811881188,0.6701732673267327,0.4402846534653465,0.8499381188118812,0.0515
39091,Logan County,Ohio,OH,0.1578,2.3113719847485696e-06,0.5321246819338422,0.5850866336633663,0.308524173,0.8753180661577609,0.46905940594059403,0.5297029702970297,0.6225247524752475,0.30538366336633666,0.5532178217821783,0.7688737623762376,0.29238861386138615,0.0922029702970297,0.44801980198019803,0.0275
39093,Lorain County,Ohio,OH,0.4499,2.3756318834963743e-06,0.8625954198473282,0.8715965346534653,0.3008905852,0.9589694656488548,0.9288366336633663,0.6336633663366337,0.911819306930693,0.6540841584158416,0.8548886138613861,0.9300742574257426,0.07317450495049505,0.47339108910891087,0.7784653465346535,0.0655
39095,Lucas County,Ohio,OH,0.678,2.3001711339768173e-06,0.9239821882951652,0.9152227722772277,0.5413486005,0.9573791348600509,0.9477103960396039,0.6800742574257426,0.974009900990099,0.8582920792079208,0.9220297029702971,0.9607054455445545,0.40625,0.3818069306930693,0.9068688118811881,0.0798
39097,Madison County,Ohio,OH,0.195,2.3001711339768173e-06,0.24904580152671754,0.3917079207920792,0.12181933839999999,0.7337786259541985,0.5287747524752475,0.4189356435643564,0.45451732673267325,0.34467821782178215,0.3025990099009901,0.7141089108910891,0.45761138613861385,0.055074257425742575,0.4501856435643564,0.0156
39099,Mahoning County,Ohio,OH,0.6179,2.3001711339768173e-06,0.8361959287531806,0.8100247524752475,0.6682569975,0.8078880407124683,0.9328589108910891,0.7667079207920792,0.9139851485148515,0.791769801980198,0.33323019801980197,0.8474628712871287,0.07317450495049505,0.500309405940594,0.9235767326732673,0.0691
39101,Marion County,Ohio,OH,0.6443,2.3001711339768173e-06,0.6110050890585241,0.5974628712871287,0.5636132316,0.7751272264631042,0.8474628712871287,0.5906559405940595,0.6395420792079208,0.4238861386138614,0.8573638613861386,0.7679455445544554,0.07317450495049505,0.06311881188118812,0.5857054455445545,0.0507
39103,Medina County,Ohio,OH,0.0111,2.4864653316666335e-06,0.6895674300254453,0.7670173267326733,0.1526717557,0.8934478371501272,0.8759282178217822,0.5498143564356436,0.8505569306930693,0.7020420792079208,0.47741336633663367,0.8706683168316832,0.07317450495049505,0.4801980198019802,0.6741955445544554,0.0351
39105,Meigs County,Ohio,OH,0.5848,2.3001711339768173e-06,0.5295801526717557,0.40717821782178215,0.8546437659,0.1262722646310433,0.3381806930693069,0.6711014851485149,0.2753712871287129,0.6726485148514851,0.20018564356435645,0.7654702970297029,0.5074257425742574,0.10860148514851485,0.49133663366336633,0.0554
39107,Mercer County,Ohio,OH,0.0223,2.3001711339768173e-06,0.31647582697201015,0.568069306930693,0.10623409669999999,0.962468193384224,0.5024752475247525,0.5470297029702971,0.6794554455445545,0.20389851485148514,0.32332920792079206,0.48978960396039606,0.07317450495049505,0.09003712871287128,0.27784653465346537,0.0122
39109,Miami County,Ohio,OH,0.0643,2.309603429363556e-06,0.6138676844783715,0.7150371287128714,0.1275445293,0.8851781170483458,0.7667079207920792,0.5071163366336634,0.760519801980198,0.43780940594059403,0.583230198019802,0.7954826732673267,0.3409653465346535,0.2317450495049505,0.7339108910891089,0.0311
39111,Monroe County,Ohio,OH,0.4263,2.3539352176812277e-06,0.2725826972010178,0.1961633663366337,0.7977099237,0.29866412213740456,0.1751237623762376,0.6649133663366337,0.2599009900990099,0.3224009900990099,0.1936881188118812,0.4839108910891089,0.5399133663366337,0.20482673267326731,0.8032178217821783,0.0315
39113,Montgomery County,Ohio,OH,0.6904,2.339266629601257e-06,0.9265267175572519,0.9217202970297029,0.4650127226,0.7833969465648855,0.9755569306930693,0.6231435643564357,0.9282178217821783,0.8907797029702971,0.9517326732673267,0.9653465346534653,0.28867574257425743,0.4560643564356436,0.9393564356435643,0.0818
39115,Morgan County,Ohio,OH,0.5425,2.3001711339768173e-06,0.18225190839694655,0.19801980198019797,0.4328880407,0.3597328244274809,0.14356435643564355,0.5284653465346535,0.1921410891089109,0.3496287128712871,0.13366336633663367,0.5244430693069307,0.5501237623762376,0.13613861386138615,0.32116336633663367,0.0316
39117,Morrow County,Ohio,OH,0.1486,2.3001711339768173e-06,0.24395674300254452,0.29857673267326734,0.308524173,0.5416666666666666,0.42945544554455445,0.40532178217821785,0.421720297029703,0.29857673267326734,0.19275990099009901,0.713799504950495,0.07317450495049505,0.18657178217821782,0.39603960396039606,0.0158
39119,Muskingum County,Ohio,OH,0.511,2.317497924493358e-06,0.7092875318066157,0.7196782178217822,0.40267175569999997,0.7236005089058524,0.6225247524752475,0.5779702970297029,0.5751856435643564,0.6417079207920792,0.28248762376237624,0.7435024752475248,0.6856435643564357,0.35396039603960394,0.7079207920792079,0.0551
39121,Noble County,Ohio,OH,0.5902,2.315105601672487e-06,0.13454198473282442,0.11448019801980198,0.6294529261999999,0.33587786259541985,0.1639851485148515,0.6215965346534653,0.26732673267326734,0.31342821782178215,0.16491336633663367,0.5213490099009901,0.4405940594059406,0.2469059405940594,0.42264851485148514,0.0325
39123,Ottawa County,Ohio,OH,0.105,3.3199141378251356e-06,0.5916030534351145,0.635210396039604,0.3422391858,0.9945928753180663,0.7926980198019802,0.5844678217821783,0.7354579207920792,0.3567450495049505,0.36726485148514854,0.7642326732673267,0.07317450495049505,0.16367574257425743,0.32054455445544555,0.0294
39125,Paulding County,Ohio,OH,0.1387,2.9164213808569066e-06,0.21151399491094142,0.27537128712871284,0.2789440204,0.7156488549618321,0.48205445544554454,0.4978341584158416,0.525680693069307,0.20173267326732675,0.23205445544554457,0.510519801980198,0.07317450495049505,0.07023514851485149,0.2004950495049505,0.0115
39127,Perry County,Ohio,OH,0.3688,2.303617549598895e-06,0.2598600508905852,0.26608910891089116,0.4834605598,0.44211195928753183,0.2561881188118812,0.4000618811881188,0.34282178217821785,0.4931930693069307,0.13087871287128713,0.6961633663366337,0.6593440594059405,0.20668316831683167,0.6441831683168316,0.026
39129,Pickaway County,Ohio,OH,0.3592,2.3333893213173757e-06,0.5092239185750637,0.5742574257425743,0.2627226463,0.7414122137404582,0.4777227722772277,0.4560643564356436,0.5414603960396039,0.5999381188118812,0.2750618811881188,0.7855816831683168,0.838490099009901,0.2079207920792079,0.6636757425742574,0.0347
39131,Pike County,Ohio,OH,0.6701,2.3001711339768173e-06,0.4312977099236641,0.37159653465346537,0.707697201,0.38581424936386777,0.5244430693069307,0.573019801980198,0.39139851485148514,0.6936881188118812,0.1531559405940594,0.6215965346534653,0.5507425742574258,0.2623762376237624,0.5349628712871287,0.0458
39133,Portage County,Ohio,OH,0.3293,2.307063965220972e-06,0.6507633587786259,0.713799504950495,0.2032442748,0.7620865139949109,0.7775371287128713,0.6698638613861386,0.7125618811881188,0.6646039603960396,0.4495668316831683,0.8310643564356436,0.07317450495049505,0.4084158415841584,0.6890470297029703,0.0441
39135,Preble County,Ohio,OH,0.0328,2.3441203926756083e-06,0.43288804071246817,0.4972153465346534,0.308524173,0.666030534351145,0.7995049504950495,0.4681311881188119,0.7728960396039604,0.3623143564356436,0.48886138613861385,0.6417079207920792,0.31992574257425743,0.1593440594059406,0.38551980198019803,0.019
39137,Putnam County,Ohio,OH,0.0102,0.12498153186767426,0.3285623409669211,0.4801980198019802,0.1275445293,0.9831424936386768,0.5442450495049505,0.5563118811881188,0.49876237623762376,0.286509900990099,0.2871287128712871,0.6141707920792079,0.07317450495049505,0.04919554455445545,0.32363861386138615,0.0209
39139,Richland County,Ohio,OH,0.5329,2.3001711339768173e-06,0.61323155216285,0.6395420792079208,0.39344783720000004,0.8113867684478372,0.7085396039603961,0.5897277227722773,0.6336633663366337,0.6961633663366337,0.4542079207920792,0.8982054455445545,0.07317450495049505,0.37345297029702973,0.6933787128712872,0.0472
39141,Ross County,Ohio,OH,0.5931,2.3555945764197884e-06,0.6288167938931297,0.6271658415841584,0.48982188299999996,0.6536259541984732,0.5906559405940595,0.5219678217821783,0.5748762376237624,0.7877475247524752,0.27970297029702973,0.7896039603960396,0.6970915841584159,0.4993811881188119,0.931930693069307,0.0521
39143,Sandusky County,Ohio,OH,0.2622,0.0,0.5674300254452926,0.6024133663366337,0.3454198473,0.8778625954198473,0.7404084158415841,0.5912747524752475,0.7221534653465347,0.400990099009901,0.5043316831683168,0.8196163366336634,0.07317450495049505,0.08941831683168316,0.5566212871287128,0.0335
39145,Scioto County,Ohio,OH,0.7474,2.305149289875374e-06,0.7022900763358778,0.6939975247524752,0.49459287529999996,0.5508905852417303,0.744740099009901,0.5788985148514851,0.46472772277227725,0.9121287128712872,0.24814356435643564,0.7116336633663366,0.30383663366336633,0.3598391089108911,0.7199876237623762,0.0654
39147,Seneca County,Ohio,OH,0.2265,2.3001711339768173e-06,0.4685114503816794,0.5334158415841584,0.2878498728,0.8727735368956744,0.5594059405940595,0.5850866336633663,0.5915841584158416,0.36788366336633666,0.5281559405940595,0.7685643564356436,0.07317450495049505,0.054764851485148515,0.5491955445544554,0.0259
39149,Shelby County,Ohio,OH,0.1467,2.3393854147020457e-06,0.5620229007633588,0.5584777227722773,0.5143129771,0.9188931297709925,0.5386757425742574,0.5597153465346535,0.6939975247524752,0.3310643564356436,0.46163366336633666,0.7215346534653465,0.14975247524752475,0.12778465346534654,0.7586633663366337,0.0281
39151,Stark County,Ohio,OH,0.3147,2.3812671321763444e-06,0.8794529262086515,0.8852103960396039,0.2999363868,0.8597328244274809,0.8660272277227723,0.6899752475247525,0.880259900990099,0.8530321782178217,0.8468440594059405,0.906559405940594,0.36014851485148514,0.5034034653465347,0.937809405940594,0.0628
39153,Summit County,Ohio,OH,0.4407,2.32343838858206e-06,0.9115776081424936,0.9081064356435643,0.38040712470000004,0.818384223918575,0.9712252475247525,0.7125618811881188,0.9136757425742574,0.906559405940594,0.7592821782178217,0.9538985148514851,0.07317450495049505,0.5445544554455446,0.9551361386138614,0.0709
39155,Trumbull County,Ohio,OH,0.5533,2.366095022025004e-06,0.8447837150127225,0.8146658415841584,0.6561704835000001,0.6930661577608143,0.9702970297029703,0.7728960396039604,0.9108910891089109,0.7645420792079208,0.3561262376237624,0.8254950495049505,0.07317450495049505,0.45235148514851486,0.8477722772277227,0.0689
39157,Tuscarawas County,Ohio,OH,0.4216,0.029407400739998375,0.6902035623409669,0.6268564356435643,0.7550890585000001,0.6555343511450382,0.6129331683168316,0.6138613861386139,0.4801980198019802,0.6683168316831684,0.3004331683168317,0.7608292079207921,0.6630569306930693,0.3994430693069307,0.8125,0.0522
39159,Union County,Ohio,OH,0.0172,2.3001711339768173e-06,0.32729007633587787,0.5878712871287128,0.10623409669999999,0.9751908396946563,0.34560643564356436,0.4291460396039604,0.5086633663366337,0.5102103960396039,0.23948019801980197,0.7682549504950495,0.3728341584158416,0.0671410891089109,0.38304455445544555,0.0127
39161,Van Wert County,Ohio,OH,0.0449,0.05548033588766785,0.2010178117048346,0.28836633663366334,0.2162849873,0.95706106870229,0.7103960396039604,0.47957920792079206,0.49597772277227725,0.23452970297029702,0.2558787128712871,0.4260519801980198,0.07317450495049505,0.06064356435643564,0.24969059405940594,0.0104
39163,Vinton County,Ohio,OH,0.3595,2.3001711339768173e-06,0.11800254452926208,0.07611386138613861,0.7468193384,0.10846055979643769,0.14882425742574257,0.5061881188118812,0.23483910891089108,0.4405940594059406,0.12623762376237624,0.5529084158415841,0.42017326732673266,0.06652227722772278,0.36107673267326734,0.0304
39165,Warren County,Ohio,OH,0.0461,2.621023099127743e-06,0.7779898218829515,0.8657178217821783,0.10623409669999999,0.8959923664122137,0.7676361386138614,0.4161509900990099,0.838490099009901,0.6707920792079208,0.8208539603960396,0.8883044554455446,0.48886138613861385,0.3935643564356436,0.838180693069307,0.0446
39167,Washington County,Ohio,OH,0.3274,2.316652105988864e-06,0.6440839694656488,0.6389232673267327,0.49236641220000005,0.5206743002544529,0.5253712871287128,0.6837871287128713,0.349009900990099,0.6577970297029703,0.18873762376237624,0.7490717821782178,0.6296410891089109,0.24721534653465346,0.6472772277227723,0.046
39169,Wayne County,Ohio,OH,0.4123,2.3001711339768173e-06,0.6485368956743003,0.6386138613861386,0.5260814249,0.6959287531806616,0.8183787128712872,0.6451113861386139,0.7676361386138614,0.693069306930693,0.536819306930693,0.8400371287128713,0.1661509900990099,0.40439356435643564,0.7663985148514851,0.0464
39171,Williams County,Ohio,OH,0.1785,2.3001711339768173e-06,0.4440203562340967,0.4375,0.5687022901000001,0.7951653944020356,0.807240099009901,0.49504950495049505,0.7506188118811881,0.3620049504950495,0.48824257425742573,0.6543935643564357,0.4665841584158416,0.1448019801980198,0.4594678217821782,0.0223
39173,Wood County,Ohio,OH,0.1562,2.3001711339768173e-06,0.6568066157760815,0.8134282178217822,0.10623409669999999,0.9500636132315521,0.5838490099009901,0.5838490099009901,0.8103341584158416,0.4935024752475248,0.5306311881188119,0.8418935643564357,0.07317450495049505,0.15903465346534654,0.48050742574257427,0.0388
39175,Wyandot County,Ohio,OH,0.0487,2.3001711339768173e-06,0.1739821882951654,0.2877475247524752,0.1361323155,0.9048982188295165,0.4192450495049505,0.567759900990099,0.4207920792079208,0.2042079207920792,0.37840346534653463,0.745049504950495,0.07317450495049505,0.03681930693069307,0.4873143564356436,0.0057
40001,Adair County,Oklahoma,OK,0.9472,2.438152612604204e-06,0.5381679389312977,0.42976485148514854,0.7744910941,0.02003816793893129,0.5272277227722773,0.5717821782178217,0.6707920792079208,0.8595297029702971,0.4090346534653465,0.9180074257425742,0.07317450495049505,0.9087252475247525,0.5306311881188119,0.0728
40003,Alfalfa County,Oklahoma,OK,0.3048,2.4948759109288357e-06,0.4064885496183206,0.35396039603960394,0.6940203562,0.4576972010178117,0.38985148514851486,0.42419554455445546,0.46163366336633666,0.49659653465346537,0.8338490099009901,0.9455445544554455,0.9043935643564357,0.620049504950495,0.11602722772277228,0.0297
40005,Atoka County,Oklahoma,OK,0.8556,2.2335224763537283e-06,0.30407124681933845,0.24257425742574257,0.7178753181,0.15807888040712467,0.28248762376237624,0.5235148514851485,0.5111386138613861,0.661819306930693,0.3635519801980198,0.8818069306930693,0.6933787128712872,0.8483910891089109,0.33910891089108913,0.0524
40007,Beaver County,Oklahoma,OK,0.4034,2.285209876426633e-06,0.37818066157760816,0.4235767326732674,0.3298346056,0.03880407124681934,0.6212871287128713,0.4093440594059406,0.36726485148514854,0.1379950495049505,0.5179455445544554,0.9291460396039604,0.9857673267326733,0.8607673267326733,0.1875,0.0448
40009,Beckham County,Oklahoma,OK,0.8403,2.362537481620713e-06,0.5782442748091603,0.45389851485148514,0.8810432570000001,0.20737913486005088,0.8084777227722773,0.4087252475247525,0.8709777227722773,0.6104579207920792,0.6550123762376238,0.963180693069307,0.911819306930693,0.9096534653465347,0.41707920792079206,0.0654
40011,Blaine County,Oklahoma,OK,0.7553,2.2269893283896918e-06,0.32347328244274803,0.32982673267326734,0.4968193384,0.32474554707379133,0.6720297029702971,0.4207920792079208,0.5300123762376238,0.432240099009901,0.5358910891089109,0.9421410891089109,0.8301361386138614,0.6413985148514851,0.06806930693069307,0.0455
40013,Bryan County,Oklahoma,OK,0.8416,2.1985184822155196e-06,0.7455470737913485,0.6633663366336634,0.7872137404999999,0.22041984732824427,0.6157178217821783,0.6014851485148515,0.9489480198019802,0.9254331683168316,0.7107054455445545,0.9560643564356436,0.9040841584158416,0.8787128712871287,0.7976485148514851,0.0792
40015,Caddo County,Oklahoma,OK,0.8705,0.02777227293121611,0.6339058524173028,0.5495049504950495,0.7649491093999999,0.18924936386768448,0.7657797029702971,0.5491955445544554,0.8298267326732673,0.7462871287128713,0.7982673267326733,0.9254331683168316,0.8941831683168316,0.8598391089108911,0.43873762376237624,0.074
40017,Canadian County,Oklahoma,OK,0.3433,2.2986556334157865e-06,0.8349236641221374,0.8818069306930693,0.10623409669999999,0.6211832061068703,0.6451113861386139,0.48205445544554454,0.9517326732673267,0.9328589108910891,0.9130569306930693,0.9860767326732673,0.7122524752475248,0.843440594059406,0.28465346534653463,0.0631
40019,Carter County,Oklahoma,OK,0.7751,0.029847242661976258,0.7487277353689568,0.7073019801980197,0.6415394402,0.42970737913486007,0.8601485148514851,0.5754950495049505,0.9418316831683168,0.9220297029702971,0.6070544554455446,0.9245049504950495,0.833230198019802,0.8873762376237624,0.5826113861386139,0.0748
40021,Cherokee County,Oklahoma,OK,0.9236,0.026310963486784154,0.7690839694656488,0.7094678217821783,0.7048346056,0.18956743002544527,0.5284653465346535,0.4969059405940594,0.8211633663366337,0.932240099009901,0.6259282178217822,0.963490099009901,0.8876856435643564,0.9474009900990099,0.8344678217821783,0.0878
40023,Choctaw County,Oklahoma,OK,0.9485,2.221858820784025e-06,0.49904580152671757,0.31745049504950495,0.9802798982,0.10209923664122139,0.41800742574257427,0.5826113861386139,0.8115717821782178,0.8573638613861386,0.4520420792079208,0.9050123762376238,0.9699876237623762,0.6608910891089109,0.2781559405940594,0.0667
40025,Cimarron County,Oklahoma,OK,0.3134,0.025660879394822367,0.47328244274809156,0.34282178217821785,0.8590966921000001,0.06743002544529263,0.11169554455445545,0.1551670792079208,0.20358910891089108,0.0686881188118812,0.7379331683168316,0.24721534653465346,0.9928836633663366,0.7320544554455446,0.8654084158415841,0.046
40027,Cleveland County,Oklahoma,OK,0.5527,0.008249677736793883,0.9128498727735368,0.9158415841584159,0.266221374,0.5502544529262087,0.963799504950495,0.5303217821782178,0.9641089108910891,0.974009900990099,0.9764851485148515,0.9965965346534653,0.7558787128712872,0.8536509900990099,0.7512376237623762,0.0797
40029,Coal County,Oklahoma,OK,0.8358,0.06894399743796367,0.3241094147582697,0.17141089108910892,0.9767811705,0.09510178117048346,0.18657178217821782,0.4563737623762376,0.5380569306930693,0.5086633663366337,0.33570544554455445,0.807549504950495,0.8369430693069307,0.8719059405940595,0.20823019801980197,0.0595
40031,Comanche County,Oklahoma,OK,0.9211,0.03074367769022765,0.8622773536895673,0.8406559405940596,0.5960559796,0.26590330788804073,0.9746287128712872,0.5931311881188119,0.9563737623762376,0.7831064356435643,0.9136757425742574,0.9644183168316832,0.7419554455445545,0.9306930693069307,0.619430693069307,0.0956
40033,Cotton County,Oklahoma,OK,0.3859,2.271203098740263e-06,0.0489821882951654,0.04672029702970297,0.4621501272,0.35400763358778625,0.3341584158415842,0.42048267326732675,0.30228960396039606,0.3598391089108911,0.16893564356435645,0.4978341584158416,0.7431930693069307,0.6791460396039604,0.054146039603960396,0.0233
40035,Craig County,Oklahoma,OK,0.9316,2.1771646197809324e-06,0.5550254452926209,0.431930693069307,0.8848600509000001,0.33969465648854963,0.651299504950495,0.49814356435643564,0.6772896039603961,0.739480198019802,0.6760519801980198,0.9873143564356436,0.7509282178217822,0.6150990099009901,0.44245049504950495,0.0634
40037,Creek County,Oklahoma,OK,0.5205,2.2022051608968427e-06,0.8323791348600509,0.8152846534653464,0.5562977098999999,0.41348600508905853,0.8988242574257426,0.375,0.9310024752475248,0.9483292079207921,0.9241955445544554,0.9900990099009901,0.7144183168316832,0.9396658415841584,0.6234529702970297,0.072
40039,Custer County,Oklahoma,OK,0.7607,2.228859484774653e-06,0.6202290076335878,0.5838490099009901,0.6230916031,0.4201653944020356,0.8056930693069307,0.4353341584158416,0.9155321782178217,0.630569306930693,0.7119430693069307,0.9696782178217822,0.8722153465346535,0.7744430693069307,0.1661509900990099,0.0614
40041,Delaware County,Oklahoma,OK,0.7878,2.4162136802002567e-06,0.8266539440203562,0.7246287128712872,0.909351145,0.05820610687022901,0.9056311881188119,0.5894183168316832,0.8731435643564357,0.9226485148514851,0.7481435643564357,0.9820544554455446,0.650990099009901,0.9105816831683168,0.7227722772277227,0.0896
40043,Dewey County,Oklahoma,OK,0.3347,0.02124163944186923,0.15648854961832065,0.1633663366336634,0.4694656489,0.4869592875318066,0.4470915841584158,0.3468440594059406,0.40779702970297027,0.2933168316831683,0.3994430693069307,0.9498762376237624,0.8669554455445545,0.7428836633663366,0.04424504950495049,0.0221
40045,Ellis County,Oklahoma,OK,0.5323,2.3666748723503947e-06,0.2477735368956743,0.16181930693069307,0.8486005088999999,0.2681297709923664,0.4099628712871287,0.4436881188118812,0.39851485148514854,0.3146658415841584,0.5402227722772277,0.9504950495049505,0.9375,0.8558168316831684,0.10055693069306931,0.0352
40047,Garfield County,Oklahoma,OK,0.7706,2.268896629186512e-06,0.8209287531806616,0.8118811881188119,0.4955470738,0.41921119592875317,0.7747524752475248,0.47277227722772275,0.9238861386138614,0.8685024752475248,0.9749381188118812,0.9678217821782178,0.8592202970297029,0.5488861386138614,0.36386138613861385,0.0799
40049,Garvin County,Oklahoma,OK,0.546,2.476301287127652e-06,0.6170483460559797,0.6021039603960398,0.5314885496,0.30788804071246817,0.8295173267326733,0.5631188118811881,0.8548886138613861,0.7818688118811881,0.5464108910891089,0.8985148514851485,0.8858292079207921,0.8756188118811881,0.6092202970297029,0.0566
40051,Grady County,Oklahoma,OK,0.434,0.015621834542432763,0.7573155216284987,0.7592821782178217,0.42430025450000003,0.4494274809160305,0.2595915841584158,0.49566831683168316,0.9399752475247525,0.8586014851485149,0.8672648514851485,0.9436881188118812,0.7580445544554455,0.9176980198019802,0.29764851485148514,0.0625
40053,Grant County,Oklahoma,OK,0.2208,2.4925907918123053e-06,0.2776717557251908,0.23978960396039603,0.6777989822000001,0.6071882951653944,0.1905940594059406,0.3774752475247525,0.38211633663366334,0.6608910891089109,0.7413366336633663,0.9415222772277227,0.8703589108910891,0.45853960396039606,0.09436881188118812,0.0177
40055,Greer County,Oklahoma,OK,0.727,1.996719024110266e-06,0.17080152671755722,0.10829207920792079,0.8222010177999999,0.125,0.6652227722772277,0.36788366336633666,0.5423886138613861,0.4260519801980198,0.30074257425742573,0.75,0.9282178217821783,0.6915222772277227,0.1311881188118812,0.0442
40057,Harmon County,Oklahoma,OK,0.7572,1.610248998007239e-06,0.10209923664122139,0.05940594059405942,0.8075699745999999,0.03021628498727735,0.5983910891089109,0.3842821782178218,0.35457920792079206,0.2840346534653465,0.2317450495049505,0.6039603960396039,0.9220297029702971,0.5909653465346535,0.08044554455445545,0.0471
40059,Harper County,Oklahoma,OK,0.4028,0.04347705486725,0.4567430025445292,0.3570544554455445,0.7744910941,0.051208651399491094,0.2744430693069307,0.4709158415841584,0.3245668316831683,0.32580445544554454,0.7199876237623762,0.974319306930693,0.9876237623762376,0.8242574257425742,0.09653465346534654,0.0506
40061,Haskell County,Oklahoma,OK,0.8387,1.6944788992783145e-06,0.3050254452926209,0.327970297029703,0.41698473280000004,0.09637404580152673,0.2354579207920792,0.5609529702970297,0.4777227722772277,0.6478960396039604,0.20699257425742573,0.7923886138613861,0.9409034653465347,0.9201732673267327,0.3224009900990099,0.0546
40063,Hughes County,Oklahoma,OK,0.7945,0.15788138619666067,0.34033078880407125,0.33384900990099015,0.5267175573,0.1275445292620865,0.2438118811881188,0.5396039603960396,0.6525371287128713,0.6314975247524752,0.5405321782178217,0.8678836633663366,0.661819306930693,0.8997524752475248,0.31219059405940597,0.066
40065,Jackson County,Oklahoma,OK,0.6981,2.3415968988704315e-06,0.8603689567430025,0.8493193069306932,0.49236641220000005,0.25540712468193383,0.999690594059406,0.4474009900990099,0.7076113861386139,0.7772277227722773,0.5148514851485149,0.8517945544554455,0.8558168316831684,0.6686262376237624,0.16212871287128713,0.0855
40067,Jefferson County,Oklahoma,OK,0.8056,1.8487598204385692e-06,0.20896946564885496,0.12283415841584161,0.8956743003,0.1428117048346056,0.6853341584158416,0.5009282178217822,0.5553836633663366,0.5170173267326733,0.26021039603960394,0.6469678217821783,0.9192450495049505,0.7883663366336634,0.09405940594059406,0.0475
40069,Johnston County,Oklahoma,OK,0.875,0.03120888813989308,0.2538167938931297,0.1478960396039604,0.9118956743,0.23695928753180662,0.3415841584158416,0.4848391089108911,0.6024133663366337,0.7116336633663366,0.33941831683168316,0.8551980198019802,0.8186881188118812,0.8264232673267327,0.2818688118811881,0.051
40071,Kay County,Oklahoma,OK,0.8549,2.2537067711077233e-06,0.7986641221374046,0.7558787128712872,0.6739821883,0.47837150127226463,0.6423267326732673,0.44090346534653463,0.9356435643564357,0.8208539603960396,0.9396658415841584,0.9433787128712872,0.8406559405940595,0.8876856435643564,0.6011757425742574,0.0788
40073,Kingfisher County,Oklahoma,OK,0.398,0.058776113939646456,0.568384223918575,0.562190594059406,0.4802798982,0.3282442748091603,0.7512376237623762,0.5139232673267327,0.8152846534653465,0.6376856435643564,0.807240099009901,0.9396658415841584,0.7753712871287128,0.5355816831683168,0.10550742574257425,0.0519
40075,Kiowa County,Oklahoma,OK,0.741,0.07691900895886578,0.35782442748091603,0.2484529702970297,0.8819974555000001,0.4068066157760814,0.6782178217821783,0.47648514851485146,0.7314356435643564,0.7026608910891089,0.4557549504950495,0.8264232673267327,0.9077970297029703,0.724009900990099,0.07827970297029703,0.0496
40077,Latimer County,Oklahoma,OK,0.8396,2.1665199460442575e-06,0.3463740458015267,0.2042079207920792,0.9516539439999999,0.20165394402035625,0.26639851485148514,0.531559405940594,0.536819306930693,0.6723391089108911,0.23731435643564355,0.880259900990099,0.07317450495049505,0.9282178217821783,0.34715346534653463,0.0518
40079,Le Flore County,Oklahoma,OK,0.924,2.402879508456832e-06,0.8269720101781171,0.7419554455445545,0.8546437659,0.0489821882951654,0.750309405940594,0.6732673267326733,0.885519801980198,0.9282178217821783,0.5810643564356436,0.9709158415841584,0.9551361386138614,0.9619430693069307,0.7800123762376238,0.0952
40081,Lincoln County,Oklahoma,OK,0.4101,0.05865408040008987,0.7131043256997455,0.6011757425742574,0.8746819338,0.27735368956743,0.3660272277227723,0.3972772277227723,0.8895420792079208,0.8681930693069307,0.8954207920792079,0.9344059405940595,0.8852103960396039,0.9300742574257426,0.4511138613861386,0.0634
40083,Logan County,Oklahoma,OK,0.3003,0.039967788992722283,0.7468193384223919,0.7679455445544554,0.3244274809,0.6428117048346056,0.6664603960396039,0.4118193069306931,0.9294554455445545,0.8725247524752475,0.9365717821782178,0.9449257425742574,0.8032178217821783,0.7905321782178217,0.19183168316831684,0.0554
40085,Love County,Oklahoma,OK,0.7961,2.6127702151752992e-06,0.21119592875318063,0.20080445544554457,0.5493002545,0.33524173027989823,0.7097772277227723,0.4879331683168317,0.5931311881188119,0.5748762376237624,0.21287128712871287,0.645730198019802,0.8663366336633663,0.7991955445544554,0.1448019801980198,0.0421
40087,McClain County,Oklahoma,OK,0.2991,0.03222610862888533,0.6281806615776081,0.6868811881188119,0.2430025445,0.6297709923664122,0.2073019801980198,0.4248143564356436,0.8941831683168316,0.8171410891089109,0.7534034653465347,0.9028465346534653,0.7657797029702971,0.875309405940594,0.25123762376237624,0.0455
40089,McCurtain County,Oklahoma,OK,0.8976,0.03831141848212097,0.7204198473282443,0.5748762376237624,0.9217557252,0.060432569974554706,0.8830445544554455,0.6735767326732673,0.7732054455445545,0.8344678217821783,0.520730198019802,0.9446163366336634,0.9180074257425742,0.7821782178217822,0.6735767326732673,0.0861
40091,McIntosh County,Oklahoma,OK,0.7528,0.00023563989637364878,0.6577608142493638,0.4808168316831683,0.9844147583,0.05534351145038168,0.5327970297029703,0.5785891089108911,0.8007425742574258,0.9087252475247525,0.557240099009901,0.9347153465346535,0.9340965346534653,0.9093440594059405,0.8465346534653465,0.0724
40093,Major County,Oklahoma,OK,0.3579,0.07684320770488223,0.3419211195928753,0.3725247524752475,0.4252544529,0.344147582697201,0.33632425742574257,0.4260519801980198,0.42728960396039606,0.47741336633663367,0.7682549504950495,0.9316212871287128,0.8626237623762376,0.6701732673267327,0.09282178217821782,0.038
40095,Marshall County,Oklahoma,OK,0.8769,7.881020015480373e-05,0.4898218829516539,0.33199257425742573,0.9246183206,0.10877862595419847,0.8818069306930693,0.500309405940594,0.8186881188118812,0.7583539603960396,0.3941831683168317,0.8941831683168316,0.7379331683168316,0.7982673267326733,0.4375,0.0636
40097,Mayes County,Oklahoma,OK,0.7499,3.268662826594974e-06,0.7757633587786259,0.6893564356435643,0.8323791348999999,0.25159033078880405,0.9260519801980198,0.5473391089108911,0.8861386138613861,0.911200495049505,0.7042079207920792,0.989480198019802,0.719059405940594,0.8601485148514851,0.8737623762376238,0.0777
40099,Murray County,Oklahoma,OK,0.5775,0.06660204142412035,0.32538167938931295,0.2623762376237624,0.7201017812,0.17684478371501272,0.5470297029702971,0.46875,0.6949257425742574,0.6602722772277227,0.3694306930693069,0.8205445544554455,0.6859529702970297,0.8285891089108911,0.3941831683168317,0.0481
40101,Muskogee County,Oklahoma,OK,0.9774,0.07675670350135952,0.82029262086514,0.7595915841584159,0.7986641220999999,0.4150763358778626,0.8369430693069307,0.614480198019802,0.9102722772277227,0.9477103960396039,0.7586633663366337,0.9845297029702971,0.8997524752475248,0.8926361386138614,0.7899133663366337,0.0925
40103,Noble County,Oklahoma,OK,0.4458,2.402879508456832e-06,0.4395674300254453,0.33879950495049505,0.8657760814,0.5687022900763359,0.34529702970297027,0.43626237623762376,0.7017326732673267,0.666769801980198,0.8063118811881188,0.8613861386138614,0.8604579207920792,0.760519801980198,0.17017326732673269,0.0338
40105,Nowata County,Oklahoma,OK,0.6529,2.3001711339768173e-06,0.40776081424936383,0.2747524752475248,0.8956743003,0.1962468193384224,0.9418316831683168,0.4495668316831683,0.6503712871287128,0.6525371287128713,0.651299504950495,0.9412128712871287,0.687809405940594,0.556930693069307,0.3087871287128713,0.0483
40107,Okfuskee County,Oklahoma,OK,0.8715,2.6603549943883375e-06,0.40394402035623417,0.24226485148514848,0.9615139949,0.15712468193384224,0.32116336633663367,0.43657178217821785,0.4935024752475248,0.7441212871287128,0.390779702970297,0.8963490099009901,0.9641089108910891,0.9189356435643564,0.3313737623762376,0.0569
40109,Oklahoma County,Oklahoma,OK,0.8431,2.4044635241682566e-06,0.9793256997455473,0.9761757425742574,0.4907760814,0.3931297709923664,0.8431311881188119,0.6256188118811881,0.9953589108910891,0.9953589108910891,0.9727722772277227,0.9981435643564357,0.718440594059406,0.8923267326732673,0.9204826732673267,0.1001
40111,Okmulgee County,Oklahoma,OK,0.922,2.6263128129005926e-06,0.7461832061068702,0.6577970297029703,0.8209287532,0.28276081424936395,0.6280940594059405,0.4310024752475248,0.8508663366336634,0.9108910891089109,0.7654702970297029,0.9851485148514851,0.9523514851485149,0.9195544554455446,0.5504331683168316,0.0803
40113,Osage County,Oklahoma,OK,0.6207,2.3670805808403228e-06,0.7808524173027991,0.7042079207920792,0.8091603053,0.35909669211195927,0.6243811881188119,0.46782178217821785,0.8904702970297029,0.9127475247524752,0.8211633663366337,0.9662747524752475,0.8935643564356436,0.9489480198019802,0.5495049504950495,0.0708
40115,Ottawa County,Oklahoma,OK,0.9252,2.315105601672487e-06,0.7604961832061069,0.6599628712871286,0.8823155216,0.2948473282442748,0.9164603960396039,0.5108292079207921,0.7431930693069307,0.864480198019802,0.6314975247524752,0.9876237623762376,0.974009900990099,0.6581064356435643,0.5420792079207921,0.0811
40117,Pawnee County,Oklahoma,OK,0.4979,2.5410983205365593e-06,0.48091603053435117,0.39758663366336633,0.7738549618,0.2779898218829516,0.6141707920792079,0.36014851485148514,0.708230198019802,0.7428836633663366,0.7824876237623762,0.9334777227722773,0.7976485148514851,0.8715965346534653,0.15284653465346534,0.0451
40119,Payne County,Oklahoma,OK,0.6408,2.3537581119663905e-06,0.8393765903307887,0.8378712871287128,0.4252544529,0.4681933842239186,0.8155940594059405,0.484529702970297,0.9486386138613861,0.8719059405940595,0.9706064356435643,0.9749381188118812,0.7252475247524752,0.8988242574257426,0.4350247524752475,0.0762
40121,Pittsburg County,Oklahoma,OK,0.868,0.05262107946687435,0.7328244274809159,0.6336633663366337,0.8597328244000001,0.3819974554707379,0.5748762376237624,0.5853960396039604,0.8171410891089109,0.900680693069307,0.6132425742574258,0.9600866336633663,0.9511138613861386,0.9532797029702971,0.635519801980198,0.0786
40123,Pontotoc County,Oklahoma,OK,0.6561,0.031742412284978545,0.6291348600508906,0.6231435643564357,0.5006361323,0.63676844783715,0.7314356435643564,0.4594678217821782,0.8876856435643564,0.7979579207920792,0.6318069306930693,0.932240099009901,0.7626856435643564,0.9043935643564357,0.8292079207920792,0.0571
40125,Pottawatomie County,Oklahoma,OK,0.7496,0.04165751977077945,0.8231552162849873,0.7772277227722771,0.7503180662,0.5419847328244276,0.7023514851485149,0.5377475247524752,0.9665841584158416,0.9294554455445545,0.8545792079207921,0.9603960396039604,0.8233292079207921,0.9245049504950495,0.7846534653465347,0.0793
40127,Pushmataha County,Oklahoma,OK,0.8896,2.497942798121378e-06,0.32792620865139954,0.1902846534653465,0.9440203562,0.1297709923664122,0.25804455445544555,0.4938118811881188,0.5581683168316832,0.7175123762376238,0.2589727722772277,0.8879950495049505,0.7920792079207921,0.8901608910891089,0.29207920792079206,0.055
40129,Roger Mills County,Oklahoma,OK,0.2835,2.5460818600046336e-06,0.2318702290076336,0.12345297029702967,0.9561068702,0.17525445292620867,0.6485148514851485,0.3917079207920792,0.40748762376237624,0.2691831683168317,0.41707920792079206,0.7530940594059405,0.9458539603960396,0.8944925742574258,0.10767326732673267,0.0283
40131,Rogers County,Oklahoma,OK,0.3878,0.028533881903675683,0.8005725190839695,0.8115717821782178,0.36386768449999995,0.5527989821882953,0.6844059405940595,0.4412128712871287,0.8193069306930693,0.9498762376237624,0.8171410891089109,0.9839108910891089,0.7348391089108911,0.8638613861386139,0.7360767326732673,0.0641
40133,Seminole County,Oklahoma,OK,0.9523,2.4203993157321417e-06,0.5712468193384224,0.46410891089108913,0.8059796438,0.0979643765903308,0.5801361386138614,0.5095915841584159,0.7926980198019802,0.8814975247524752,0.6404702970297029,0.8870668316831684,0.7017326732673267,0.9136757425742574,0.5015470297029703,0.0727
40135,Sequoyah County,Oklahoma,OK,0.8183,3.362769596655215e-06,0.7910305343511449,0.6587252475247525,0.9367048346,0.05025445292620865,0.7797029702970297,0.5659034653465347,0.8641707920792079,0.9542079207920792,0.6571782178217822,0.9616336633663366,0.8109529702970297,0.9622524752475248,0.8904702970297029,0.0871
40137,Stephens County,Oklahoma,OK,0.6892,2.39612339104131e-06,0.6593511450381679,0.6448019801980197,0.5279898219,0.2697201017811705,0.8505569306930693,0.48576732673267325,0.9003712871287128,0.8357054455445545,0.7097772277227723,0.8898514851485149,0.7537128712871287,0.8886138613861386,0.38582920792079206,0.0661
40139,Texas County,Oklahoma,OK,0.9084,2.375280924828236e-06,0.5664758269720102,0.59375,0.3244274809,0.022264631043257,0.4656559405940594,0.1551670792079208,0.604269801980198,0.21163366336633663,0.870049504950495,0.7017326732673267,0.9904084158415841,0.838799504950495,0.7014232673267327,0.0754
40141,Tillman County,Oklahoma,OK,0.9125,0.030252761851757112,0.1342239185750636,0.10457920792079207,0.6886132316,0.19529262086513996,0.6098391089108911,0.5188737623762376,0.42698019801980197,0.5015470297029703,0.29610148514851486,0.7202970297029703,0.8824257425742574,0.5399133663366337,0.055074257425742575,0.0504
40143,Tulsa County,Oklahoma,OK,0.7846,0.0164994868502371,0.9790076335877863,0.9749381188118812,0.5114503817,0.43670483460559795,0.994430693069307,0.6021039603960396,0.9910272277227723,0.9965965346534653,0.9449257425742574,0.9975247524752475,0.7422648514851485,0.9149133663366337,0.9207920792079208,0.0982
40145,Wagoner County,Oklahoma,OK,0.4489,2.3001711339768173e-06,0.7325063613231552,0.7620668316831682,0.2837150127,0.4300254452926209,0.32982673267326734,0.4198638613861386,0.7280321782178217,0.942450495049505,0.7617574257425742,0.9817450495049505,0.901299504950495,0.8217821782178217,0.6958539603960396,0.0606
40147,Washington County,Oklahoma,OK,0.5867,2.3810294897206737e-06,0.7611323155216286,0.7394801980198021,0.5467557252,0.5938295165394402,0.5408415841584159,0.4718440594059406,0.9291460396039604,0.9146039603960396,0.7985767326732673,0.9548267326732673,0.6766707920792079,0.7902227722772277,0.5392945544554455,0.0638
40149,Washita County,Oklahoma,OK,0.5947,3.506242830304502e-06,0.3193384223918575,0.21349009900990099,0.8753180662,0.21533078880407125,0.6868811881188119,0.44492574257425743,0.6178836633663366,0.4715346534653465,0.5430074257425742,0.8969678217821783,0.9093440594059405,0.6974009900990099,0.10396039603960396,0.0416
40151,Woods County,Oklahoma,OK,0.5584,0.05257735451694803,0.280852417302799,0.41274752475247517,0.1437659033,0.6749363867684478,0.1974009900990099,0.4003712871287129,0.3536509900990099,0.4495668316831683,0.8403465346534653,0.7521658415841584,0.8208539603960396,0.7537128712871287,0.11448019801980198,0.0349
40153,Woodward County,Oklahoma,OK,0.7611,0.07389776847274014,0.41634860050890593,0.44523514851485146,0.39885496179999996,0.14980916030534353,0.5507425742574258,0.4124381188118812,0.5269183168316832,0.7676361386138614,0.6240717821782178,0.9034653465346535,0.8041460396039604,0.895730198019802,0.17728960396039603,0.0618
41001,Baker County,Oregon,OR,0.4811,2.3001711339768173e-06,0.48155216284987284,0.42759900990099015,0.6937022901000001,0.4599236641221374,0.12469059405940594,0.1551670792079208,0.08508663366336634,0.4245049504950495,0.19245049504950495,0.25464108910891087,0.18997524752475248,0.9616336633663366,0.25464108910891087,0.0404
41003,Benton County,Oregon,OR,0.5005,2.9164213808569066e-06,0.8435114503816794,0.8688118811881188,0.18447837150000002,0.9697837150127225,0.15810643564356436,0.1551670792079208,0.15037128712871287,0.812190594059406,0.1782178217821782,0.5962252475247525,0.1630569306930693,0.3876856435643564,0.4275990099009901,0.0657
41005,Clackamas County,Oregon,OR,0.3023,2.3001711339768173e-06,0.9487913486005088,0.9634900990099008,0.1339058524,0.6908396946564885,0.9356435643564357,0.1551670792079208,0.3978960396039604,0.9563737623762376,0.9532797029702971,0.9152227722772277,0.1646039603960396,0.8712871287128713,0.8363242574257426,0.0719
41007,Clatsop County,Oregon,OR,0.5813,0.0,0.9506997455470738,0.9396658415841584,0.6717557252,0.7458651399491094,0.2385519801980198,0.1551670792079208,0.1448019801980198,0.44183168316831684,0.22586633663366337,0.4591584158415842,0.14665841584158415,0.4591584158415842,0.2020420792079208,0.0808
41009,Columbia County,Oregon,OR,0.2453,0.0,0.7067430025445293,0.7577351485148515,0.2121501272,0.6561704834605598,0.25773514851485146,0.1551670792079208,0.15655940594059406,0.9081064356435643,0.3270420792079208,0.4316212871287129,0.07317450495049505,0.3239480198019802,0.06621287128712872,0.047
41011,Coos County,Oregon,OR,0.7661,2.3001711339768173e-06,0.9188931297709925,0.8972772277227723,0.6723918575000001,0.48155216284987284,0.08632425742574257,0.1551670792079208,0.06745049504950495,0.5198019801980198,0.024133663366336634,0.18997524752475248,0.16429455445544555,0.6571782178217822,0.2691831683168317,0.0882
41013,Crook County,Oregon,OR,0.356,0.0,0.33587786259541985,0.33941831683168316,0.5359414758,0.6017811704834607,0.13211633663366337,0.1551670792079208,0.06188118811881188,0.2537128712871287,0.2614480198019802,0.25154702970297027,0.18007425742574257,0.9523514851485149,0.6209777227722773,0.0256
41015,Curry County,Oregon,OR,0.6067,2.3001711339768173e-06,0.8654580152671756,0.8149752475247525,0.8136132316,0.31743002544529264,0.07766089108910891,0.1551670792079208,0.05693069306930693,0.43007425742574257,0.024133663366336634,0.11695544554455446,0.16491336633663367,0.9359529702970297,0.15068069306930693,0.0801
41017,Deschutes County,Oregon,OR,0.2634,2.3001711339768173e-06,0.8492366412213741,0.8719059405940596,0.18734096690000002,0.6914758269720102,0.44771039603960394,0.1551670792079208,0.11231435643564357,0.5578589108910891,0.6726485148514851,0.5807549504950495,0.1760519801980198,0.9783415841584159,0.8756188118811881,0.0601
41019,Douglas County,Oregon,OR,0.6487,2.3001711339768173e-06,0.9293893129770991,0.9031559405940597,0.7907124682,0.44338422391857507,0.26330445544554454,0.1551670792079208,0.08972772277227722,0.8793316831683168,0.05971534653465346,0.7784653465346535,0.1859529702970297,0.9789603960396039,0.47679455445544555,0.0858
41021,Gilliam County,Oregon,OR,0.5282,1.6838154528418724e-06,0.027353689567430027,0.01887376237623762,0.6603053434999999,0.3250636132315521,0.07889851485148515,0.1551670792079208,0.040532178217821783,0.1608910891089109,0.12871287128712872,0.1921410891089109,0.18100247524752475,0.8861386138613861,0.2905321782178218,0.029
41023,Grant County,Oregon,OR,0.5784,2.3001711339768173e-06,0.3212468193384224,0.23948019801980203,0.7996183206,0.30279898218829515,0.07982673267326733,0.1551670792079208,0.04950495049504951,0.31961633663366334,0.16800742574257427,0.21349009900990099,0.1624381188118812,0.9375,0.7623762376237624,0.0388
41025,Harney County,Oregon,OR,0.8034,0.16649139102568378,0.23664122137404578,0.19771039603960397,0.649173028,0.205470737913486,0.04362623762376237,0.1551670792079208,0.05136138613861386,0.27784653465346537,0.05198019801980198,0.13923267326732675,0.2141089108910891,0.9585396039603961,0.37469059405940597,0.06
41027,Hood River County,Oregon,OR,0.7111,2.248279004318212e-06,0.32061068702290074,0.5027846534653466,0.10623409669999999,0.6065521628498728,0.3620049504950495,0.1551670792079208,0.09096534653465346,0.4771039603960396,0.3499381188118812,0.8564356435643564,0.17388613861386137,0.9492574257425742,0.1958539603960396,0.0398
41029,Jackson County,Oregon,OR,0.7025,2.669134251278089e-06,0.9252544529262089,0.9257425742574256,0.3998091603,0.4805979643765903,0.29857673267326734,0.1551670792079208,0.0906559405940594,0.9511138613861386,0.11169554455445545,0.24969059405940594,0.1921410891089109,0.9907178217821783,0.6150990099009901,0.0871
41031,Jefferson County,Oregon,OR,0.9278,2.2742250691475146e-06,0.29866412213740456,0.36386138613861385,0.2868956743,0.3110687022900763,0.15532178217821782,0.1551670792079208,0.056002475247524754,0.24721534653465346,0.3310643564356436,0.255259900990099,0.2094678217821782,0.9504950495049505,0.693069306930693,0.0516
41033,Josephine County,Oregon,OR,0.7817,0.0,0.90235368956743,0.8784034653465347,0.6638040712,0.4980916030534351,0.13706683168316833,0.1551670792079208,0.07518564356435643,0.8978960396039604,0.0594059405940594,0.19245049504950495,0.1639851485148515,0.9925742574257426,0.3183787128712871,0.0866
41035,Klamath County,Oregon,OR,0.8438,2.497942798121378e-06,0.7792620865139949,0.7481435643564357,0.5861959288,0.25699745547073793,0.09344059405940594,0.1551670792079208,0.06930693069306931,0.7097772277227723,0.6977103960396039,0.2667079207920792,0.26701732673267325,0.9455445544554455,0.4931930693069307,0.0823
41037,Lake County,Oregon,OR,0.8517,0.0,0.19083969465648856,0.17419554455445543,0.5807888041,0.15298982188295165,0.038366336633663366,0.1551670792079208,0.04702970297029703,0.27042079207920794,0.14232673267326731,0.15996287128712872,0.2233910891089109,0.8951113861386139,0.23669554455445543,0.0486
41039,Lane County,Oregon,OR,0.7375,2.4179026434839774e-06,0.964058524173028,0.9644183168316832,0.44592875319999997,0.660941475826972,0.5841584158415841,0.1551670792079208,0.2311262376237624,0.9405940594059405,0.45544554455445546,0.844059405940594,0.1875,0.6958539603960396,0.8793316831683168,0.0893
41041,Lincoln County,Oregon,OR,0.7165,2.222332939488909e-06,0.8994910941475827,0.8601485148514851,0.8441475826999999,0.5388040712468194,0.17110148514851486,0.1551670792079208,0.13613861386138615,0.4031559405940594,0.1630569306930693,0.8787128712871287,0.15068069306930693,0.5213490099009901,0.30136138613861385,0.0828
41043,Linn County,Oregon,OR,0.6586,2.3001711339768173e-06,0.8810432569974553,0.879641089108911,0.4134860051,0.6195928753180662,0.8663366336633663,0.1551670792079208,0.18038366336633663,0.8635519801980198,0.35241336633663367,0.5714727722772277,0.19306930693069307,0.5952970297029703,0.708230198019802,0.0781
41045,Malheur County,Oregon,OR,0.9908,2.3001711339768173e-06,0.34764631043257,0.36726485148514854,0.42239185749999997,0.028625954198473278,0.17790841584158415,0.1551670792079208,0.11262376237623763,0.6086014851485149,0.12840346534653466,0.21534653465346534,0.25742574257425743,0.916769801980198,0.3125,0.0644
41047,Marion County,Oregon,OR,0.902,2.3001711339768173e-06,0.9551526717557253,0.9492574257425743,0.5098600509,0.416030534351145,0.9022277227722773,0.1551670792079208,0.24566831683168316,0.9603960396039604,0.5327970297029703,0.7546410891089109,0.18564356435643564,0.6095297029702971,0.8852103960396039,0.0989
41049,Morrow County,Oregon,OR,0.7735,2.3001711339768173e-06,0.263676844783715,0.32363861386138615,0.266221374,0.02830788804071247,0.15717821782178218,0.1551670792079208,0.06775990099009901,0.520730198019802,0.3375618811881188,0.7985767326732673,0.23205445544554457,0.9217202970297029,0.17945544554455445,0.0532
41051,Multnomah County,Oregon,OR,0.5927,2.3001711339768173e-06,0.9847328244274809,0.9888613861386141,0.2977099237,0.9551526717557253,0.6646039603960396,0.1551670792079208,0.48824257425742573,0.9693688118811881,0.9121287128712872,0.9238861386138614,0.14913366336633663,0.681930693069307,0.4724628712871287,0.0838
41053,Polk County,Oregon,OR,0.6395,2.3001711339768173e-06,0.7283715012722645,0.785891089108911,0.18193384219999997,0.6447201017811705,0.14047029702970298,0.1551670792079208,0.15068069306930693,0.8787128712871287,0.17481435643564355,0.6701732673267327,0.14820544554455445,0.4498762376237624,0.3573638613861386,0.0635
41055,Sherman County,Oregon,OR,0.3376,0.0,0.02894402035623409,0.03650990099009901,0.32029262090000005,0.428117048346056,0.06002475247524752,0.1551670792079208,0.04146039603960396,0.11107673267326733,0.1234529702970297,0.5643564356435643,0.18378712871287128,0.9047029702970297,0.17419554455445543,0.0196
41057,Tillamook County,Oregon,OR,0.6507,2.3001711339768173e-06,0.813295165394402,0.7926980198019803,0.5760178117,0.6183206106870229,0.24504950495049505,0.1551670792079208,0.13211633663366337,0.3502475247524752,0.15068069306930693,0.5,0.14727722772277227,0.4511138613861386,0.14727722772277227,0.0706
41059,Umatilla County,Oregon,OR,0.9259,2.3001711339768173e-06,0.8228371501272265,0.7973391089108911,0.5963740458,0.15903307888040713,0.8372524752475248,0.1551670792079208,0.15408415841584158,0.8706683168316832,0.9458539603960396,0.9390470297029703,0.8323019801980198,0.9625618811881188,0.5646658415841584,0.0925
41061,Union County,Oregon,OR,0.7187,2.3001711339768173e-06,0.4354325699745547,0.4359529702970298,0.5174936387,0.3419211195928753,0.1844059405940594,0.1551670792079208,0.08694306930693069,0.4801980198019802,0.8400371287128713,0.5334158415841584,0.18316831683168316,0.9211014851485149,0.3217821782178218,0.0496
41063,Wallowa County,Oregon,OR,0.4461,2.3001711339768173e-06,0.33969465648854963,0.25866336633663367,0.8349236641000001,0.6606234096692112,0.06961633663366337,0.1551670792079208,0.0686881188118812,0.2564975247524752,0.3879950495049505,0.3629331683168317,0.17202970297029702,0.9288366336633663,0.15717821782178218,0.0273
41065,Wasco County,Oregon,OR,0.8937,0.0,0.678117048346056,0.714108910891089,0.2849872774,0.4481552162849873,0.1745049504950495,0.1551670792079208,0.07332920792079207,0.4467821782178218,0.4467821782178218,0.8530321782178217,0.19771039603960397,0.9814356435643564,0.40160891089108913,0.0715
41067,Washington County,Oregon,OR,0.3703,0.0,0.960241730279898,0.9715346534653464,0.1294529262,0.7430025445292621,0.8063118811881188,0.1551670792079208,0.5442450495049505,0.9675123762376238,0.9040841584158416,0.9201732673267327,0.1463490099009901,0.5222772277227723,0.8224009900990099,0.0748
41069,Wheeler County,Oregon,OR,0.2479,0.0,0.0715648854961832,0.04424504950495051,0.7519083969,0.11895674300254452,0.058787128712871284,0.1551670792079208,0.039294554455445545,0.10148514851485149,0.0853960396039604,0.09251237623762376,0.16336633663366337,0.8904702970297029,0.8790222772277227,0.0253
41071,Yamhill County,Oregon,OR,0.7232,2.3001711339768173e-06,0.8285623409669214,0.8533415841584159,0.2430025445,0.6046437659033079,0.4520420792079208,0.1551670792079208,0.2063737623762376,0.8870668316831684,0.2385519801980198,0.7097772277227723,0.1485148514851485,0.5343440594059405,0.3966584158415842,0.076
42001,Adams County,Pennsylvania,PA,0.21,0.0009485931376498958,0.6752544529262088,0.6998762376237625,0.3619592875,0.6663486005089058,0.7348391089108911,0.8818069306930693,0.4771039603960396,0.6977103960396039,0.2849628712871287,0.5006188118811881,0.8790222772277227,0.45699257425742573,0.5767326732673267,0.0424
42003,Allegheny County,Pennsylvania,PA,0.314,0.010505452886125742,0.9809160305343512,0.9823638613861386,0.326653944,0.9192111959287533,0.9641089108910891,0.8211633663366337,0.9142945544554455,0.9446163366336634,0.9882425742574258,0.9641089108910891,0.07317450495049505,0.6147896039603961,0.9387376237623762,0.0742
42005,Armstrong County,Pennsylvania,PA,0.132,2.0923761159412094e-06,0.693384223918575,0.7063737623762375,0.4287531807,0.8664122137404582,0.327970297029703,0.645730198019802,0.359529702970297,0.33323019801980197,0.11819306930693069,0.328279702970297,0.07317450495049505,0.24102722772277227,0.7233910891089109,0.0386
42007,Beaver County,Pennsylvania,PA,0.2386,2.118638170253275e-06,0.7531806615776081,0.7698019801980197,0.3772264631,0.9182569974554707,0.7874381188118812,0.6596534653465347,0.5773514851485149,0.47679455445544555,0.19090346534653466,0.6516089108910891,0.07317450495049505,0.3666460396039604,0.7732054455445545,0.0476
42009,Bedford County,Pennsylvania,PA,0.1868,2.2419547932992204e-06,0.6822519083969466,0.6652227722772277,0.5597964377,0.7305979643765902,0.5436262376237624,0.8353960396039604,0.28032178217821785,0.33570544554455445,0.10488861386138613,0.25742574257425743,0.3103341584158416,0.31157178217821785,0.4467821782178218,0.0405
42011,Berks County,Pennsylvania,PA,0.6659,0.009672650913112361,0.9271628498727735,0.9226485148514852,0.4850508906,0.8555979643765902,0.9795792079207921,0.9446163366336634,0.9087252475247525,0.9467821782178217,0.9334777227722773,0.7858910891089109,0.9173886138613861,0.3966584158415842,0.9569925742574258,0.0811
42013,Blair County,Pennsylvania,PA,0.3108,2.210068526886759e-06,0.7767175572519084,0.7580445544554455,0.5760178117,0.9411577608142494,0.7029702970297029,0.8428217821782178,0.5999381188118812,0.43038366336633666,0.5034034653465347,0.28836633663366334,0.07317450495049505,0.338490099009901,0.775990099009901,0.0515
42015,Bradford County,Pennsylvania,PA,0.3754,2.0731077532595323e-06,0.731234096692112,0.7441212871287128,0.3775445293,0.6701653944020356,0.2973391089108911,0.7732054455445545,0.3341584158415842,0.35117574257425743,0.4282178217821782,0.5272277227722773,0.07317450495049505,0.23824257425742573,0.9108910891089109,0.0529
42017,Bucks County,Pennsylvania,PA,0.1317,0.00024423821786483357,0.9478371501272264,0.9573019801980197,0.1857506361,0.7770356234096693,0.9461633663366337,0.9139851485148515,0.9235767326732673,0.9526608910891089,0.9108910891089109,0.9913366336633663,0.776299504950495,0.567450495049505,0.9198638613861386,0.0644
42019,Butler County,Pennsylvania,PA,0.0786,2.1681937386161074e-06,0.7926208651399491,0.8295173267326733,0.207697201,0.8660941475826972,0.8013613861386139,0.6813118811881188,0.6089108910891089,0.43285891089108913,0.17790841584158415,0.5615717821782178,0.07317450495049505,0.40655940594059403,0.9025371287128713,0.0463
42021,Cambria County,Pennsylvania,PA,0.3605,0.030550049991220973,0.7643129770992367,0.7370049504950493,0.6036895674,0.9653307888040713,0.7462871287128713,0.8236386138613861,0.6485148514851485,0.24597772277227722,0.713180693069307,0.4279084158415842,0.07317450495049505,0.42636138613861385,0.849009900990099,0.0544
42023,Cameron County,Pennsylvania,PA,0.4734,0.0,0.1262722646310433,0.09498762376237624,0.7792620865000001,0.8530534351145039,0.12902227722772278,0.666769801980198,0.1318069306930693,0.06899752475247525,0.13025990099009901,0.1280940594059406,0.07317450495049505,0.03372524752475248,0.2110148514851485,0.0191
42025,Carbon County,Pennsylvania,PA,0.2895,1.703651286015907e-06,0.594147582697201,0.6290222772277227,0.3501908397,0.6116412213740458,0.7911509900990099,0.8007425742574258,0.39573019801980197,0.8276608910891089,0.7738242574257426,0.5408415841584159,0.07317450495049505,0.42945544554455445,0.8811881188118812,0.0397
42027,Centre County,Pennsylvania,PA,0.3344,0.0452728486953899,0.67970737913486,0.6751237623762375,0.5054071247,0.7449109414758268,0.5510519801980198,0.8329207920792079,0.4439975247524752,0.49907178217821785,0.24443069306930693,0.4405940594059406,0.07317450495049505,0.34375,0.895730198019802,0.0492
42029,Chester County,Pennsylvania,PA,0.1244,2.214414964839427e-06,0.9185750636132317,0.9498762376237625,0.10623409669999999,0.8524173027989822,0.9474009900990099,0.9164603960396039,0.8830445544554455,0.9579207920792079,0.8465346534653465,0.8675742574257426,0.9860767326732673,0.32580445544554454,0.9161509900990099,0.0608
42031,Clarion County,Pennsylvania,PA,0.315,2.2277033988264383e-06,0.30025445292620867,0.2948638613861386,0.5683842239,0.7589058524173028,0.4591584158415842,0.7286509900990099,0.307240099009901,0.15532178217821782,0.37345297029702973,0.26392326732673266,0.07317450495049505,0.1859529702970297,0.8143564356435643,0.0202
42033,Clearfield County,Pennsylvania,PA,0.5017,0.025979286662762544,0.6711195928753181,0.6398514851485149,0.6259541985,0.7541348600508906,0.8335396039603961,0.7852722772277227,0.42357673267326734,0.20513613861386137,0.5857054455445545,0.40810643564356436,0.07317450495049505,0.3604579207920792,0.848700495049505,0.0524
42035,Clinton County,Pennsylvania,PA,0.5409,2.4551578131658236e-06,0.5178117048346056,0.47679455445544555,0.6762086514000001,0.6189567430025446,0.8199257425742574,0.7537128712871287,0.29238861386138615,0.27103960396039606,0.12066831683168316,0.12530940594059406,0.07317450495049505,0.1751237623762376,0.6237623762376238,0.042
42037,Columbia County,Pennsylvania,PA,0.2813,1.8758202706120333e-06,0.6205470737913485,0.6670792079207921,0.2999363868,0.888676844783715,0.6240717821782178,0.7803217821782178,0.3787128712871287,0.5420792079207921,0.40501237623762376,0.5321782178217822,0.07317450495049505,0.29517326732673266,0.629950495049505,0.0384
42039,Crawford County,Pennsylvania,PA,0.5842,2.8421286876023703e-06,0.7601781170483458,0.6946163366336634,0.7722646310000001,0.5928753180661578,0.8654084158415841,0.7558787128712872,0.5377475247524752,0.275990099009901,0.25154702970297027,0.6070544554455446,0.07317450495049505,0.3774752475247525,0.8391089108910891,0.0628
42041,Cumberland County,Pennsylvania,PA,0.2068,2.216880730328603e-06,0.8619592875318066,0.8762376237623762,0.2363231552,0.9599236641221374,0.9310024752475248,0.9068688118811881,0.6902846534653465,0.8616955445544554,0.43719059405940597,0.5018564356435643,0.5946782178217822,0.48978960396039606,0.7806311881188119,0.0568
42043,Dauphin County,Pennsylvania,PA,0.5476,0.05554957905315125,0.9106234096692113,0.9068688118811881,0.3784987277,0.9662849872773536,0.9337871287128713,0.9198638613861386,0.8035272277227723,0.8883044554455446,0.6859529702970297,0.5513613861386139,0.5068069306930693,0.40532178217821785,0.8861386138613861,0.0782
42045,Delaware County,Pennsylvania,PA,0.5654,0.00011518356793669924,0.9290712468193384,0.9337871287128712,0.3298346056,0.842557251908397,0.9780321782178217,0.911819306930693,0.926980198019802,0.9767945544554455,0.9176980198019802,0.8793316831683168,0.5541460396039604,0.2964108910891089,0.9573019801980198,0.0773
42047,Elk County,Pennsylvania,PA,0.0824,0.0007627122655460431,0.45197201017811706,0.5157797029702972,0.29643765899999996,0.8848600508905853,0.3963490099009901,0.7308168316831684,0.20327970297029702,0.11231435643564357,0.30847772277227725,0.21503712871287128,0.07317450495049505,0.08415841584158416,0.7951732673267327,0.0197
42049,Erie County,Pennsylvania,PA,0.6242,2.455356854520788e-06,0.840966921119593,0.8285891089108911,0.534351145,0.8492366412213741,0.9390470297029703,0.7855816831683168,0.6748143564356436,0.4279084158415842,0.40594059405940597,0.7221534653465347,0.07317450495049505,0.3864480198019802,0.9610148514851485,0.0697
42051,Fayette County,Pennsylvania,PA,0.5224,2.9858811625618616e-05,0.8222010178117048,0.7797029702970297,0.7347328244000001,0.6739821882951653,0.6698638613861386,0.7042079207920792,0.6967821782178217,0.46132425742574257,0.11014851485148515,0.5479579207920792,0.45544554455445546,0.46720297029702973,0.8189975247524752,0.0656
42053,Forest County,Pennsylvania,PA,0.5072,0.0005931236705145484,0.19910941475826965,0.130259900990099,0.8409669211,0.25,0.2156559405940594,0.6444925742574258,0.16336633663366337,0.07920792079207921,0.1577970297029703,0.16986386138613863,0.07317450495049505,0.07363861386138613,0.9043935643564357,0.0333
42055,Franklin County,Pennsylvania,PA,0.3194,1.5938386010973487e-06,0.7639949109414758,0.7840346534653464,0.3244274809,0.6345419847328244,0.8360148514851485,0.8929455445544554,0.47617574257425743,0.7308168316831684,0.2295792079207921,0.40717821782178215,0.7973391089108911,0.5266089108910891,0.6185024752475248,0.0546
42057,Fulton County,Pennsylvania,PA,0.1184,1.7711549033954203e-06,0.07760814249363868,0.08849009900990099,0.39790076339999997,0.6440839694656488,0.35798267326732675,0.786509900990099,0.17790841584158415,0.21008663366336633,0.08168316831683169,0.16367574257425743,0.27629950495049505,0.24876237623762376,0.13923267326732675,0.0081
42059,Greene County,Pennsylvania,PA,0.342,0.0645600186746378,0.551208651399491,0.5498143564356436,0.4926844784,0.5572519083969466,0.34839108910891087,0.7280321782178217,0.36448019801980197,0.25340346534653463,0.27382425742574257,0.32735148514851486,0.40717821782178215,0.25464108910891087,0.5609529702970297,0.044
42061,Huntingdon County,Pennsylvania,PA,0.3481,1.6326272564940962e-06,0.5025445292620865,0.5179455445544554,0.4621501272,0.6898854961832062,0.8985148514851485,0.786200495049505,0.2905321782178218,0.30754950495049505,0.11231435643564357,0.17048267326732675,0.07317450495049505,0.25030940594059403,0.3694306930693069,0.0337
42063,Indiana County,Pennsylvania,PA,0.4528,0.015078654434593596,0.6370865139949109,0.5819925742574257,0.7051526718,0.6892493638676843,0.48886138613861385,0.7834158415841584,0.44183168316831684,0.3462252475247525,0.588490099009901,0.4084158415841584,0.07317450495049505,0.3963490099009901,0.8449876237623762,0.0474
42065,Jefferson County,Pennsylvania,PA,0.3745,2.0065106559341964e-06,0.5788804071246819,0.4820544554455445,0.8702290076,0.7735368956743001,0.4938118811881188,0.775680693069307,0.3307549504950495,0.16893564356435645,0.48050742574257427,0.31373762376237624,0.07317450495049505,0.18719059405940594,0.8719059405940595,0.0373
42067,Juniata County,Pennsylvania,PA,0.4846,2.315105601672487e-06,0.3880407124681934,0.2988861386138614,0.8117048346,0.5791984732824428,0.5198019801980198,0.8273514851485149,0.28929455445544555,0.3997524752475248,0.15655940594059406,0.19956683168316833,0.07317450495049505,0.1875,0.30167079207920794,0.0323
42069,Lackawanna County,Pennsylvania,PA,0.5558,2.374198980030772e-06,0.8991730279898219,0.8808787128712872,0.606870229,0.851145038167939,0.630259900990099,0.8666460396039604,0.6899752475247525,0.8418935643564357,0.8991336633663366,0.708230198019802,0.07317450495049505,0.43038366336633666,0.9090346534653465,0.0731
42071,Lancaster County,Pennsylvania,PA,0.5399,0.030108754781067844,0.9503816793893128,0.9489480198019803,0.4351145038,0.7006997455470738,0.9214108910891089,0.9665841584158416,0.8038366336633663,0.9464727722772277,0.9105816831683168,0.8329207920792079,0.8929455445544554,0.38923267326732675,0.9641089108910891,0.0825
42073,Lawrence County,Pennsylvania,PA,0.5151,2.2083439185048125e-06,0.6612595419847328,0.6714108910891089,0.44751908399999996,0.7207379134860051,0.5148514851485149,0.6092202970297029,0.3941831683168317,0.3193069306930693,0.18688118811881188,0.47617574257425743,0.07317450495049505,0.2926980198019802,0.7827970297029703,0.0511
42075,Lebanon County,Pennsylvania,PA,0.6176,2.0956758687685035e-06,0.7989821882951653,0.8125,0.3524173028,0.8339694656488551,0.8858292079207921,0.9022277227722773,0.7107054455445545,0.7660891089108911,0.6296410891089109,0.5956064356435643,0.7042079207920792,0.24597772277227722,0.8725247524752475,0.066
42077,Lehigh County,Pennsylvania,PA,0.734,0.05550930198084006,0.9389312977099238,0.9288366336633663,0.5852417303,0.736323155216285,0.9573019801980198,0.9272896039603961,0.8771658415841584,0.9662747524752475,0.9891707920792079,0.7973391089108911,0.6543935643564357,0.3220915841584158,0.958230198019802,0.0896
42079,Luzerne County,Pennsylvania,PA,0.6942,0.06245539188887994,0.9163486005089058,0.8954207920792081,0.6777989822000001,0.7808524173027991,0.791769801980198,0.874690594059406,0.8208539603960396,0.9164603960396039,0.9486386138613861,0.8378712871287128,0.07317450495049505,0.5498143564356436,0.9560643564356436,0.0855
42081,Lycoming County,Pennsylvania,PA,0.5091,2.3422386076371384e-06,0.7958015267175572,0.8022896039603961,0.4188931298,0.8861323155216286,0.8762376237623762,0.8149752475247525,0.5176361386138614,0.5426980198019802,0.3474628712871287,0.18100247524752475,0.07317450495049505,0.28867574257425743,0.6974009900990099,0.0613
42083,McKean County,Pennsylvania,PA,0.3188,2.3001711339768173e-06,0.5378498727735369,0.5071163366336634,0.6230916031,0.647264631043257,0.4310024752475248,0.7162747524752475,0.2651608910891089,0.1373762376237624,0.42017326732673266,0.2818688118811881,0.07317450495049505,0.1265470297029703,0.7506188118811881,0.035
42085,Mercer County,Pennsylvania,PA,0.5278,2.3699789065125978e-06,0.77735368956743,0.7602103960396039,0.5483460560000001,0.7554071246819337,0.7465965346534653,0.7388613861386139,0.5655940594059405,0.3103341584158416,0.2524752475247525,0.4628712871287129,0.07317450495049505,0.3808787128712871,0.8762376237623762,0.0609
42087,Mifflin County,Pennsylvania,PA,0.5934,0.09995975768364809,0.6927480916030534,0.5736386138613861,0.9379770992,0.6036895674300254,0.7834158415841584,0.8319925742574258,0.4337871287128713,0.44801980198019803,0.20173267326732675,0.29207920792079206,0.07317450495049505,0.28589108910891087,0.6720297029702971,0.0641
42089,Monroe County,Pennsylvania,PA,0.4136,2.3686433836301603e-06,0.8508269720101781,0.8555074257425743,0.3454198473,0.214058524173028,0.806930693069307,0.869740099009901,0.6686262376237624,0.7561881188118812,0.9520420792079208,0.7710396039603961,0.07317450495049505,0.5287747524752475,0.96875,0.0758
42091,Montgomery County,Pennsylvania,PA,0.2119,2.3523632128783533e-06,0.9681933842239183,0.9758663366336634,0.1981552163,0.9274809160305345,0.9904084158415841,0.9248143564356436,0.9573019801980198,0.9839108910891089,0.9848391089108911,0.8239480198019802,0.6243811881188119,0.390470297029703,0.7738242574257426,0.0684
42093,Montour County,Pennsylvania,PA,0.3818,0.0,0.14662849872773537,0.1472772277227723,0.5632951654,0.9974554707379135,0.33941831683168316,0.7122524752475248,0.2249381188118812,0.2979579207920792,0.17388613861386137,0.08292079207920793,0.07317450495049505,0.0724009900990099,0.3378712871287129,0.0158
42095,Northampton County,Pennsylvania,PA,0.4038,2.3746888130527438e-06,0.9001272264631042,0.8994430693069307,0.3056615776,0.7372773536895673,0.8208539603960396,0.9040841584158416,0.8143564356435643,0.943069306930693,0.8422029702970297,0.7388613861386139,0.567450495049505,0.30538366336633666,0.9282178217821783,0.0693
42097,Northumberland County,Pennsylvania,PA,0.4206,2.4604753763172494e-06,0.7916666666666665,0.78125,0.5276717557,0.8928117048346056,0.849319306930693,0.8502475247524752,0.4832920792079208,0.6067450495049505,0.49288366336633666,0.5201113861386139,0.07317450495049505,0.33199257425742573,0.724319306930693,0.0573
42099,Perry County,Pennsylvania,PA,0.1737,2.0166738395742445e-06,0.5311704834605598,0.5711633663366337,0.3361959288,0.6774809160305344,0.7481435643564357,0.823019801980198,0.3347772277227723,0.7543316831683168,0.20482673267326731,0.18533415841584158,0.1655321782178218,0.27011138613861385,0.35488861386138615,0.03
42101,Philadelphia County,Pennsylvania,PA,0.9465,0.03763105128080927,0.9958651399491094,0.9938118811881189,0.8810432570000001,0.4847328244274809,0.979269801980198,0.9576113861386139,0.9870049504950495,0.999690594059406,0.9981435643564357,0.9458539603960396,0.23793316831683167,0.3063118811881188,0.963490099009901,0.1066
42103,Pike County,Pennsylvania,PA,0.2405,1.0246215966641385e-06,0.6587150127226464,0.6692450495049505,0.40871501270000005,0.1720737913486005,0.6349009900990099,0.8270420792079208,0.29764851485148514,0.42048267326732675,0.7722772277227723,0.4254331683168317,0.1745049504950495,0.7267945544554455,0.5717821782178217,0.0533
42105,Potter County,Pennsylvania,PA,0.405,1.1295980781738406e-06,0.2814885496183206,0.2521658415841584,0.6603053434999999,0.6924300254452926,0.5457920792079208,0.6896658415841584,0.17357673267326731,0.10024752475247525,0.2568069306930693,0.22772277227722773,0.07317450495049505,0.0594059405940594,0.442759900990099,0.0233
42107,Schuylkill County,Pennsylvania,PA,0.4928,2.3412252011651854e-06,0.8530534351145039,0.8329207920792081,0.6055979644,0.7703562340966922,0.9071782178217822,0.8709777227722773,0.6711014851485149,0.7527846534653465,0.7892945544554455,0.6503712871287128,0.07317450495049505,0.5683787128712872,0.8573638613861386,0.0668
42109,Snyder County,Pennsylvania,PA,0.2819,2.46188784546453e-06,0.5429389312977099,0.5037128712871287,0.6577608142,0.7264631043256999,0.6642945544554455,0.8313737623762376,0.38582920792079206,0.4563737623762376,0.24412128712871287,0.24938118811881188,0.07317450495049505,0.19925742574257427,0.42110148514851486,0.0328
42111,Somerset County,Pennsylvania,PA,0.3618,0.10695086272962248,0.6421755725190841,0.6330445544554454,0.518129771,0.8161577608142494,0.6330445544554455,0.8010519801980198,0.3722153465346535,0.2317450495049505,0.14077970297029702,0.34870049504950495,0.5210396039603961,0.4238861386138614,0.8022896039603961,0.0512
42113,Sullivan County,Pennsylvania,PA,0.2444,2.3001711339768173e-06,0.1071882951653944,0.0875618811881188,0.7223282443,0.972328244274809,0.15377475247524752,0.6955445544554455,0.1454207920792079,0.10272277227722772,0.1311881188118812,0.17852722772277227,0.07317450495049505,0.0853960396039604,0.17852722772277227,0.0099
42115,Susquehanna County,Pennsylvania,PA,0.1814,2.550232630912089e-06,0.5359414758269719,0.5665222772277227,0.3606870229,0.3829516539440203,0.47339108910891087,0.8171410891089109,0.484220297029703,0.2682549504950495,0.3963490099009901,0.551980198019802,0.07317450495049505,0.23360148514851486,0.4526608910891089,0.0362
42117,Tioga County,Pennsylvania,PA,0.2975,2.397098873939676e-06,0.59764631043257,0.5779702970297028,0.5741094148,0.652671755725191,0.5637376237623762,0.7911509900990099,0.26051980198019803,0.18997524752475248,0.16738861386138615,0.35117574257425743,0.07317450495049505,0.2295792079207921,0.6002475247524752,0.0387
42119,Union County,Pennsylvania,PA,0.4531,2.3449745370638263e-06,0.5524809160305344,0.49350247524752483,0.7350508906000001,0.727735368956743,0.838799504950495,0.8097153465346535,0.35550742574257427,0.46751237623762376,0.22926980198019803,0.2564975247524752,0.07317450495049505,0.1280940594059406,0.5470297029702971,0.0393
42121,Venango County,Pennsylvania,PA,0.3656,2.325690058382567e-06,0.5559796437659033,0.5253712871287128,0.637086514,0.8536895674300254,0.7379331683168316,0.6680074257425742,0.36324257425742573,0.1813118811881188,0.12561881188118812,0.31714108910891087,0.07317450495049505,0.1500618811881188,0.8282797029702971,0.0356
42123,Warren County,Pennsylvania,PA,0.153,2.359323102555502e-06,0.6555343511450382,0.6537747524752475,0.5089058524,0.7977099236641223,0.7896039603960396,0.682240099009901,0.2407178217821782,0.1296410891089109,0.375,0.27258663366336633,0.07317450495049505,0.1432549504950495,0.6448019801980198,0.0365
42125,Washington County,Pennsylvania,PA,0.1648,2.3957829267117433e-06,0.8307888040712467,0.8573638613861386,0.2270992366,0.8734096692111959,0.37314356435643564,0.7023514851485149,0.5114480198019802,0.4969059405940594,0.10767326732673267,0.6033415841584159,0.46905940594059403,0.47586633663366334,0.8879950495049505,0.0528
42127,Wayne County,Pennsylvania,PA,0.3952,2.3693768362672808e-06,0.563295165394402,0.5544554455445546,0.5015903308,0.3727735368956743,0.6550123762376238,0.8217821782178217,0.32332920792079206,0.3443688118811881,0.6423267326732673,0.452970297029703,0.07317450495049505,0.22308168316831684,0.5423886138613861,0.0455
42129,Westmoreland County,Pennsylvania,PA,0.1091,2.347731162720013e-06,0.878498727735369,0.8849009900990099,0.3021628499,0.9284351145038169,0.9050123762376238,0.7701113861386139,0.5689975247524752,0.6138613861386139,0.17202970297029702,0.650680693069307,0.2713490099009901,0.5525990099009901,0.9576113861386139,0.0549
42131,Wyoming County,Pennsylvania,PA,0.0872,3.669091381512622e-06,0.44783715012722647,0.46967821782178215,0.4634223919,0.7302798982188295,0.24133663366336633,0.7085396039603961,0.2280321782178218,0.3180693069306931,0.29548267326732675,0.31126237623762376,0.07317450495049505,0.2407178217821782,0.3598391089108911,0.0204
42133,York County,Pennsylvania,PA,0.3379,0.022221479100130836,0.9042620865139949,0.9121287128712872,0.1704834606,0.8346055979643766,0.9306930693069307,0.9433787128712872,0.4904084158415842,0.9207920792079208,0.7484529702970297,0.6605816831683168,0.8719059405940595,0.42574257425742573,0.9291460396039604,0.0683
44001,Bristol County,Rhode Island,RI,0.1327,0.001996753745343027,0.1940203562340967,0.3239480198019802,0.1278625954,0.9637404580152673,0.1692450495049505,0.8084777227722773,0.1531559405940594,0.31126237623762376,0.15532178217821782,0.2728960396039604,0.19152227722772278,0.06342821782178218,0.6423267326732673,0.0094
44003,Kent County,Rhode Island,RI,0.2116,2.3001711339768173e-06,0.6943384223918575,0.745358910891089,0.2334605598,0.8482824427480916,0.4839108910891089,0.869430693069307,0.40717821782178215,0.6714108910891089,0.40439356435643564,0.7088490099009901,0.2583539603960396,0.23267326732673269,0.6599628712871287,0.0425
44005,Newport County,Rhode Island,RI,0.2787,0.010713461055870897,0.36418575063613223,0.4777227722772277,0.1933842239,0.9856870229007632,0.3743811881188119,0.8533415841584159,0.19245049504950495,0.3685024752475248,0.2088490099009901,0.35860148514851486,0.43595297029702973,0.16027227722772278,0.5139232673267327,0.0227
44007,Providence County,Rhode Island,RI,0.8097,1.8466426618259002e-06,0.9367048346055981,0.9303836633663365,0.5295801526999999,0.6463104325699746,0.5473391089108911,0.9384282178217822,0.7889851485148515,0.9727722772277227,0.9087252475247525,0.8824257425742574,0.36633663366336633,0.33570544554455445,0.8929455445544554,0.089
44009,Washington County,Rhode Island,RI,0.1324,0.0,0.6402671755725191,0.738861386138614,0.12181933839999999,0.9710559796437659,0.3193069306930693,0.8681930693069307,0.3131188118811881,0.4839108910891089,0.26732673267326734,0.729269801980198,0.45080445544554454,0.25154702970297027,0.6639851485148515,0.0353
45001,Abbeville County,South Carolina,SC,0.5988,2.505587882936847e-06,0.4535623409669211,0.3616955445544555,0.8050254453,0.3129770992366413,0.4430693069306931,0.7351485148514851,0.6717202970297029,0.7574257425742574,0.8050742574257426,0.8496287128712872,0.37376237623762376,0.4146039603960396,0.4189356435643564,0.046
45003,Aiken County,South Carolina,SC,0.6322,2.325848227596821e-06,0.8422391857506362,0.8282797029702971,0.5082697200999999,0.3317430025445292,0.7320544554455446,0.9266707920792079,0.8777846534653465,0.8740717821782178,0.7168935643564357,0.926980198019802,0.5977722772277227,0.8270420792079208,0.9050123762376238,0.0791
45005,Allendale County,South Carolina,SC,0.9955,2.3001711339768173e-06,0.3546437659033079,0.2258663366336634,0.8928117048,0.06902035623409669,0.2063737623762376,0.9074876237623762,0.43595297029702973,0.7456683168316832,0.23514851485148514,0.5522896039603961,0.5841584158415841,0.5167079207920792,0.20544554455445543,0.0621
45007,Anderson County,South Carolina,SC,0.6303,2.3001711339768173e-06,0.8718193384223919,0.8737623762376238,0.3727735369,0.571882951653944,0.9000618811881188,0.8366336633663366,0.9105816831683168,0.7920792079207921,0.9600866336633663,0.9585396039603961,0.5191831683168316,0.4885519801980198,0.9365717821782178,0.0771
45009,Bamberg County,South Carolina,SC,0.958,2.4898328787701862e-06,0.4646946564885496,0.32116336633663367,0.9408396947,0.3756361323155216,0.6008663366336634,0.9189356435643564,0.3725247524752475,0.5232054455445545,0.1686262376237624,0.6086014851485149,0.5764232673267327,0.5705445544554455,0.36014851485148514,0.0575
45011,Barnwell County,South Carolina,SC,0.9612,3.4680545409645725e-06,0.45833333333333326,0.28032178217821785,0.9888676845000001,0.19052162849872772,0.5163985148514851,0.8910891089108911,0.6698638613861386,0.6345915841584159,0.3521039603960396,0.5077351485148515,0.5581683168316832,0.6098391089108911,0.5720915841584159,0.062
45013,Beaufort County,South Carolina,SC,0.469,1.3570266334734718e-05,0.9710559796437659,0.9675123762376237,0.44592875319999997,0.6673027989821882,0.8669554455445545,0.9959777227722773,0.8248762376237624,0.8836633663366337,0.7422648514851485,0.8889232673267327,0.4495668316831683,0.9056311881188119,0.963180693069307,0.0803
45015,Berkeley County,South Carolina,SC,0.5447,2.2175365823876826e-06,0.9481552162849873,0.9613242574257425,0.1475826972,0.6275445292620865,0.7515470297029703,0.9876237623762376,0.786819306930693,0.7150371287128713,0.7849628712871287,0.8873762376237624,0.23514851485148514,0.900990099009901,0.8932549504950495,0.0815
45017,Calhoun County,South Carolina,SC,0.7273,2.025480582359903e-06,0.22646310432569977,0.1775990099009901,0.7089694656000001,0.26622137404580154,0.43904702970297027,0.8592202970297029,0.39603960396039606,0.43842821782178215,0.24783415841584158,0.6157178217821783,0.6126237623762376,0.53125,0.28217821782178215,0.0417
45019,Charleston County,South Carolina,SC,0.4343,2.2202025064930985e-06,0.986323155216285,0.9900990099009901,0.2242366412,0.9611959287531806,0.8301361386138614,0.9972153465346535,0.7181311881188119,0.833230198019802,0.874690594059406,0.9489480198019802,0.3719059405940594,0.9402846534653465,0.9275990099009901,0.0782
45021,Cherokee County,South Carolina,SC,0.7798,2.315105601672487e-06,0.696882951653944,0.6574876237623762,0.6294529261999999,0.2627226463104326,0.8276608910891089,0.7849628712871287,0.8304455445544554,0.5324876237623762,0.806930693069307,0.9198638613861386,0.5092821782178217,0.3917079207920792,0.7778465346534653,0.0723
45023,Chester County,South Carolina,SC,0.7047,2.2014147010508165e-06,0.43161577608142493,0.3842821782178218,0.6870229008,0.4360687022900763,0.6537747524752475,0.7320544554455446,0.7518564356435643,0.4337871287128713,0.6772896039603961,0.8357054455445545,0.4245049504950495,0.46967821782178215,0.7701113861386139,0.046
45025,Chesterfield County,South Carolina,SC,0.9462,2.1039635971075927e-06,0.7398218829516542,0.6441831683168318,0.8330152672,0.19783715012722644,0.8765470297029703,0.9334777227722773,0.8514851485148515,0.5956064356435643,0.5903465346534653,0.8372524752475248,0.557240099009901,0.7738242574257426,0.8285891089108911,0.0829
45027,Clarendon County,South Carolina,SC,0.9691,2.2556298097883184e-06,0.7649491094147582,0.656559405940594,0.9090330789,0.2884860050890586,0.6370668316831684,0.9569925742574258,0.6141707920792079,0.8375618811881188,0.453279702970297,0.6896658415841584,0.5216584158415841,0.8168316831683168,0.9359529702970297,0.0832
45029,Colleton County,South Carolina,SC,0.966,1.1580043861535698e-05,0.8546437659033078,0.7843440594059404,0.9001272265,0.45229007633587787,0.6905940594059405,0.9730816831683168,0.6163366336633663,0.7515470297029703,0.5219678217821783,0.656559405940594,0.5080445544554455,0.8323019801980198,0.6454207920792079,0.0883
45031,Darlington County,South Carolina,SC,0.8921,0.000706866082537288,0.72264631043257,0.6417079207920792,0.8269720102,0.6176844783715013,0.8193069306930693,0.9099628712871287,0.8477722772277227,0.8186881188118812,0.7091584158415841,0.7633044554455446,0.5522896039603961,0.7465965346534653,0.7011138613861386,0.0699
45033,Dillon County,South Carolina,SC,0.9745,2.3001711339768173e-06,0.8431933842239185,0.7667079207920792,0.8759541985,0.25826972010178123,0.8926361386138614,0.9727722772277227,0.806930693069307,0.629950495049505,0.6463490099009901,0.7988861386138614,0.4832920792079208,0.817759900990099,0.5974628712871287,0.0922
45035,Dorchester County,South Carolina,SC,0.6306,0.07967209150172155,0.9370229007633588,0.9514232673267327,0.1603053435,0.5744274809160306,0.2094678217821782,0.9842202970297029,0.7546410891089109,0.7032797029702971,0.6881188118811881,0.8459158415841584,0.2964108910891089,0.7961014851485149,0.8313737623762376,0.0906
45037,Edgefield County,South Carolina,SC,0.8476,2.2143303365965315e-06,0.21978371501272265,0.20668316831683167,0.5467557252,0.2124681933842239,0.4573019801980198,0.776299504950495,0.36014851485148514,0.4631806930693069,0.28279702970297027,0.7199876237623762,0.6488242574257426,0.5903465346534653,0.5201113861386139,0.0476
45039,Fairfield County,South Carolina,SC,0.8893,2.3001711339768173e-06,0.4080788804071247,0.2868193069306931,0.9010814249000001,0.44147582697201015,0.5126856435643564,0.8168316831683168,0.713180693069307,0.7045173267326733,0.3533415841584158,0.879950495049505,0.29517326732673266,0.47370049504950495,0.5442450495049505,0.0505
45041,Florence County,South Carolina,SC,0.8256,2.3001711339768173e-06,0.8956743002544529,0.8706683168316832,0.707697201,0.7560432569974553,0.7456683168316832,0.9702970297029703,0.9474009900990099,0.9232673267326733,0.692450495049505,0.8858292079207921,0.505259900990099,0.8681930693069307,0.8601485148514851,0.0832
45043,Georgetown County,South Carolina,SC,0.5301,0.03689193191039324,0.9249363867684478,0.8988242574257426,0.8180661578,0.6504452926208651,0.2911509900990099,0.9873143564356436,0.5603341584158416,0.8155940594059405,0.5123762376237624,0.780940594059406,0.29919554455445546,0.9158415841584159,0.9607054455445545,0.0801
45045,Greenville County,South Carolina,SC,0.6246,2.266791348725294e-06,0.9395674300254453,0.948638613861386,0.21851145039999997,0.5725190839694656,0.8963490099009901,0.8740717821782178,0.9672029702970297,0.8394183168316832,0.9591584158415841,0.9962871287128713,0.4975247524752475,0.5631188118811881,0.9836014851485149,0.0842
45047,Greenwood County,South Carolina,SC,0.8466,2.3001711339768173e-06,0.7274173027989822,0.7011138613861386,0.584605598,0.5432569974554707,0.5133044554455446,0.8189975247524752,0.8598391089108911,0.71875,0.9093440594059405,0.9133663366336634,0.35488861386138615,0.5560024752475248,0.6751237623762376,0.0709
45049,Hampton County,South Carolina,SC,0.9621,0.00044805020387394075,0.6479007633587787,0.5086633663366337,0.9459287532,0.2741730279898219,0.6899752475247525,0.948019801980198,0.44492574257425743,0.7651608910891089,0.3564356435643564,0.6797648514851485,0.6840965346534653,0.7221534653465347,0.4152227722772277,0.0729
45051,Horry County,South Carolina,SC,0.7022,2.2404963350095913e-06,0.9818702290076337,0.9746287128712872,0.6539440204,0.6638040712468194,0.8731435643564357,0.9969059405940595,0.9678217821782178,0.9517326732673267,0.885519801980198,0.9356435643564357,0.5009282178217822,0.9016089108910891,0.9597772277227723,0.0898
45053,Jasper County,South Carolina,SC,0.8829,2.3441890087539668e-06,0.785941475826972,0.713180693069307,0.768129771,0.20960559796437658,0.3254950495049505,0.9718440594059405,0.37592821782178215,0.7258663366336634,0.328279702970297,0.36386138613861385,0.484220297029703,0.7735148514851485,0.5507425742574258,0.0849
45055,Kershaw County,South Carolina,SC,0.4782,2.3001711339768173e-06,0.6666666666666665,0.6584158415841584,0.5063613232,0.37818066157760816,0.8672648514851485,0.8966584158415841,0.7363861386138614,0.7778465346534653,0.6358292079207921,0.8422029702970297,0.25773514851485146,0.7051361386138614,0.7029702970297029,0.0564
45057,Lancaster County,South Carolina,SC,0.4575,2.3001711339768173e-06,0.7942111959287533,0.7988861386138614,0.4204834606,0.5248091603053435,0.900990099009901,0.8143564356435643,0.8883044554455446,0.5931311881188119,0.8740717821782178,0.9359529702970297,0.3214727722772277,0.4659653465346535,0.817450495049505,0.0641
45059,Laurens County,South Carolina,SC,0.8947,2.3001711339768173e-06,0.7620865139949109,0.6989480198019803,0.7312340967000001,0.2942111959287532,0.895730198019802,0.8276608910891089,0.661509900990099,0.7459777227722773,0.942450495049505,0.9158415841584159,0.5170173267326733,0.5046410891089109,0.818069306930693,0.0809
45061,Lee County,South Carolina,SC,0.9704,2.3001711339768173e-06,0.3597328244274809,0.24752475247524752,0.8616412214,0.18129770992366406,0.6048886138613861,0.8904702970297029,0.6113861386138614,0.48669554455445546,0.4573019801980198,0.4879331683168317,0.5018564356435643,0.5857054455445545,0.44863861386138615,0.058
45063,Lexington County,South Carolina,SC,0.4855,2.5026361667620654e-05,0.909033078880407,0.9139851485148515,0.2242366412,0.4624681933842239,0.9350247524752475,0.9412128712871287,0.9771039603960396,0.9257425742574258,0.7846534653465347,0.9693688118811881,0.6438737623762376,0.7592821782178217,0.9245049504950495,0.078
45065,McCormick County,South Carolina,SC,0.6087,2.3561938836931892e-06,0.09541984732824428,0.043007425742574254,0.9567430025,0.18161577608142498,0.2660891089108911,0.7206064356435643,0.41707920792079206,0.36386138613861385,0.32673267326732675,0.6243811881188119,0.07317450495049505,0.3654084158415842,0.24504950495049505,0.0366
45067,Marion County,South Carolina,SC,0.8753,2.3001711339768173e-06,0.8069338422391857,0.6995668316831682,0.9382951654,0.268765903307888,0.6277846534653465,0.9613242574257426,0.7564975247524752,0.6847153465346535,0.9158415841584159,0.7469059405940595,0.3780940594059406,0.6939975247524752,0.6813118811881188,0.0842
45069,Marlboro County,South Carolina,SC,0.9405,2.3001711339768173e-06,0.5747455470737913,0.40191831683168316,0.9780534351,0.1758905852417303,0.7054455445544554,0.9127475247524752,0.7438118811881188,0.6469678217821783,0.5965346534653465,0.932549504950495,0.5244430693069307,0.7438118811881188,0.5906559405940595,0.0691
45071,Newberry County,South Carolina,SC,0.8027,2.3037554062237777e-06,0.6199109414758269,0.5553836633663366,0.7305979644,0.42270992366412213,0.4313118811881188,0.8530321782178217,0.8140470297029703,0.5844678217821783,0.6621287128712872,0.8948019801980198,0.44925742574257427,0.5516707920792079,0.6475866336633663,0.0623
45073,Oconee County,South Carolina,SC,0.6968,2.3001711339768173e-06,0.856234096692112,0.8196163366336634,0.7048346056,0.4208015267175573,0.6921410891089109,0.7979579207920792,0.8155940594059405,0.6676980198019802,0.9851485148514851,0.911509900990099,0.47370049504950495,0.6438737623762376,0.8357054455445545,0.0802
45075,Orangeburg County,South Carolina,SC,0.9516,2.3001711339768173e-06,0.8772264631043256,0.817450495049505,0.9478371500999999,0.47391857506361323,0.9353341584158416,0.9653465346534653,0.6723391089108911,0.8224009900990099,0.7589727722772277,0.8876856435643564,0.7608292079207921,0.8047648514851485,0.869740099009901,0.0898
45077,Pickens County,South Carolina,SC,0.5717,2.3561938836931892e-06,0.7760814249363868,0.7793935643564357,0.41030534350000003,0.45260814249363873,0.8022896039603961,0.7824876237623762,0.5659034653465347,0.6209777227722773,0.8357054455445545,0.943069306930693,0.39573019801980197,0.5219678217821783,0.880569306930693,0.068
45079,Richland County,South Carolina,SC,0.7922,2.236062752242014e-06,0.9309796437659033,0.9359529702970296,0.3374681934,0.6517175572519084,0.9523514851485149,0.958230198019802,0.9514232673267327,0.9489480198019802,0.812809405940594,0.9848391089108911,0.4025371287128713,0.7048267326732673,0.9644183168316832,0.0879
45081,Saluda County,South Carolina,SC,0.8228,2.8121201191506215e-06,0.4013994910941476,0.2719678217821782,0.8746819338,0.14026717557251908,0.505259900990099,0.8196163366336634,0.6494430693069307,0.4693688118811881,0.40965346534653463,0.7246287128712872,0.6314975247524752,0.5358910891089109,0.42883663366336633,0.0559
45083,Spartanburg County,South Carolina,SC,0.7486,0.049993412453097096,0.9064885496183205,0.8966584158415841,0.3966284987,0.5788804071246819,0.8050742574257426,0.8607673267326733,0.8839727722772277,0.8103341584158416,0.9418316831683168,0.9919554455445545,0.6172648514851485,0.6055074257425742,0.9693688118811881,0.0886
45085,Sumter County,South Carolina,SC,0.8762,2.2617342552180328e-06,0.8174300254452926,0.8007425742574257,0.5467557252,0.45038167938931295,0.8873762376237624,0.9399752475247525,0.755569306930693,0.8125,0.7153465346534653,0.8394183168316832,0.4900990099009901,0.7954826732673267,0.7954826732673267,0.0825
45087,Union County,South Carolina,SC,0.9173,2.3001711339768173e-06,0.5820610687022901,0.4390470297029702,0.9554707379000001,0.40776081424936383,0.6556311881188119,0.7858910891089109,0.7967202970297029,0.7168935643564357,0.7991955445544554,0.8920173267326733,0.2936262376237624,0.5473391089108911,0.8446782178217822,0.0629
45089,Williamsburg County,South Carolina,SC,0.9634,2.3001711339768173e-06,0.8206106870229009,0.7264851485148515,0.9058524173000001,0.21342239185750636,0.8227103960396039,0.9641089108910891,0.4597772277227723,0.7663985148514851,0.6673886138613861,0.7694925742574258,0.4715346534653465,0.8759282178217822,0.7487623762376238,0.0906
45091,York County,South Carolina,SC,0.3436,2.3001711339768173e-06,0.8867684478371501,0.90625,0.12181933839999999,0.714058524173028,0.9548267326732673,0.8183787128712872,0.9699876237623762,0.7629950495049505,0.8452970297029703,0.9866955445544554,0.687190594059406,0.6469678217821783,0.9133663366336634,0.0665
46003,Aurora County,South Dakota,SD,0.104,2.2463165296494347e-06,0.1959287531806616,0.27011138613861385,0.2363231552,0.6049618320610687,0.18347772277227722,0.1551670792079208,0.34189356435643564,0.12066831683168316,0.7772277227722773,0.8319925742574258,0.78125,0.6633663366336634,0.05167079207920792,0.0115
46005,Beadle County,South Dakota,SD,0.7289,2.3001711339768173e-06,0.4713740458015267,0.5377475247524752,0.2684478372,0.513676844783715,0.47060643564356436,0.1551670792079208,0.655940594059406,0.4718440594059406,0.7787747524752475,0.8066212871287128,0.8842821782178217,0.7543316831683168,0.1395420792079208,0.0492
46007,Bennett County,South Dakota,SD,0.811,2.1479108562713417e-06,0.059160305343511445,0.01856435643564356,0.9379770992,0.02703562340966921,0.2172029702970297,0.1551670792079208,0.2073019801980198,0.18719059405940594,0.44152227722772275,0.31745049504950495,0.5609529702970297,0.874690594059406,0.27103960396039606,0.0486
46009,Bon Homme County,South Dakota,SD,0.1899,2.2949819210109564e-06,0.10846055979643769,0.23081683168316833,0.10623409669999999,0.5925572519083969,0.2691831683168317,0.1551670792079208,0.3499381188118812,0.2599009900990099,0.5213490099009901,0.651299504950495,0.8607673267326733,0.5476485148514851,0.15686881188118812,0.0127
46011,Brookings County,South Dakota,SD,0.154,2.232595821986114e-06,0.5006361323155216,0.6605816831683168,0.10623409669999999,0.6577608142493638,0.6327351485148515,0.1551670792079208,0.8081683168316832,0.4254331683168317,0.7766089108910891,0.8143564356435643,0.44214108910891087,0.6522277227722773,0.09498762376237624,0.0295
46013,Brown County,South Dakota,SD,0.2669,2.279137730887804e-06,0.7353689567430025,0.776299504950495,0.2414122137,0.856234096692112,0.8298267326732673,0.1551670792079208,0.7094678217821783,0.5058787128712872,0.9650371287128713,0.8304455445544554,0.3251856435643564,0.7769183168316832,0.10148514851485149,0.0478
46015,Brule County,South Dakota,SD,0.3872,2.290441359665829e-06,0.5871501272264631,0.5897277227722773,0.49459287529999996,0.9138040712468193,0.27258663366336633,0.1551670792079208,0.3681930693069307,0.17790841584158415,0.9647277227722773,0.661509900990099,0.7388613861386139,0.7435024752475248,0.13087871287128713,0.0388
46017,Buffalo County,South Dakota,SD,0.9892,2.0949348951321296e-06,0.13740458015267176,0.09746287128712872,0.6657124682,0.00540712468193384,0.3217821782178218,0.1551670792079208,0.22400990099009901,0.18347772277227722,0.7803217821782178,0.3657178217821782,0.42574257425742573,0.7701113861386139,0.06683168316831684,0.057
46019,Butte County,South Dakota,SD,0.5431,2.2555545603149285e-06,0.2325063613231552,0.2691831683168317,0.3606870229,0.2748091603053435,0.4916460396039604,0.1551670792079208,0.2537128712871287,0.1670792079207921,0.6215965346534653,0.2688737623762376,0.21875,0.8725247524752475,0.30909653465346537,0.0357
46021,Campbell County,South Dakota,SD,0.0878,0.05874730964902182,0.04389312977099238,0.10148514851485149,0.10623409669999999,0.7000636132315522,0.1469678217821782,0.1551670792079208,0.16676980198019803,0.09653465346534654,0.4693688118811881,0.2722772277227723,0.2948638613861386,0.78125,0.04950495049504951,0.0106
46023,Charles Mix County,South Dakota,SD,0.6777,0.00014986314557402007,0.48536895674300257,0.45884900990099015,0.6100508906000001,0.5178117048346056,0.3251856435643564,0.1551670792079208,0.5652846534653465,0.29517326732673266,0.875,0.7772277227722773,0.8551980198019802,0.775680693069307,0.3060024752475248,0.0468
46025,Clark County,South Dakota,SD,0.3659,1.980771102226402e-06,0.045483460559796435,0.0968440594059406,0.10623409669999999,0.6122773536895675,0.14418316831683167,0.1551670792079208,0.24876237623762376,0.1936881188118812,0.5767326732673267,0.5476485148514851,0.07317450495049505,0.526299504950495,0.03186881188118812,0.0172
46027,Clay County,South Dakota,SD,0.6367,2.202067365542205e-06,0.20451653944020357,0.40965346534653463,0.10623409669999999,0.8578244274809159,0.3372524752475248,0.1551670792079208,0.6126237623762376,0.32642326732673266,0.25,0.6460396039603961,0.7329826732673267,0.43285891089108913,0.37592821782178215,0.0292
46029,Codington County,South Dakota,SD,0.2415,0.02324332320030978,0.6176844783715013,0.6757425742574257,0.26176844779999997,0.7480916030534351,0.650990099009901,0.1551670792079208,0.776299504950495,0.40717821782178215,0.8279702970297029,0.9514232673267327,0.38304455445544555,0.7181311881188119,0.10241336633663366,0.0401
46031,Corson County,South Dakota,SD,0.7324,2.2721265965247993e-06,0.38104325699745545,0.22679455445544555,0.9118956743,0.02894402035623409,0.37469059405940597,0.1551670792079208,0.2568069306930693,0.20823019801980197,0.9204826732673267,0.4183168316831683,0.30445544554455445,0.7787747524752475,0.17141089108910892,0.0551
46033,Custer County,South Dakota,SD,0.2937,2.2431610676310708e-06,0.16348600508905853,0.29733910891089116,0.10623409669999999,0.47041984732824427,0.17945544554455445,0.1551670792079208,0.24195544554455445,0.08570544554455446,0.25433168316831684,0.09900990099009901,0.1844059405940594,0.9439975247524752,0.2698019801980198,0.0204
46035,Davison County,South Dakota,SD,0.3742,2.135982142901067e-06,0.3924936386768448,0.46008663366336633,0.29071246819999996,0.8174300254452926,0.6553217821782178,0.1551670792079208,0.7620668316831684,0.2818688118811881,0.6797648514851485,0.818069306930693,0.6754331683168316,0.692450495049505,0.30476485148514854,0.0272
46037,Day County,South Dakota,SD,0.1282,0.00028767089553289764,0.27639949109414763,0.22957920792079206,0.7468193384,0.8451017811704835,0.8254950495049505,0.1551670792079208,0.4223391089108911,0.26021039603960394,0.7667079207920792,0.7778465346534653,0.15996287128712872,0.7846534653465347,0.05785891089108911,0.0113
46039,Deuel County,South Dakota,SD,0.0213,0.021711463994046748,0.06870229007633588,0.1500618811881188,0.10623409669999999,0.7010178117048347,0.1983292079207921,0.1551670792079208,0.34251237623762376,0.33199257425742573,0.4811262376237624,0.6692450495049505,0.3969678217821782,0.7076113861386139,0.037747524752475246,0.0056
46041,Dewey County,South Dakota,SD,0.8263,2.2493025133070184e-06,0.7872137404580153,0.635519801980198,0.9866412214,0.0693384223918575,0.25092821782178215,0.1551670792079208,0.2645420792079208,0.2614480198019802,0.9904084158415841,0.6766707920792079,0.3010519801980198,0.8344678217821783,0.18688118811881188,0.086
46043,Douglas County,South Dakota,SD,0.3166,2.2347686216870756e-06,0.10400763358778625,0.17326732673267325,0.1723918575,0.6981552162849873,0.24443069306930693,0.1551670792079208,0.3879950495049505,0.15037128712871287,0.6364480198019802,0.6478960396039604,0.6497524752475248,0.5510519801980198,0.08261138613861387,0.0152
46045,Edmunds County,South Dakota,SD,0.0258,2.295306246821323e-06,0.06965648854961833,0.14139851485148514,0.10623409669999999,0.5811068702290076,0.2614480198019802,0.1551670792079208,0.2521658415841584,0.15501237623762376,0.5659034653465347,0.5448638613861386,0.4904084158415842,0.7001856435643564,0.07456683168316831,0.0059
46047,Fall River County,South Dakota,SD,0.6277,2.3001711339768173e-06,0.30916030534351147,0.20730198019801974,0.9220737913000001,0.7426844783715013,0.31961633663366334,0.1551670792079208,0.3149752475247525,0.16584158415841585,0.4381188118811881,0.18966584158415842,0.3029084158415842,0.9393564356435643,0.452970297029703,0.0312
46049,Faulk County,South Dakota,SD,0.3627,2.2982619446213593e-06,0.07951653944020357,0.0411509900990099,0.9071246819,0.48409669211195927,0.12004950495049505,0.1551670792079208,0.23267326732673269,0.18688118811881188,0.6636757425742574,0.5012376237623762,0.5473391089108911,0.6840965346534653,0.0823019801980198,0.0197
46051,Grant County,South Dakota,SD,0.231,2.152968548815304e-06,0.18893129770992367,0.3787128712871287,0.10623409669999999,0.7888040712468194,0.22400990099009901,0.1551670792079208,0.36386138613861385,0.3338490099009901,0.7896039603960396,0.6525371287128713,0.37004950495049505,0.5584777227722773,0.05290841584158416,0.0145
46053,Gregory County,South Dakota,SD,0.1817,1.978142983621556e-06,0.16157760814249364,0.24102722772277224,0.1892493639,0.7827608142493638,0.18688118811881188,0.1551670792079208,0.3094059405940594,0.1265470297029703,0.7639232673267327,0.6092202970297029,0.5866336633663366,0.708230198019802,0.12283415841584158,0.0108
46055,Haakon County,South Dakota,SD,0.2389,1.8800562939524174e-06,0.09732824427480916,0.10055693069306931,0.48759541980000004,0.15044529262086517,0.29764851485148514,0.1551670792079208,0.10736386138613861,0.15129950495049505,0.6011757425742574,0.3833539603960396,0.3604579207920792,0.6936881188118812,0.07487623762376237,0.0245
46057,Hamlin County,South Dakota,SD,0.1336,2.042705358931815e-06,0.09987277353689566,0.21998762376237624,0.10623409669999999,0.6444020356234097,0.46008663366336633,0.1551670792079208,0.3660272277227723,0.2936262376237624,0.5157797029702971,0.6336633663366337,0.4192450495049505,0.48824257425742573,0.04826732673267327,0.0096
46059,Hand County,South Dakota,SD,0.048,1.622318575843352e-06,0.0645674300254453,0.10612623762376237,0.1475826972,0.5858778625954199,0.1333539603960396,0.1551670792079208,0.22370049504950495,0.17728960396039603,0.6051980198019802,0.40779702970297027,0.5482673267326733,0.780940594059406,0.03403465346534654,0.0064
46061,Hanson County,South Dakota,SD,0.0003,1.8265931370205804e-06,0.14821882951653945,0.0983910891089109,0.8765903308,0.8912213740458015,0.4245049504950495,0.1551670792079208,0.45080445544554454,0.19121287128712872,0.4870049504950495,0.7026608910891089,0.8115717821782178,0.5606435643564357,0.11974009900990099,0.0022
46063,Harding County,South Dakota,SD,0.0264,2.021761959285531e-06,0.01494910941475827,0.027537128712871287,0.10623409669999999,0.45610687022900764,0.09375,0.1551670792079208,0.10674504950495049,0.06992574257425743,0.23669554455445543,0.3375618811881188,0.2103960396039604,0.8307549504950495,0.04733910891089109,0.0077
46065,Hughes County,South Dakota,SD,0.3013,1.8451765569537447e-06,0.16475826972010174,0.34962871287128716,0.10623409669999999,0.84764631043257,0.25154702970297027,0.1551670792079208,0.2874381188118812,0.3347772277227723,0.5235148514851485,0.5965346534653465,0.4198638613861386,0.776299504950495,0.2063737623762376,0.0156
46067,Hutchinson County,South Dakota,SD,0.1209,0.00010956456243247104,0.4793256997455471,0.5826113861386139,0.1698473282,0.9347964376590332,0.46163366336633666,0.1551670792079208,0.6602722772277227,0.2728960396039604,0.6788366336633663,0.7407178217821783,0.9832920792079208,0.698019801980198,0.16367574257425743,0.0231
46069,Hyde County,South Dakota,SD,0.0153,1.7918810077939413e-06,0.0648854961832061,0.03867574257425742,0.7907124682,0.7907124681933843,0.11478960396039604,0.1551670792079208,0.2004950495049505,0.14016089108910892,0.4935024752475248,0.3712871287128713,0.4436881188118812,0.8415841584158416,0.03310643564356436,0.0022
46071,Jackson County,South Dakota,SD,0.9771,0.012805130303260633,0.10178117048346057,0.037128712871287134,0.9971374046,0.00413486005089058,0.4504950495049505,0.1551670792079208,0.2088490099009901,0.2311262376237624,0.5457920792079208,0.7657797029702971,0.3285891089108911,0.8592202970297029,0.22834158415841585,0.0569
46073,Jerauld County,South Dakota,SD,0.1976,2.237741463154791e-06,0.09510178117048346,0.09870049504950495,0.5044529261999999,0.6402671755725191,0.15563118811881188,0.1551670792079208,0.23948019801980197,0.10952970297029703,0.6998762376237624,0.6587252475247525,0.6429455445544554,0.7345297029702971,0.055693069306930694,0.0112
46075,Jones County,South Dakota,SD,0.2036,2.1039635971075927e-06,0.0133587786259542,0.022896039603960402,0.10623409669999999,0.2881679389312977,0.16274752475247525,0.1551670792079208,0.1432549504950495,0.09715346534653466,0.24257425742574257,0.3635519801980198,0.37654702970297027,0.7153465346534653,0.04981435643564357,0.0182
46077,Kingsbury County,South Dakota,SD,0.1114,2.208607616771179e-06,0.07856234096692112,0.20327970297029702,0.10623409669999999,0.8905852417302799,0.21441831683168316,0.1551670792079208,0.36169554455445546,0.24783415841584158,0.5510519801980198,0.6627475247524752,0.5145420792079208,0.5594059405940595,0.05662128712871287,0.0057
46079,Lake County,South Dakota,SD,0.09,2.3001711339768173e-06,0.3263358778625955,0.41243811881188125,0.2589058524,0.7417302798982189,0.46441831683168316,0.1551670792079208,0.7373143564356436,0.40810643564356436,0.6599628712871287,0.7951732673267327,0.49226485148514854,0.5513613861386139,0.10179455445544554,0.0145
46081,Lawrence County,South Dakota,SD,0.3449,2.3001711339768173e-06,0.49268447837150126,0.5324876237623762,0.3552798982,0.5403944020356234,0.6379950495049505,0.1551670792079208,0.39511138613861385,0.19956683168316833,0.5943688118811881,0.14820544554455445,0.1766707920792079,0.9340965346534653,0.7373143564356436,0.0358
46083,Lincoln County,South Dakota,SD,0.0309,2.3229952171945986e-06,0.6297709923664122,0.8060024752475248,0.10623409669999999,0.9755089058524173,0.5560024752475248,0.1551670792079208,0.9350247524752475,0.4489480198019802,0.6002475247524752,0.9102722772277227,0.6939975247524752,0.6605816831683168,0.2636138613861386,0.0324
46085,Lyman County,South Dakota,SD,0.867,2.318296141237996e-06,0.26463104325699743,0.16955445544554457,0.8619592875,0.2862595419847328,0.18254950495049505,0.1551670792079208,0.29610148514851486,0.25495049504950495,0.8016707920792079,0.422029702970297,0.5662128712871287,0.7035891089108911,0.12933168316831684,0.0473
46087,McCook County,South Dakota,SD,0.0366,2.3001711339768173e-06,0.43447837150127233,0.625309405940594,0.10623409669999999,0.8361959287531806,0.2942450495049505,0.1551670792079208,0.6834777227722773,0.2249381188118812,0.40191831683168316,0.7125618811881188,0.7713490099009901,0.6333539603960396,0.07951732673267327,0.0193
46089,McPherson County,South Dakota,SD,0.1788,2.3617961586648262e-06,0.11132315521628501,0.07116336633663366,0.8279262086999999,0.5521628498727735,0.33601485148514854,0.1551670792079208,0.26021039603960394,0.15810643564356436,0.724319306930693,0.4916460396039604,0.4034653465346535,0.7116336633663366,0.03589108910891089,0.0122
46091,Marshall County,South Dakota,SD,0.1193,2.3001711339768173e-06,0.14472010178117048,0.17450495049504947,0.35750636129999996,0.5104961832061069,0.47957920792079206,0.1551670792079208,0.33972772277227725,0.1943069306930693,0.713799504950495,0.5798267326732673,0.07317450495049505,0.7725866336633663,0.05012376237623763,0.012
46093,Meade County,South Dakota,SD,0.1744,2.3001711339768173e-06,0.49459287531806617,0.630569306930693,0.10623409669999999,0.29357506361323155,0.3774752475247525,0.1551670792079208,0.35426980198019803,0.2685643564356436,0.6061262376237624,0.5952970297029703,0.2295792079207921,0.9613242574257426,0.4823638613861386,0.0372
46095,Mellette County,South Dakota,SD,0.8552,2.3001711339768173e-06,0.051526717557251904,0.017636138613861388,0.8775445293,0.00826972010178117,0.19183168316831684,0.1551670792079208,0.21627475247524752,0.18162128712871287,0.4498762376237624,0.37840346534653463,0.32673267326732675,0.8366336633663366,0.1358292079207921,0.0507
46097,Miner County,South Dakota,SD,0.2154,2.3001711339768173e-06,0.03435114503816794,0.11695544554455449,0.10623409669999999,0.9786895674300254,0.13923267326732675,0.1551670792079208,0.28558168316831684,0.15099009900990099,0.3604579207920792,0.5439356435643564,0.724009900990099,0.4189356435643564,0.03650990099009901,0.0082
46099,Minnehaha County,South Dakota,SD,0.3748,2.3001711339768173e-06,0.8953562340966922,0.9093440594059404,0.1405852417,0.8689567430025447,0.9130569306930693,0.1551670792079208,0.9842202970297029,0.8768564356435643,0.9610148514851485,0.9916460396039604,0.7410272277227723,0.7209158415841584,0.5631188118811881,0.0668
46101,Moody County,South Dakota,SD,0.2431,2.3001711339768173e-06,0.2694020356234097,0.2998143564356436,0.4064885496,0.5957379134860051,0.46379950495049505,0.1551670792079208,0.6392326732673267,0.3694306930693069,0.4879331683168317,0.9350247524752475,0.635519801980198,0.5529084158415841,0.07209158415841584,0.019
46102,Oglala Lakota County,South Dakota,SD,0.9545,2.3001711339768173e-06,0.49840966921119595,0.2889851485148514,0.9971374046,0.0012722646310432601,0.8991336633663366,0.1551670792079208,0.4248143564356436,0.35550742574257427,0.7209158415841584,0.18224009900990099,0.4214108910891089,0.9696782178217822,0.8777846534653465,0.0701
46103,Pennington County,South Dakota,SD,0.5539,2.3001711339768173e-06,0.7856234096692113,0.801361386138614,0.34637404580000003,0.7076972010178118,0.32301980198019803,0.1551670792079208,0.6206683168316832,0.6110767326732673,0.8610767326732673,0.838799504950495,0.275990099009901,0.9727722772277227,0.9139851485148515,0.0639
46105,Perkins County,South Dakota,SD,0.3417,2.3001711339768173e-06,0.02608142493638677,0.054764851485148515,0.10623409669999999,0.13326972010178118,0.1952351485148515,0.1551670792079208,0.14047029702970298,0.09900990099009901,0.5154702970297029,0.44461633663366334,0.21689356435643564,0.6964727722772277,0.07982673267326733,0.0279
46107,Potter County,South Dakota,SD,0.0296,2.3001711339768173e-06,0.10019083969465647,0.14294554455445543,0.2471374046,0.5919211195928753,0.15439356435643564,0.1551670792079208,0.20173267326732675,0.14139851485148514,0.713490099009901,0.36169554455445546,0.4498762376237624,0.5779702970297029,0.06528465346534654,0.0063
46109,Roberts County,South Dakota,SD,0.6694,0.04989257617700348,0.37786259541984735,0.29238861386138615,0.7729007634,0.24427480916030533,0.588490099009901,0.1551670792079208,0.5179455445544554,0.39449257425742573,0.8053836633663366,0.7939356435643564,0.07317450495049505,0.7475247524752475,0.11169554455445545,0.0504
46111,Sanborn County,South Dakota,SD,0.167,2.351525321216825e-06,0.03562340966921119,0.0754950495049505,0.10623409669999999,0.6475826972010178,0.15068069306930693,0.1551670792079208,0.28836633663366334,0.16120049504950495,0.28898514851485146,0.5634282178217822,0.6432549504950495,0.6788366336633663,0.039913366336633664,0.0093
46115,Spink County,South Dakota,SD,0.1381,2.351525321216825e-06,0.1765267175572519,0.33787128712871284,0.10623409669999999,0.6173664122137404,0.18471534653465346,0.1551670792079208,0.35767326732673266,0.24752475247524752,0.6751237623762376,0.6222153465346535,0.4040841584158416,0.6745049504950495,0.10612623762376237,0.0127
46117,Stanley County,South Dakota,SD,0.0452,2.3001711339768173e-06,0.05057251908396947,0.09993811881188121,0.10623409669999999,0.45578880407124683,0.11850247524752475,0.1551670792079208,0.13304455445544555,0.1547029702970297,0.21596534653465346,0.3666460396039604,0.32580445544554454,0.6157178217821783,0.0625,0.0088
46119,Sully County,South Dakota,SD,0.027,2.3001711339768173e-06,0.06329516539440204,0.1379950495049505,0.10623409669999999,0.7519083969465649,0.11386138613861387,0.1551670792079208,0.1692450495049505,0.10829207920792079,0.5241336633663366,0.2964108910891089,0.46379950495049505,0.713799504950495,0.04641089108910891,0.0033
46121,Todd County,South Dakota,SD,0.9475,0.025000050016082086,0.3660941475826972,0.1847153465346535,0.9770992366,0.0025445292620865103,0.37376237623762376,0.1551670792079208,0.43285891089108913,0.3635519801980198,0.7704207920792079,0.6073638613861386,0.31219059405940597,0.942450495049505,0.48360148514851486,0.0649
46123,Tripp County,South Dakota,SD,0.6236,2.3001711339768173e-06,0.36450381679389315,0.2750618811881188,0.8206106870000001,0.5057251908396947,0.3056930693069307,0.1551670792079208,0.3938737623762376,0.27351485148514854,0.8372524752475248,0.5835396039603961,0.5618811881188119,0.7967202970297029,0.21472772277227722,0.0376
46125,Turner County,South Dakota,SD,0.0725,2.3001711339768173e-06,0.23982188295165394,0.37469059405940597,0.1275445293,0.8823155216284987,0.2880569306930693,0.1551670792079208,0.6531559405940595,0.22246287128712872,0.5198019801980198,0.6946163366336634,0.7849628712871287,0.4743193069306931,0.07704207920792079,0.0093
46127,Union County,South Dakota,SD,0.0627,2.3001711339768173e-06,0.3711832061068702,0.5374381188118812,0.10623409669999999,0.4831424936386768,0.28032178217821785,0.1551670792079208,0.7008044554455446,0.3626237623762376,0.3657178217821782,0.7001856435643564,0.7524752475247525,0.7818688118811881,0.33941831683168316,0.0213
46129,Walworth County,South Dakota,SD,0.5024,2.338686774406823e-06,0.3950381679389313,0.3589108910891089,0.6603053434999999,0.8228371501272265,0.20699257425742573,0.1551670792079208,0.2964108910891089,0.2141089108910891,0.8907797029702971,0.3220915841584158,0.43409653465346537,0.812190594059406,0.13551980198019803,0.0306
46135,Yankton County,South Dakota,SD,0.2014,2.3001711339768173e-06,0.6335877862595419,0.5918935643564357,0.6657124682,0.8463740458015268,0.5875618811881188,0.1551670792079208,0.8703589108910891,0.6475866336633663,0.7397896039603961,0.8344678217821783,0.9390470297029703,0.7626856435643564,0.7923886138613861,0.0354
46137,Ziebach County,South Dakota,SD,0.8842,2.3001711339768173e-06,0.2519083969465649,0.10952970297029704,0.9974554707,0.00381679389312977,0.5340346534653465,0.1551670792079208,0.13551980198019803,0.18471534653465346,0.8814975247524752,0.47741336633663367,0.3239480198019802,0.7719678217821783,0.10952970297029703,0.0561
47001,Anderson County,Tennessee,TN,0.6363,1.958110735902338e-06,0.7318702290076337,0.7199876237623762,0.4987277354,0.5505725190839694,0.7431930693069307,0.6191212871287128,0.8053836633663366,0.35767326732673266,0.8081683168316832,0.7023514851485149,0.25711633663366334,0.5550742574257426,0.7874381188118812,0.0639
47003,Bedford County,Tennessee,TN,0.7261,0.024373918510777953,0.6924300254452926,0.682240099009901,0.5104961832,0.2655852417302799,0.7014232673267327,0.6664603960396039,0.8360148514851485,0.4993811881188119,0.8719059405940595,0.6116955445544554,0.5863242574257426,0.2119430693069307,0.5439356435643564,0.0724
47005,Benton County,Tennessee,TN,0.4508,2.31744065296289e-06,0.3905852417302799,0.338180693069307,0.6539440204,0.15426208651399492,0.5358910891089109,0.5584777227722773,0.5711633663366337,0.5188737623762376,0.7419554455445545,0.593440594059406,0.3301361386138614,0.1813118811881188,0.48824257425742573,0.0422
47007,Bledsoe County,Tennessee,TN,0.6997,2.005165082330378e-06,0.241412213740458,0.1729579207920792,0.733778626,0.046755725190839696,0.4780321782178218,0.5201113861386139,0.5625,0.19306930693069307,0.6831683168316832,0.27351485148514854,0.5590965346534653,0.5816831683168316,0.4176980198019802,0.048
47009,Blount County,Tennessee,TN,0.2313,2.3001711339768173e-06,0.7417302798982189,0.775990099009901,0.2490458015,0.5044529262086515,0.6605816831683168,0.6704826732673267,0.6831683168316832,0.4436881188118812,0.7425742574257426,0.7617574257425742,0.359220297029703,0.7026608910891089,0.9034653465346535,0.052
47011,Bradley County,Tennessee,TN,0.6726,2.3803232551470336e-06,0.7340966921119594,0.7719678217821783,0.24618320610000002,0.37627226463104324,0.6528465346534653,0.6720297029702971,0.8873762376237624,0.48298267326732675,0.7651608910891089,0.6547029702970297,0.5392945544554455,0.4863861386138614,0.8063118811881188,0.0702
47013,Campbell County,Tennessee,TN,0.7143,1.8423535479486264e-06,0.5801526717557252,0.4724628712871287,0.8148854962000001,0.09128498727735368,0.7506188118811881,0.5795173267326733,0.718440594059406,0.11819306930693069,0.7289603960396039,0.573019801980198,0.2391707920792079,0.7945544554455446,0.645730198019802,0.0649
47015,Cannon County,Tennessee,TN,0.2739,1.9276896393803576e-06,0.22900763358778622,0.22834158415841585,0.5184478372,0.2888040712468194,0.44616336633663367,0.46008663366336633,0.5875618811881188,0.23391089108910892,0.3032178217821782,0.3069306930693069,0.5148514851485149,0.06775990099009901,0.3344678217821782,0.0252
47017,Carroll County,Tennessee,TN,0.5457,0.1199766195603336,0.7280534351145039,0.6738861386138614,0.6927480916000001,0.3276081424936387,0.5089727722772277,0.6469678217821783,0.874690594059406,0.8310643564356436,0.8926361386138614,0.760519801980198,0.5637376237623762,0.22370049504950495,0.7719678217821783,0.0742
47019,Carter County,Tennessee,TN,0.6666,2.1077621600599224e-06,0.6316793893129771,0.5272277227722773,0.8311068702,0.17239185750636132,0.8446782178217822,0.6438737623762376,0.46905940594059403,0.1686262376237624,0.557549504950495,0.6203589108910891,0.34375,0.6185024752475248,0.7172029702970297,0.0645
47021,Cheatham County,Tennessee,TN,0.1995,2.242454459997484e-06,0.46278625954198477,0.5550742574257426,0.18734096690000002,0.3549618320610687,0.45544554455445546,0.38830445544554454,0.6788366336633663,0.47896039603960394,0.6596534653465347,0.6847153465346535,0.34467821782178215,0.17110148514851486,0.46782178217821785,0.0336
47023,Chester County,Tennessee,TN,0.4553,0.08333100569027334,0.4449745547073791,0.44740099009900985,0.5152671756,0.45515267175572516,0.40191831683168316,0.6116955445544554,0.7252475247524752,0.5711633663366337,0.7221534653465347,0.2973391089108911,0.40594059405940597,0.1686262376237624,0.390470297029703,0.0447
47025,Claiborne County,Tennessee,TN,0.5619,1.9531051908633595e-06,0.428117048346056,0.359220297029703,0.6981552163000001,0.06679389312977099,0.6058168316831684,0.5804455445544554,0.49226485148514854,0.13056930693069307,0.7218440594059405,0.42636138613861385,0.3125,0.8186881188118812,0.5773514851485149,0.051
47027,Clay County,Tennessee,TN,0.6605,1.71976300499836e-06,0.13295165394402036,0.09962871287128713,0.7010178117,0.14821882951653945,0.38923267326732675,0.5210396039603961,0.40160891089108913,0.2020420792079208,0.36788366336633666,0.36757425742574257,0.2834158415841584,0.06683168316831684,0.2271039603960396,0.0403
47029,Cocke County,Tennessee,TN,0.7369,0.06656551050619916,0.5451653944020356,0.4155321782178218,0.8606870229000001,0.08460559796437658,0.5754950495049505,0.5269183168316832,0.5157797029702971,0.21132425742574257,0.5392945544554455,0.5795173267326733,0.5324876237623762,0.6280940594059405,0.7320544554455446,0.0686
47031,Coffee County,Tennessee,TN,0.6411,2.536377637264751e-06,0.635178117048346,0.6519183168316832,0.4045801527,0.3520992366412214,0.6989480198019802,0.6432549504950495,0.8666460396039604,0.39232673267326734,0.8032178217821783,0.6212871287128713,0.7051361386138614,0.1395420792079208,0.5232054455445545,0.0608
47033,Crockett County,Tennessee,TN,0.7203,2.3622959399021934e-06,0.5257633587786259,0.43873762376237624,0.8152035623,0.5190839694656488,0.6599628712871287,0.6079826732673267,0.5637376237623762,0.6058168316831684,0.6389232673267327,0.7150371287128713,0.6175742574257426,0.10303217821782178,0.4863861386138614,0.0502
47035,Cumberland County,Tennessee,TN,0.3506,2.5735580830379974e-06,0.6723918575063614,0.5758044554455446,0.8161577608,0.22932569974554703,0.8196163366336634,0.6398514851485149,0.864480198019802,0.02645420792079208,0.8703589108910891,0.6670792079207921,0.6030321782178217,0.7329826732673267,0.8418935643564357,0.0548
47037,Davidson County,Tennessee,TN,0.7171,8.646040121143966e-06,0.9716921119592876,0.9696782178217822,0.40267175569999997,0.5846055979643766,0.9721534653465347,0.65625,0.9798886138613861,0.9560643564356436,0.9084158415841584,0.8183787128712872,0.28620049504950495,0.5866336633663366,0.556930693069307,0.0907
47039,Decatur County,Tennessee,TN,0.4496,1.768711391977792e-06,0.3842239185750636,0.28001237623762376,0.8470101781,0.41634860050890593,0.5009282178217822,0.6070544554455446,0.6760519801980198,0.5457920792079208,0.7230816831683168,0.296720297029703,0.3118811881188119,0.15625,0.3969678217821782,0.0341
47041,DeKalb County,Tennessee,TN,0.8018,1.9949594099580235e-06,0.2547709923664122,0.24504950495049502,0.5413486005,0.30725190839694655,0.573019801980198,0.6123143564356436,0.5030940594059405,0.2713490099009901,0.5303217821782178,0.3558168316831683,0.5380569306930693,0.10179455445544554,0.45142326732673266,0.0446
47043,Dickson County,Tennessee,TN,0.2316,2.626777401412382e-06,0.5346692111959288,0.5847772277227723,0.29071246819999996,0.3425572519083969,0.5238242574257426,0.4275990099009901,0.7608292079207921,0.5819925742574258,0.744740099009901,0.7595915841584159,0.3270420792079208,0.22679455445544555,0.557549504950495,0.0393
47045,Dyer County,Tennessee,TN,0.6335,0.2855867012600979,0.8657760814249363,0.8273514851485149,0.7522264631,0.5884223918575063,0.7230816831683168,0.6407797029702971,0.8870668316831684,0.843440594059406,0.8261138613861386,0.8864480198019802,0.8224009900990099,0.2667079207920792,0.8047648514851485,0.0982
47047,Fayette County,Tennessee,TN,0.3668,0.06249583539642512,0.7595419847328244,0.7224628712871286,0.6269083969,0.5038167938931297,0.4155321782178218,0.630569306930693,0.8972772277227723,0.8319925742574258,0.7558787128712872,0.8013613861386139,0.5918935643564357,0.624690594059406,0.7583539603960396,0.0621
47049,Fentress County,Tennessee,TN,0.4413,0.030289507773291036,0.28435114503816794,0.18378712871287128,0.8734096692,0.1879770992366412,0.5170173267326733,0.6024133663366337,0.4907178217821782,0.08879950495049505,0.7103960396039604,0.40439356435643564,0.3313737623762376,0.6933787128712872,0.9483292079207921,0.0379
47051,Franklin County,Tennessee,TN,0.4219,0.016394311158843253,0.5750636132315522,0.5959158415841584,0.38040712470000004,0.3975826972010178,0.6352103960396039,0.6104579207920792,0.7800123762376238,0.42017326732673266,0.8078589108910891,0.5959158415841584,0.6915222772277227,0.1952351485148515,0.46070544554455445,0.0485
47053,Gibson County,Tennessee,TN,0.7833,0.05126097156156941,0.8594147582697201,0.8319925742574257,0.6542620865000001,0.544529262086514,0.7923886138613861,0.661200495049505,0.9192450495049505,0.8326113861386139,0.8576732673267327,0.8582920792079208,0.7407178217821783,0.20761138613861385,0.9149133663366337,0.0853
47055,Giles County,Tennessee,TN,0.4524,2.207499211315915e-06,0.6094147582697201,0.5600247524752475,0.6739821883,0.3848600508905852,0.870049504950495,0.6791460396039604,0.8558168316831684,0.46998762376237624,0.7998143564356436,0.562809405940594,0.35457920792079206,0.21936881188118812,0.6039603960396039,0.0501
47057,Grainger County,Tennessee,TN,0.6128,1.8459035115244789e-06,0.18606870229007633,0.13830445544554457,0.7251908397,0.13772264631043257,0.4978341584158416,0.4433787128712871,0.40810643564356436,0.17419554455445543,0.3103341584158416,0.38675742574257427,0.44152227722772275,0.5009282178217822,0.4542079207920792,0.0402
47059,Greene County,Tennessee,TN,0.615,1.9718657771387156e-06,0.5629770992366412,0.47741336633663367,0.7643129770999999,0.22614503816793893,0.6441831683168316,0.6181930693069307,0.6284034653465347,0.18100247524752475,0.6352103960396039,0.6268564356435643,0.6092202970297029,0.46534653465346537,0.8483910891089109,0.0562
47061,Grundy County,Tennessee,TN,0.5192,0.21409817626949823,0.3425572519083969,0.19059405940594062,0.9834605598,0.18416030534351144,0.5764232673267327,0.594059405940594,0.7521658415841584,0.09189356435643564,0.7568069306930693,0.3978960396039604,0.5343440594059405,0.5733292079207921,0.28032178217821785,0.0577
47063,Hamblen County,Tennessee,TN,0.8591,2.3001711339768173e-06,0.47105597964376583,0.42388613861386143,0.6609414758,0.34223918575063617,0.5034034653465347,0.5544554455445545,0.6243811881188119,0.25804455445544555,0.4176980198019802,0.6048886138613861,0.33261138613861385,0.4183168316831683,0.7914603960396039,0.0562
47065,Hamilton County,Tennessee,TN,0.5635,0.06670327093375747,0.9328880407124684,0.9368811881188119,0.36386768449999995,0.77735368956743,0.9758663366336634,0.7221534653465347,0.9863861386138614,0.7648514851485149,0.8496287128712872,0.8681930693069307,0.3833539603960396,0.7144183168316832,0.9489480198019802,0.0835
47067,Hancock County,Tennessee,TN,0.8419,1.613444754934531e-06,0.11927480916030535,0.05167079207920792,0.9599236641000001,0.09923664122137404,0.32054455445544555,0.45142326732673266,0.2233910891089109,0.07549504950495049,0.3193069306930693,0.22215346534653466,0.2874381188118812,0.5018564356435643,0.24288366336633663,0.048
47069,Hardeman County,Tennessee,TN,0.8871,0.13329998181356742,0.6300890585241731,0.5,0.9341603053,0.3969465648854962,0.5222772277227723,0.6936881188118812,0.8418935643564357,0.7419554455445545,0.7626856435643564,0.3879950495049505,0.5269183168316832,0.36695544554455445,0.5637376237623762,0.0764
47071,Hardin County,Tennessee,TN,0.503,2.265149515809985e-06,0.70706106870229,0.5949876237623762,0.8877226463,0.41539440203562333,0.9446163366336634,0.6949257425742574,0.7667079207920792,0.7227722772277227,0.906559405940594,0.4186262376237624,0.5095915841584159,0.3087871287128713,0.5909653465346535,0.058
47073,Hawkins County,Tennessee,TN,0.5555,2.1648583873792393e-06,0.5575699745547074,0.47339108910891087,0.7687659032999999,0.27608142493638677,0.739480198019802,0.541769801980198,0.5126856435643564,0.1577970297029703,0.4588490099009901,0.46782178217821785,0.359529702970297,0.520730198019802,0.7651608910891089,0.0523
47075,Haywood County,Tennessee,TN,0.8883,2.4528996521092967e-06,0.6469465648854961,0.5297029702970297,0.9427480916000001,0.7239185750636132,0.32425742574257427,0.6782178217821783,0.6775990099009901,0.7066831683168316,0.7660891089108911,0.6695544554455446,0.6655321782178217,0.12871287128712872,0.5448638613861386,0.0612
47077,Henderson County,Tennessee,TN,0.6274,0.05882278262916958,0.6310432569974554,0.593440594059406,0.618956743,0.4662849872773537,0.7942450495049505,0.6522277227722773,0.8056930693069307,0.7100866336633663,0.8394183168316832,0.43007425742574257,0.42110148514851486,0.21596534653465346,0.6082920792079208,0.0611
47079,Henry County,Tennessee,TN,0.6118,1.185352559630036e-05,0.847328244274809,0.7883663366336634,0.8222010177999999,0.3148854961832061,0.724009900990099,0.6206683168316832,0.843440594059406,0.7546410891089109,0.9866955445544554,0.843440594059406,0.6661509900990099,0.2561881188118812,0.776299504950495,0.0784
47081,Hickman County,Tennessee,TN,0.4181,0.07987565263691382,0.4716921119592875,0.4464727722772277,0.5731552163,0.15553435114503816,0.5151608910891089,0.4771039603960396,0.8267326732673267,0.4573019801980198,0.5894183168316832,0.5185643564356436,0.3777846534653465,0.14356435643564355,0.3901608910891089,0.0524
47083,Houston County,Tennessee,TN,0.3847,1.8461390762230111e-06,0.13104325699745548,0.13923267326732675,0.44751908399999996,0.30693384223918574,0.5894183168316832,0.44152227722772275,0.47339108910891087,0.29610148514851486,0.45699257425742573,0.4436881188118812,0.3276608910891089,0.056002475247524754,0.2964108910891089,0.0259
47085,Humphreys County,Tennessee,TN,0.3735,2.8619776430499184e-06,0.4825063613231552,0.44214108910891087,0.6606234096999999,0.4888676844783715,0.7537128712871287,0.5686881188118812,0.7530940594059405,0.46441831683168316,0.6686262376237624,0.6296410891089109,0.3217821782178218,0.13211633663366337,0.48514851485148514,0.0361
47087,Jackson County,Tennessee,TN,0.7035,0.142785039692163,0.22519083969465647,0.11602722772277228,0.9297073791,0.05756997455470738,0.4935024752475248,0.44616336633663367,0.5433168316831684,0.26949257425742573,0.41398514851485146,0.43595297029702973,0.2719678217821782,0.09498762376237624,0.510519801980198,0.0584
47089,Jefferson County,Tennessee,TN,0.4954,2.148165602579745e-06,0.4487913486005089,0.43254950495049505,0.5562977098999999,0.24840966921119592,0.4443069306930693,0.5764232673267327,0.6073638613861386,0.24969059405940594,0.4353341584158416,0.541769801980198,0.34870049504950495,0.44461633663366334,0.7264851485148515,0.0447
47091,Johnson County,Tennessee,TN,0.6882,1.9860071881171078e-06,0.2818066157760814,0.1661509900990099,0.8883587786,0.06647582697201018,0.37902227722772275,0.6376856435643564,0.2744430693069307,0.055693069306930694,0.6401608910891089,0.41800742574257427,0.49195544554455445,0.5609529702970297,0.4944306930693069,0.0481
47093,Knox County,Tennessee,TN,0.3738,2.2646350189770505e-06,0.9211195928753181,0.9322400990099008,0.22678117050000002,0.61323155216285,0.8960396039603961,0.7462871287128713,0.9681311881188119,0.7363861386138614,0.9275990099009901,0.9285272277227723,0.41089108910891087,0.6398514851485149,0.9817450495049505,0.0725
47095,Lake County,Tennessee,TN,0.9345,2.3001711339768173e-06,0.47837150127226463,0.33353960396039606,0.9564249363999999,0.46787531806615784,0.3313737623762376,0.4743193069306931,0.5498143564356436,0.6636757425742574,0.6398514851485149,0.6732673267326733,0.7400990099009901,0.04486386138613861,0.3620049504950495,0.0553
47097,Lauderdale County,Tennessee,TN,0.9246,0.023808511428070396,0.7156488549618321,0.6120049504950495,0.8794529262,0.40044529262086515,0.3001237623762376,0.629950495049505,0.848700495049505,0.807240099009901,0.6915222772277227,0.8397277227722773,0.6571782178217822,0.2125618811881188,0.6540841584158416,0.0763
47099,Lawrence County,Tennessee,TN,0.7391,1.7235788817710563e-05,0.6965648854961831,0.6392326732673267,0.6816157760999999,0.18861323155216286,0.6079826732673267,0.6636757425742574,0.9152227722772277,0.5733292079207921,0.8449876237623762,0.6123143564356436,0.32951732673267325,0.16429455445544555,0.9127475247524752,0.0727
47101,Lewis County,Tennessee,TN,0.5288,0.16614494767947277,0.13931297709923662,0.1444925742574257,0.44592875319999997,0.12404580152671756,0.3777846534653465,0.5337252475247525,0.6030321782178217,0.29826732673267325,0.4848391089108911,0.3719059405940594,0.2332920792079208,0.11850247524752475,0.3029084158415842,0.05
47103,Lincoln County,Tennessee,TN,0.3726,0.02499717553385169,0.5890585241730281,0.5321782178217823,0.6841603053,0.23982188295165394,0.7979579207920792,0.6574876237623762,0.8595297029702971,0.5182549504950495,0.7181311881188119,0.6265470297029703,0.713180693069307,0.17790841584158415,0.5761138613861386,0.0514
47105,Loudon County,Tennessee,TN,0.1715,0.1998492858592766,0.6835241730279898,0.6370668316831682,0.6806615776,0.6803435114503816,0.8310643564356436,0.6525371287128713,0.6785272277227723,0.32425742574257427,0.7438118811881188,0.6407797029702971,0.7283415841584159,0.4566831683168317,0.7456683168316832,0.0562
47107,McMinn County,Tennessee,TN,0.5705,3.1500089571110635e-06,0.6024173027989822,0.5702351485148515,0.5925572519,0.37659033078880405,0.8236386138613861,0.6318069306930693,0.7202970297029703,0.38273514851485146,0.65625,0.5167079207920792,0.5306311881188119,0.5061881188118812,0.6921410891089109,0.0543
47109,McNairy County,Tennessee,TN,0.3404,0.1666605675233344,0.5054071246819338,0.4969059405940594,0.534351145,0.29103053435114506,0.6420173267326733,0.6831683168316832,0.6135519801980198,0.6816212871287128,0.7858910891089109,0.3251856435643564,0.4275990099009901,0.28527227722772275,0.48917079207920794,0.055
47111,Macon County,Tennessee,TN,0.5686,3.2786403865463485e-06,0.3457379134860051,0.291769801980198,0.6911577608,0.21119592875318063,0.7159653465346535,0.44771039603960394,0.6977103960396039,0.45544554455445546,0.6593440594059405,0.620049504950495,0.6379950495049505,0.14418316831683167,0.48576732673267325,0.0424
47113,Madison County,Tennessee,TN,0.8969,2.3800536271802943e-06,0.9208015267175572,0.9003712871287128,0.7286895674,0.8152035623409668,0.8852103960396039,0.7196782178217822,0.9727722772277227,0.9192450495049505,0.968440594059406,0.8895420792079208,0.5646658415841584,0.44863861386138615,0.9047029702970297,0.0879
47115,Marion County,Tennessee,TN,0.4951,2.3001711339768173e-06,0.5823791348600509,0.5392945544554454,0.6396310433,0.28530534351145037,0.8378712871287128,0.5380569306930693,0.8233292079207921,0.30136138613861385,0.786819306930693,0.48576732673267325,0.536200495049505,0.6076732673267327,0.35860148514851486,0.0523
47117,Marshall County,Tennessee,TN,0.3513,0.16662741390784494,0.4541984732824427,0.5980816831683168,0.10623409669999999,0.3524173027989822,0.5389851485148515,0.5891089108910891,0.7688737623762376,0.35241336633663367,0.6961633663366337,0.5176361386138614,0.30136138613861385,0.22988861386138615,0.38366336633663367,0.0528
47119,Maury County,Tennessee,TN,0.2214,0.0434479977632447,0.79293893129771,0.8227103960396039,0.2414122137,0.6167302798982188,0.9254331683168316,0.5430074257425742,0.9412128712871287,0.6231435643564357,0.8731435643564357,0.8288985148514851,0.30476485148514854,0.3505569306930693,0.5847772277227723,0.0578
47121,Meigs County,Tennessee,TN,0.4881,1.9762222252975905e-06,0.1272264631043257,0.0838490099009901,0.778307888,0.3543256997455471,0.5823019801980198,0.46751237623762376,0.37314356435643564,0.21998762376237624,0.38242574257425743,0.26949257425742573,0.41367574257425743,0.3409653465346535,0.36169554455445546,0.0281
47123,Monroe County,Tennessee,TN,0.7569,0.06661120439818767,0.6090966921119593,0.526299504950495,0.7853053434999999,0.1984732824427481,0.7988861386138614,0.7057549504950495,0.6475866336633663,0.3681930693069307,0.6342821782178217,0.5751856435643564,0.567759900990099,0.6943069306930693,0.719059405940594,0.0709
47125,Montgomery County,Tennessee,TN,0.5997,0.07684404072254876,0.8737277353689568,0.886138613861386,0.2051526718,0.32092875318066155,0.8790222772277227,0.5615717821782178,0.9211014851485149,0.849009900990099,0.9436881188118812,0.9241955445544554,0.44616336633663367,0.30136138613861385,0.9130569306930693,0.0882
47127,Moore County,Tennessee,TN,0.2262,0.03845418081436848,0.09923664122137404,0.09251237623762376,0.56456743,0.34764631043257,0.28527227722772275,0.5,0.5188737623762376,0.20297029702970298,0.34839108910891087,0.38211633663366334,0.2896039603960396,0.050742574257425746,0.1373762376237624,0.0215
47129,Morgan County,Tennessee,TN,0.6122,0.07692037899018508,0.19052162849872772,0.19523514851485152,0.477735369,0.1160941475826972,0.5655940594059405,0.5058787128712872,0.4093440594059406,0.08013613861386139,0.6556311881188119,0.3910891089108911,0.2682549504950495,0.6454207920792079,0.4245049504950495,0.0475
47131,Obion County,Tennessee,TN,0.6064,0.18714809680671618,0.8129770992366412,0.7657797029702971,0.7134223919,0.41984732824427484,0.7645420792079208,0.6175742574257426,0.7144183168316832,0.8239480198019802,0.8898514851485149,0.9288366336633663,0.8196163366336634,0.17017326732673269,0.7326732673267327,0.0874
47133,Overton County,Tennessee,TN,0.252,0.19996202950469286,0.22232824427480918,0.2332920792079208,0.4545165394,0.1561704834605598,0.45173267326732675,0.5529084158415841,0.46720297029702973,0.1974009900990099,0.536509900990099,0.4464727722772277,0.43842821782178215,0.3029084158415842,0.9093440594059405,0.0442
47135,Perry County,Tennessee,TN,0.4677,2.4114440431489686e-06,0.333969465648855,0.21689356435643564,0.8854961831999999,0.11132315521628501,0.36417079207920794,0.5711633663366337,0.6123143564356436,0.3307549504950495,0.5823019801980198,0.28558168316831684,0.3032178217821782,0.10334158415841584,0.3310643564356436,0.0408
47137,Pickett County,Tennessee,TN,0.3283,0.0,0.04611959287531807,0.02382425742574258,0.7821246819,0.24268447837150128,0.27691831683168316,0.5222772277227723,0.2775371287128713,0.11695544554455446,0.41027227722772275,0.2537128712871287,0.2110148514851485,0.14449257425742573,0.3465346534653465,0.0242
47139,Polk County,Tennessee,TN,0.5157,2.3001711339768173e-06,0.3117048346055979,0.21101485148514848,0.8498727735,0.16348600508905853,0.6995668316831684,0.5996287128712872,0.5201113861386139,0.21627475247524752,0.4223391089108911,0.3654084158415842,0.4433787128712871,0.7629950495049505,0.5219678217821783,0.0401
47141,Putnam County,Tennessee,TN,0.5536,0.24981354275089773,0.6583969465648855,0.6676980198019803,0.43002544530000003,0.4780534351145038,0.7283415841584159,0.6141707920792079,0.8725247524752475,0.37933168316831684,0.8087871287128713,0.7462871287128713,0.32054455445544555,0.2911509900990099,0.8858292079207921,0.0765
47143,Rhea County,Tennessee,TN,0.7238,2.3001711339768173e-06,0.4917302798982188,0.46875,0.5782442748,0.3361959287531807,0.6714108910891089,0.6036509900990099,0.5764232673267327,0.3097153465346535,0.604269801980198,0.4155321782178218,0.4121287128712871,0.4969059405940594,0.6095297029702971,0.0531
47145,Roane County,Tennessee,TN,0.3083,2.4022966888655547e-06,0.6898854961832062,0.6311881188118812,0.7140585242,0.4462468193384224,0.8118811881188119,0.6185024752475248,0.7261757425742574,0.3220915841584158,0.8932549504950495,0.6420173267326733,0.2911509900990099,0.4910272277227723,0.7942450495049505,0.0497
47147,Robertson County,Tennessee,TN,0.279,2.3693696980669e-06,0.6043256997455471,0.6639851485148515,0.24491094149999998,0.5232188295165393,0.8415841584158416,0.5024752475247525,0.739480198019802,0.6605816831683168,0.786509900990099,0.8100247524752475,0.6061262376237624,0.2564975247524752,0.6123143564356436,0.0422
47149,Rutherford County,Tennessee,TN,0.4267,0.06245493753827212,0.9173027989821882,0.9340965346534652,0.1545801527,0.5629770992366412,0.8521039603960396,0.6491336633663366,0.9511138613861386,0.8422029702970297,0.9789603960396039,0.7716584158415841,0.474009900990099,0.4489480198019802,0.9074876237623762,0.0801
47151,Scott County,Tennessee,TN,0.7388,2.3001711339768173e-06,0.2611323155216285,0.1946163366336634,0.7201017812,0.06774809160305345,0.5201113861386139,0.5835396039603961,0.4823638613861386,0.09591584158415842,0.7100866336633663,0.484529702970297,0.22277227722772278,0.6967821782178217,0.6373762376237624,0.0494
47153,Sequatchie County,Tennessee,TN,0.504,2.3803232551470336e-06,0.40171755725190844,0.3895420792079208,0.5419847328,0.20229007633587787,0.4124381188118812,0.43780940594059403,0.4885519801980198,0.19337871287128713,0.8879950495049505,0.2936262376237624,0.32116336633663367,0.5228960396039604,0.3369430693069307,0.0437
47155,Sevier County,Tennessee,TN,0.566,2.3001711339768173e-06,0.773854961832061,0.7435024752475248,0.5817430025,0.3012086513994911,0.6444925742574258,0.6772896039603961,0.7172029702970297,0.38551980198019803,0.6970915841584159,0.6383044554455446,0.3087871287128713,0.7930074257425742,0.8471534653465347,0.0706
47157,Shelby County,Tennessee,TN,0.8708,0.055453281092230966,0.9936386768447837,0.9916460396039605,0.725826972,0.5750636132315522,0.880259900990099,0.7561881188118812,0.9978341584158416,0.9956683168316832,0.9978341584158416,0.9186262376237624,0.3870668316831683,0.718440594059406,0.9628712871287128,0.1033
47159,Smith County,Tennessee,TN,0.4146,0.4993026578756321,0.18765903307888038,0.33508663366336633,0.10623409669999999,0.40712468193384216,0.4873143564356436,0.42976485148514854,0.5120668316831684,0.28527227722772275,0.47617574257425743,0.23886138613861385,0.43626237623762376,0.08446782178217822,0.27691831683168316,0.0671
47161,Stewart County,Tennessee,TN,0.3885,2.348987914371733e-06,0.29357506361323155,0.2100866336633663,0.7929389313,0.15362595419847327,0.4467821782178218,0.3994430693069307,0.6593440594059405,0.41429455445544555,0.46720297029702973,0.7147277227722773,0.3654084158415842,0.10117574257425743,0.8171410891089109,0.0351
47163,Sullivan County,Tennessee,TN,0.4839,2.3402471945619254e-06,0.7146946564885497,0.7113242574257426,0.44751908399999996,0.40235368956743,0.8725247524752475,0.6639851485148515,0.48669554455445546,0.21503712871287128,0.5015470297029703,0.32642326732673266,0.3066212871287129,0.38211633663366334,0.8595297029702971,0.0602
47165,Sumner County,Tennessee,TN,0.2927,2.4214173820149797e-06,0.8765903307888041,0.8944925742574257,0.1475826972,0.5569338422391857,0.9387376237623762,0.49969059405940597,0.9566831683168316,0.7512376237623762,0.9254331683168316,0.8845915841584159,0.4319306930693069,0.39449257425742573,0.8288985148514851,0.0661
47167,Tipton County,Tennessee,TN,0.4158,0.15348493898643245,0.8104325699745547,0.761138613861386,0.731870229,0.5060432569974554,0.432240099009901,0.6030321782178217,0.9297648514851485,0.9068688118811881,0.844059405940594,0.9155321782178217,0.5872524752475248,0.3381806930693069,0.7880569306930693,0.0757
47169,Trousdale County,Tennessee,TN,0.2157,2.344974537063826e-06,0.061068702290076333,0.11417079207920793,0.10623409669999999,0.32538167938931295,0.2995049504950495,0.31219059405940597,0.34034653465346537,0.22586633663366337,0.37159653465346537,0.3155940594059406,0.22617574257425743,0.05785891089108911,0.14975247524752475,0.0182
47171,Unicoi County,Tennessee,TN,0.5371,2.3001711339768173e-06,0.10591603053435111,0.10426980198019802,0.5467557252,0.2455470737913486,0.33292079207920794,0.5117574257425742,0.19709158415841585,0.053527227722772276,0.45389851485148514,0.3372524752475248,0.07317450495049505,0.34344059405940597,0.4848391089108911,0.0325
47173,Union County,Tennessee,TN,0.3783,0.0,0.12881679389312978,0.13366336633663367,0.4685114504,0.1313613231552163,0.42357673267326734,0.42883663366336633,0.37066831683168316,0.1485148514851485,0.34375,0.3338490099009901,0.07317450495049505,0.5176361386138614,0.38985148514851486,0.0308
47175,Van Buren County,Tennessee,TN,0.623,2.3001711339768173e-06,0.02671755725190839,0.036819306930693074,0.256043257,0.1361323155216285,0.18193069306930693,0.3963490099009901,0.2942450495049505,0.06590346534653466,0.3582920792079208,0.17636138613861385,0.2871287128712871,0.380259900990099,0.16676980198019803,0.0379
47177,Warren County,Tennessee,TN,0.7805,2.8190819569366584e-06,0.6345419847328244,0.5745668316831682,0.6733460560000001,0.23314249363867684,0.7493811881188119,0.6553217821782178,0.8536509900990099,0.23638613861386137,0.8267326732673267,0.5139232673267327,0.8357054455445545,0.2568069306930693,0.625,0.0677
47179,Washington County,Tennessee,TN,0.5857,2.3001711339768173e-06,0.6116412213740458,0.6460396039603961,0.3676844784,0.7194656488549618,0.8784034653465347,0.6726485148514851,0.5142326732673267,0.19801980198019803,0.5334158415841584,0.6726485148514851,0.49597772277227725,0.4433787128712871,0.875,0.0501
47181,Wayne County,Tennessee,TN,0.7474,2.46243138952377e-06,0.42970737913486007,0.32642326732673266,0.7954834606,0.08810432569974555,0.46751237623762376,0.6395420792079208,0.7459777227722773,0.39882425742574257,0.7023514851485149,0.36076732673267325,0.2933168316831683,0.1454207920792079,0.4628712871287129,0.0566
47183,Weakley County,Tennessee,TN,0.608,2.6981265324101073e-06,0.7404580152671756,0.7626856435643564,0.3031170483,0.38708651399491095,0.7107054455445545,0.6113861386138614,0.7846534653465347,0.6974009900990099,0.8508663366336634,0.8273514851485149,0.6707920792079208,0.16120049504950495,0.9285272277227723,0.0679
47185,White County,Tennessee,TN,0.5154,2.740006430704101e-06,0.38549618320610685,0.35179455445544555,0.6294529261999999,0.33460559796437667,0.6680074257425742,0.5590965346534653,0.6689356435643564,0.2119430693069307,0.6964727722772277,0.4935024752475248,0.4127475247524752,0.3245668316831683,0.5962252475247525,0.0393
47187,Williamson County,Tennessee,TN,0.0165,2.354265669537968e-06,0.8514631043256999,0.9053217821782178,0.10623409669999999,0.9522900763358777,0.8941831683168316,0.5625,0.8917079207920792,0.7354579207920792,0.9099628712871287,0.8555074257425742,0.37530940594059403,0.41429455445544555,0.5498143564356436,0.0498
47189,Wilson County,Tennessee,TN,0.175,2.7031051305038743e-06,0.7999363867684478,0.8632425742574257,0.10623409669999999,0.6055979643765903,0.713180693069307,0.5442450495049505,0.8623143564356436,0.6336633663366337,0.8935643564356436,0.8224009900990099,0.33044554455445546,0.3901608910891089,0.7534034653465347,0.0542
48001,Anderson County,Texas,TX,0.896,0.03443681488100827,0.736323155216285,0.6550123762376238,0.8008905851999999,0.32283715012722647,0.8681930693069307,0.8025990099009901,0.9254331683168316,0.7911509900990099,0.8335396039603961,0.8366336633663366,0.6435643564356436,0.7877475247524752,0.8007425742574258,0.0803
48003,Andrews County,Texas,TX,0.6834,2.2871981015621657e-06,0.08969465648854963,0.1726485148514851,0.10623409669999999,0.1628498727735369,0.23422029702970298,0.37530940594059403,0.2057549504950495,0.33663366336633666,0.18193069306930693,0.33508663366336633,0.8533415841584159,0.7564975247524752,0.24474009900990099,0.0404
48005,Angelina County,Texas,TX,0.9917,2.16282585816836e-06,0.7181933842239185,0.655940594059406,0.7245547073999999,0.36036895674300257,0.9294554455445545,0.8610767326732673,0.6837871287128713,0.9532797029702971,0.6543935643564357,0.7793935643564357,0.6240717821782178,0.8100247524752475,0.9344059405940595,0.0788
48007,Aransas County,Texas,TX,0.7614,1.861926521675468e-06,0.6119592875318066,0.5108292079207921,0.9077608142,0.8285623409669214,0.1998762376237624,0.9350247524752475,0.5971534653465347,0.6030321782178217,0.7162747524752475,0.3474628712871287,0.1905940594059406,0.6287128712871287,0.3323019801980198,0.0531
48009,Archer County,Texas,TX,0.2657,3.0414680762736913e-05,0.07697201017811704,0.07797029702970297,0.4287531807,0.3651399491094148,0.32735148514851486,0.47215346534653463,0.33601485148514854,0.43657178217821785,0.2057549504950495,0.3994430693069307,0.7159653465346535,0.8477722772277227,0.06342821782178218,0.019
48011,Armstrong County,Texas,TX,0.0865,2.278231945471347e-06,0.20038167938931298,0.19183168316831684,0.5610687022999999,0.49141221374045796,0.19306930693069307,0.1551670792079208,0.26082920792079206,0.13211633663366337,0.10983910891089109,0.18162128712871287,0.9839108910891089,0.7512376237623762,0.0510519801980198,0.0125
48013,Atascosa County,Texas,TX,0.8664,2.208607616771179e-06,0.6068702290076335,0.4780321782178218,0.8956743003,0.1431297709923664,0.5275371287128713,0.7534034653465347,0.8245668316831684,0.8118811881188119,0.4817450495049505,0.40965346534653463,0.9248143564356436,0.754950495049505,0.8035272277227723,0.0704
48015,Austin County,Texas,TX,0.7133,0.16663777919686315,0.5314885496183206,0.49474009900990107,0.6323155216,0.39153944020356235,0.6438737623762376,0.8214727722772277,0.7793935643564357,0.6280940594059405,0.5983910891089109,0.5504331683168316,0.8431311881188119,0.5600247524752475,0.5281559405940595,0.0672
48017,Bailey County,Texas,TX,0.7843,2.1267546707893346e-06,0.4243002544529262,0.25587871287128716,0.9131679389,0.0178117048346056,0.71875,0.5423886138613861,0.4396658415841584,0.35426980198019803,0.6590346534653465,0.24474009900990099,0.9681311881188119,0.8920173267326733,0.1989480198019802,0.0595
48019,Bandera County,Texas,TX,0.5899,2.307063965220972e-06,0.6669847328244275,0.5501237623762376,0.8899491093999999,0.29325699745547074,0.6265470297029703,0.604269801980198,0.6596534653465347,0.42264851485148514,0.3146658415841584,0.16676980198019803,0.6974009900990099,0.8703589108910891,0.8480816831683168,0.0608
48021,Bastrop County,Texas,TX,0.7566,1.88932455377536e-06,0.811704834605598,0.8094059405940596,0.4363867684,0.26494910941475824,0.6893564356435643,0.7274133663366337,0.9130569306930693,0.8415841584158416,0.755569306930693,0.6089108910891089,0.7701113861386139,0.7255569306930693,0.7100866336633663,0.0826
48023,Baylor County,Texas,TX,0.462,2.605386378974087e-06,0.1749363867684478,0.09653465346534654,0.9583333333,0.5575699745547074,0.6314975247524752,0.49133663366336633,0.3561262376237624,0.35179455445544555,0.19152227722772278,0.3341584158415842,0.9455445544554455,0.6550123762376238,0.04238861386138614,0.0236
48025,Bee County,Texas,TX,0.9166,1.979651685174743e-06,0.6269083969465649,0.5337252475247525,0.7881679389,0.11005089058524171,0.4542079207920792,0.9347153465346535,0.6587252475247525,0.8273514851485149,0.6909034653465347,0.5556930693069307,0.8991336633663366,0.6284034653465347,0.5875618811881188,0.0753
48027,Bell County,Texas,TX,0.937,2.0055527434868827e-06,0.9112595419847328,0.9130569306930693,0.2993002545,0.6084605597964376,0.7781559405940595,0.8443688118811881,0.9860767326732673,0.9474009900990099,0.9529702970297029,0.7741336633663366,0.629950495049505,0.8994430693069307,0.9727722772277227,0.0916
48029,Bexar County,Texas,TX,0.9192,0.052482525384144205,0.9942748091603053,0.9928836633663365,0.5722010178,0.21692111959287538,0.8740717821782178,0.8777846534653465,0.9990717821782178,0.9941212871287128,0.9489480198019802,0.8063118811881188,0.7035891089108911,0.9257425742574258,0.9656559405940595,0.1135
48031,Blanco County,Texas,TX,0.2339,1.9806216134398952e-06,0.33015267175572516,0.3561262376237624,0.4538804071,0.5251272264631043,0.24659653465346534,0.6460396039603961,0.43564356435643564,0.32735148514851486,0.27939356435643564,0.1936881188118812,0.8310643564356436,0.755259900990099,0.37654702970297027,0.0226
48033,Borden County,Texas,TX,0.0267,1.8012860008750476e-06,0.05693384223918575,0.03929455445544555,0.6062340967000001,0.054707379134860054,0.13397277227722773,0.3381806930693069,0.13675742574257427,0.10736386138613861,0.10891089108910891,0.10674504950495049,0.937190594059406,0.7534034653465347,0.0343440594059406,0.0194
48035,Bosque County,Texas,TX,0.5794,1.8587571691514457e-06,0.36895674300254455,0.31435643564356436,0.6981552163000001,0.3336513994910941,0.24969059405940594,0.655940594059406,0.7215346534653465,0.5801361386138614,0.48576732673267325,0.29176980198019803,0.43719059405940597,0.8524133663366337,0.9096534653465347,0.0405
48037,Bowie County,Texas,TX,0.8766,0.11106302212278694,0.7900763358778626,0.754950495049505,0.6377226463,0.5019083969465649,0.5479579207920792,0.6287128712871287,0.9390470297029703,0.9180074257425742,0.6540841584158416,0.9681311881188119,0.7125618811881188,0.7493811881188119,0.8582920792079208,0.0873
48039,Brazoria County,Texas,TX,0.6519,2.035638940003904e-06,0.9363867684478373,0.9452351485148515,0.239821883,0.8199745547073792,0.6067450495049505,0.9771039603960396,0.9712252475247525,0.9331683168316832,0.8360148514851485,0.8616955445544554,0.849009900990099,0.8647896039603961,0.9566831683168316,0.0815
48041,Brazos County,Texas,TX,0.804,2.203864626084644e-06,0.8835877862595418,0.8663366336633663,0.5989185751,0.48854961832061067,0.8954207920792079,0.8935643564356436,0.9675123762376238,0.9204826732673267,0.9758663366336634,0.8570544554455446,0.854269801980198,0.5949876237623762,0.9758663366336634,0.0858
48043,Brewster County,Texas,TX,0.6478,2.3297008628290024e-06,0.21055979643765904,0.20575495049504947,0.5213104326,0.23918575063613232,0.09467821782178218,0.46844059405940597,0.17326732673267325,0.6398514851485149,0.14665841584158415,0.48886138613861385,0.7512376237623762,0.8898514851485149,0.7404084158415841,0.0394
48045,Briscoe County,Texas,TX,0.5479,2.252845977026537e-06,0.0874681933842239,0.16646039603960397,0.10623409669999999,0.1440839694656489,0.11695544554455446,0.328279702970297,0.17636138613861385,0.1983292079207921,0.12221534653465346,0.1318069306930693,0.9672029702970297,0.5912747524752475,0.04795792079207921,0.036
48047,Brooks County,Texas,TX,0.9163,0.09770373225063385,0.6081424936386769,0.4668935643564357,0.8889949108999999,0.03307888040712468,0.07611386138613861,0.8635519801980198,0.2286509900990099,0.3558168316831683,0.9721534653465347,0.33353960396039606,0.27660891089108913,0.6116955445544554,0.11045792079207921,0.0836
48049,Brown County,Texas,TX,0.9135,2.218844200165212e-06,0.648854961832061,0.5903465346534653,0.7134223919,0.6256361323155216,0.7280321782178217,0.5918935643564357,0.7128712871287128,0.6293316831683168,0.6989480198019802,0.12685643564356436,0.7246287128712872,0.8654084158415841,0.4631806930693069,0.0647
48051,Burleson County,Texas,TX,0.5049,2.1107332887402086e-06,0.2913486005089059,0.2416460396039604,0.6860687022999999,0.30438931297709926,0.31714108910891087,0.7961014851485149,0.38273514851485146,0.49535891089108913,0.6154084158415841,0.5847772277227723,0.8511757425742574,0.4412128712871287,0.3660272277227723,0.0351
48053,Burnet County,Texas,TX,0.5819,0.13121327208714773,0.7662213740458015,0.6865717821782178,0.8266539439999999,0.3552798982188295,0.8357054455445545,0.7063737623762376,0.8517945544554455,0.8279702970297029,0.7431930693069307,0.37685643564356436,0.6828589108910891,0.8917079207920792,0.6571782178217822,0.0786
48055,Caldwell County,Texas,TX,0.8956,2.3803232551470336e-06,0.7977099236641223,0.7509282178217822,0.6466284987,0.09033078880407125,0.8536509900990099,0.7051361386138614,0.833230198019802,0.7506188118811881,0.5600247524752475,0.4557549504950495,0.8610767326732673,0.6887376237623762,0.6478960396039604,0.0908
48057,Calhoun County,Texas,TX,0.72,0.0,0.662531806615776,0.6293316831683168,0.6323155216,0.7388676844783714,0.14573019801980197,0.9467821782178217,0.4752475247524752,0.5439356435643564,0.7961014851485149,0.37376237623762376,0.911509900990099,0.5928217821782178,0.780940594059406,0.0576
48059,Callahan County,Texas,TX,0.2956,0.06249864268080295,0.1469465648854962,0.12128712871287128,0.7013358779000001,0.7598600508905853,0.3375618811881188,0.47308168316831684,0.5399133663366337,0.4542079207920792,0.18811881188118812,0.12902227722772278,0.6095297029702971,0.8248762376237624,0.18254950495049505,0.0191
48061,Cameron County,Texas,TX,0.9844,0.037038081888373195,0.9729643765903309,0.9477103960396039,0.9166666667,0.06297709923664122,0.8796410891089109,0.9928836633663366,0.8555074257425742,0.973700495049505,0.995049504950495,0.9492574257425742,0.8366336633663366,0.8422029702970297,0.8279702970297029,0.1165
48063,Camp County,Texas,TX,0.917,0.15350340109459698,0.39344783715012716,0.23793316831683167,0.9554707379000001,0.2236005089058524,0.6296410891089109,0.6642945544554455,0.8236386138613861,0.6181930693069307,0.42667079207920794,0.9217202970297029,0.7286509900990099,0.7178217821782178,0.3375618811881188,0.0684
48065,Carson County,Texas,TX,0.083,0.045447295422351076,0.2522264631043257,0.4047029702970298,0.1138676845,0.7127862595419847,0.36386138613861385,0.1551670792079208,0.4245049504950495,0.13706683168316833,0.30198019801980197,0.3499381188118812,0.9786509900990099,0.8722153465346535,0.1478960396039604,0.0157
48067,Cass County,Texas,TX,0.8619,0.09998713844449497,0.5079516539440203,0.38118811881188125,0.9128498728,0.3743638676844784,0.8589108910891089,0.6757425742574258,0.7469059405940595,0.8038366336633663,0.48298267326732675,0.9452351485148515,0.6952351485148515,0.7162747524752475,0.5600247524752475,0.0649
48069,Castro County,Texas,TX,0.7801,2.0510833513362712e-06,0.344147582697201,0.2530940594059406,0.7550890585000001,0.01749363867684478,0.5618811881188119,0.1551670792079208,0.551980198019802,0.21658415841584158,0.5182549504950495,0.23824257425742573,0.9443069306930693,0.745049504950495,0.21163366336633663,0.056
48071,Chambers County,Texas,TX,0.4798,2.3001711339768173e-06,0.5184478371501272,0.7274133663366337,0.10623409669999999,0.9726463104325701,0.2370049504950495,0.8944925742574258,0.7629950495049505,0.5442450495049505,0.504950495049505,0.5999381188118812,0.6441831683168316,0.7942450495049505,0.7530940594059405,0.0405
48073,Cherokee County,Texas,TX,0.9717,2.5257156984794022e-06,0.6164122137404581,0.5547648514851485,0.7083333333,0.25349872773536897,0.9189356435643564,0.7827970297029703,0.7035891089108911,0.8353960396039604,0.7889851485148515,0.8316831683168316,0.8849009900990099,0.7843440594059405,0.7116336633663366,0.0726
48075,Childress County,Texas,TX,0.7178,2.4192687043684672e-06,0.19561068702290074,0.19090346534653466,0.5375318066,0.26717557251908397,0.8997524752475248,0.39542079207920794,0.32735148514851486,0.2555693069306931,0.23978960396039603,0.5776608910891089,0.9529702970297029,0.6568688118811881,0.125,0.0406
48077,Clay County,Texas,TX,0.1772,2.3001711339768173e-06,0.1428117048346056,0.15996287128712872,0.4328880407,0.57029262086514,0.3465346534653465,0.4628712871287129,0.5355816831683168,0.4749381188118812,0.2110148514851485,0.43038366336633666,0.6964727722772277,0.8821163366336634,0.07023514851485149,0.0128
48079,Cochran County,Texas,TX,0.938,2.505587882936847e-06,0.12786259541984732,0.08137376237623763,0.7328244275,0.02512722646310432,0.2877475247524752,0.40501237623762376,0.23824257425742573,0.12561881188118812,0.2301980198019802,0.15903465346534654,0.9489480198019802,0.6918316831683168,0.0640470297029703,0.0543
48081,Coke County,Texas,TX,0.6379,2.3001711339768173e-06,0.03657760814249364,0.02784653465346535,0.5702926209,0.2833969465648855,0.2716584158415842,0.37314356435643564,0.24938118811881188,0.24257425742574257,0.13551980198019803,0.11386138613861387,0.5971534653465347,0.8378712871287128,0.13706683168316833,0.0341
48083,Coleman County,Texas,TX,0.6449,2.334407258803489e-06,0.20610687022900762,0.13087871287128713,0.8842239186,0.43765903307888043,0.7855816831683168,0.5464108910891089,0.4000618811881188,0.37964108910891087,0.2484529702970297,0.15222772277227722,0.7846534653465347,0.7957920792079208,0.3251856435643564,0.0336
48085,Collin County,Texas,TX,0.2997,0.010197201091455246,0.988549618320611,0.994121287128713,0.10623409669999999,0.583651399491094,0.880569306930693,0.7014232673267327,0.9993811881188119,0.9780321782178217,0.9585396039603961,0.9211014851485149,0.34282178217821785,0.8152846534653465,0.6856435643564357,0.0786
48087,Collingsworth County,Texas,TX,0.8498,2.3001711339768173e-06,0.2741730279898219,0.24319306930693071,0.5861959288,0.03784987277353689,0.5516707920792079,0.34870049504950495,0.3582920792079208,0.14913366336633663,0.2202970297029703,0.6333539603960396,0.9848391089108911,0.7580445544554455,0.10674504950495049,0.0552
48089,Colorado County,Texas,TX,0.7639,2.157158924760691e-06,0.6224554707379135,0.5266089108910892,0.8390585242,0.4055343511450381,0.49226485148514854,0.9108910891089109,0.71875,0.635519801980198,0.8066212871287128,0.59375,0.9272896039603961,0.5080445544554455,0.6231435643564357,0.0611
48091,Comal County,Texas,TX,0.2749,2.2763265698402404e-06,0.9268447837150129,0.9393564356435643,0.227735369,0.7353689567430025,0.776299504950495,0.7246287128712872,0.9340965346534653,0.8861386138613861,0.7725866336633663,0.6364480198019802,0.6748143564356436,0.8960396039603961,0.8963490099009901,0.0678
48093,Comanche County,Texas,TX,0.7267,2.1206384346331753e-06,0.510178117048346,0.38985148514851486,0.8638676845000001,0.14185750636132316,0.41429455445544555,0.6581064356435643,0.6840965346534653,0.4520420792079208,0.6426361386138614,0.24907178217821782,0.8056930693069307,0.9235767326732673,0.4665841584158416,0.0588
48095,Concho County,Texas,TX,0.7534,2.0921533751169973e-06,0.044847328244274814,0.03310643564356436,0.6157760814000001,0.09987277353689566,0.1547029702970297,0.4591584158415842,0.2042079207920792,0.2063737623762376,0.10117574257425743,0.09313118811881188,0.8827351485148515,0.6342821782178217,0.19492574257425743,0.0439
48097,Cooke County,Texas,TX,0.6946,2.1196785359431767e-06,0.7331424936386768,0.7107054455445545,0.5321246819000001,0.2592239185750636,0.7011138613861386,0.6154084158415841,0.9170792079207921,0.7821782178217822,0.3926361386138614,0.8777846534653465,0.9801980198019802,0.9173886138613861,0.4087252475247525,0.0728
48099,Coryell County,Texas,TX,0.833,2.3269416264514484e-06,0.6342239185750637,0.651299504950495,0.3858142494,0.14376590330788805,0.3873762376237624,0.6921410891089109,0.8796410891089109,0.7085396039603961,0.78125,0.4783415841584158,0.4526608910891089,0.8369430693069307,0.8613861386138614,0.0736
48101,Cottle County,Texas,TX,0.6732,2.1509410026208594e-06,0.12468193384223919,0.055693069306930694,0.9646946565000001,0.12849872773536897,0.34777227722772275,0.38675742574257427,0.1983292079207921,0.15594059405940594,0.07704207920792079,0.3502475247524752,0.9746287128712872,0.6389232673267327,0.06775990099009901,0.0411
48103,Crane County,Texas,TX,0.7092,0.2477661857675989,0.01145038167938931,0.00618811881188119,0.8031170483,0.06965648854961833,0.2079207920792079,0.3406559405940594,0.1630569306930693,0.2806311881188119,0.1280940594059406,0.23143564356435645,0.15872524752475248,0.5535272277227723,0.16893564356435645,0.0629
48105,Crockett County,Texas,TX,0.4098,2.071351599231015e-06,0.05820610687022901,0.0625,0.3422391858,0.15203562340966922,0.07209158415841584,0.40470297029702973,0.12469059405940594,0.1655321782178218,0.09653465346534654,0.07301980198019802,0.5117574257425742,0.7874381188118812,0.12097772277227722,0.03
48107,Crosby County,Texas,TX,0.9504,2.203005229505521e-06,0.23727735368956743,0.11262376237623763,0.9872773537,0.10559796437659032,0.6534653465346535,0.41058168316831684,0.47957920792079206,0.22060643564356436,0.3066212871287129,0.4665841584158416,0.9628712871287128,0.6231435643564357,0.1021039603960396,0.0546
48109,Culberson County,Texas,TX,0.8393,2.0254805823599026e-06,0.11641221374045801,0.04579207920792079,0.9739185750999999,0.00986005089058524,0.18780940594059406,0.3431311881188119,0.08292079207920793,0.17481435643564355,0.10581683168316831,0.530940594059406,0.9678217821782178,0.6813118811881188,0.15965346534653466,0.051
48111,Dallam County,Texas,TX,0.6039,2.255251802345992e-06,0.5114503816793893,0.48824257425742573,0.5174936387,0.005725190839694661,0.4619430693069307,0.1551670792079208,0.3771658415841584,0.1327351485148515,0.7679455445544554,0.5071163366336634,0.9925742574257426,0.7524752475247525,0.7274133663366337,0.0603
48113,Dallas County,Texas,TX,0.8925,0.04643252986720912,0.9965012722646308,0.9965965346534652,0.5912849873,0.1294529262086514,0.9851485148514851,0.8038366336633663,0.9984529702970297,0.9993811881188119,0.9987623762376238,0.9969059405940595,0.3598391089108911,0.8081683168316832,0.9811262376237624,0.115
48115,Dawson County,Texas,TX,0.9876,2.352742527518355e-06,0.3874045801526719,0.28217821782178215,0.8260178117,0.21564885496183206,0.7738242574257426,0.5126856435643564,0.5343440594059405,0.34251237623762376,0.7527846534653465,0.2871287128712871,0.9399752475247525,0.5813737623762376,0.16800742574257427,0.059
48117,Deaf Smith County,Texas,TX,0.7245,2.300829536303541e-06,0.6180025445292621,0.5996287128712872,0.5066793893,0.04357506361323155,0.8539603960396039,0.1551670792079208,0.7051361386138614,0.28929455445544555,0.8688118811881188,0.265470297029703,0.9817450495049505,0.8613861386138614,0.3521039603960396,0.0711
48119,Delta County,Texas,TX,0.3665,2.143129095313674e-06,0.089058524173028,0.08787128712871287,0.5143129771,0.6030534351145038,0.19090346534653466,0.5652846534653465,0.5068069306930693,0.38613861386138615,0.2431930693069307,0.8261138613861386,0.8016707920792079,0.4124381188118812,0.0853960396039604,0.0178
48121,Denton County,Texas,TX,0.3796,0.010974260511200139,0.9691475826972008,0.9826732673267327,0.10623409669999999,0.37150127226463103,0.9291460396039604,0.6915222772277227,0.9981435643564357,0.9805074257425742,0.9409034653465347,0.974009900990099,0.38613861386138615,0.9316212871287128,0.8115717821782178,0.084
48123,DeWitt County,Texas,TX,0.8441,1.956941831858114e-06,0.839058524173028,0.7348391089108911,0.9767811705,0.37786259541984735,0.3666460396039604,0.9279084158415841,0.7153465346534653,0.6779084158415841,0.7388613861386139,0.3805693069306931,0.7274133663366337,0.6847153465346535,0.6398514851485149,0.0834
48125,Dickens County,Texas,TX,0.7588,2.2496909665631853e-06,0.1361323155216285,0.06652227722772276,0.93543257,0.16030534351145037,0.30198019801980197,0.3521039603960396,0.20235148514851486,0.15284653465346534,0.19306930693069307,0.2370049504950495,0.969059405940594,0.7704207920792079,0.0724009900990099,0.0434
48127,Dimmit County,Texas,TX,0.9994,2.4628390475682e-06,0.3587786259541985,0.18657178217821785,0.9955470738,0.05884223918575064,0.08941831683168316,0.7165841584158416,0.30198019801980197,0.9508044554455446,0.525680693069307,0.31404702970297027,0.812190594059406,0.5578589108910891,0.41089108910891087,0.0625
48129,Donley County,Texas,TX,0.3353,2.0950834073342804e-06,0.26622137404580154,0.2017326732673267,0.7251908397,0.13486005089058525,0.4814356435643564,0.41027227722772275,0.4186262376237624,0.19090346534653466,0.33292079207920794,0.5145420792079208,0.9798886138613861,0.849319306930693,0.1463490099009901,0.0329
48131,Duval County,Texas,TX,0.9768,1.919265292764358e-06,0.5442111959287532,0.3502475247524752,0.9933206107,0.04993638676844783,0.1782178217821782,0.8134282178217822,0.33632425742574257,0.7425742574257426,0.9501856435643564,0.5179455445544554,0.3551980198019802,0.5371287128712872,0.07889851485148515,0.0722
48133,Eastland County,Texas,TX,0.8616,2.2154107149761408e-06,0.41157760814249367,0.3276608910891089,0.8031170483,0.5960559796437659,0.4551361386138614,0.6051980198019802,0.6621287128712872,0.5108292079207921,0.6602722772277227,0.34498762376237624,0.6116955445544554,0.8839727722772277,0.3623143564356436,0.0469
48135,Ector County,Texas,TX,0.9421,0.019210480066800654,0.8282442748091603,0.8245668316831682,0.44879134860000003,0.14726463104325702,0.8780940594059405,0.5275371287128713,0.8288985148514851,0.8669554455445545,0.692759900990099,0.7781559405940595,0.6014851485148515,0.8864480198019802,0.8635519801980198,0.096
48137,Edwards County,Texas,TX,0.6844,2.1753117923327655e-06,0.057251908396946556,0.02258663366336634,0.8708651399,0.029262086513994912,0.07642326732673267,0.59375,0.16027227722772278,0.13830445544554457,0.1188118811881188,0.07332920792079207,0.6290222772277227,0.7518564356435643,0.18626237623762376,0.0439
48139,Ellis County,Texas,TX,0.5695,0.027774044387719955,0.8161577608142494,0.8264232673267327,0.3530534351,0.7528625954198473,0.4344059405940594,0.6454207920792079,0.8808787128712872,0.9096534653465347,0.8917079207920792,0.6104579207920792,0.43254950495049505,0.864480198019802,0.8657178217821783,0.069
48141,El Paso County,Texas,TX,0.9825,2.0487968814511833e-06,0.9545165394402035,0.9245049504950497,0.8517811705,0.04071246819338423,0.9554455445544554,0.5634282178217822,0.3657178217821782,0.9873143564356436,0.8397277227722773,0.7264851485148515,0.9613242574257426,0.7175123762376238,0.9987623762376238,0.1121
48143,Erath County,Texas,TX,0.7996,0.04543310812666556,0.75,0.7589727722772277,0.3953562341,0.5610687022900763,0.5343440594059405,0.6766707920792079,0.8329207920792079,0.6039603960396039,0.9251237623762376,0.35457920792079206,0.6596534653465347,0.9560643564356436,0.6949257425742574,0.0753
48145,Falls County,Texas,TX,0.972,2.0141467155445647e-06,0.26240458015267176,0.17172029702970298,0.8562340967000001,0.3517811704834606,0.2806311881188119,0.7629950495049505,0.7069925742574258,0.5547648514851485,0.5086633663366337,0.3660272277227723,0.6333539603960396,0.557240099009901,0.6061262376237624,0.0492
48147,Fannin County,Texas,TX,0.643,2.7675896840957353e-06,0.6812977099236641,0.6958539603960396,0.3858142494,0.3444656488549619,0.6785272277227723,0.620049504950495,0.8765470297029703,0.8997524752475248,0.6392326732673267,0.9149133663366337,0.9913366336633663,0.7091584158415841,0.47741336633663367,0.0648
48149,Fayette County,Texas,TX,0.5234,2.088870709656114e-06,0.5798346055979644,0.5507425742574257,0.5982824427,0.556615776081425,0.5061881188118812,0.8558168316831684,0.7159653465346535,0.6014851485148515,0.6868811881188119,0.4566831683168317,0.7438118811881188,0.5108292079207921,0.5563118811881188,0.047
48151,Fisher County,Texas,TX,0.4248,2.227884146709208e-06,0.01940203562340967,0.04857673267326732,0.10623409669999999,0.6164122137404581,0.1630569306930693,0.35117574257425743,0.16893564356435645,0.1890470297029703,0.12995049504950495,0.15129950495049505,0.7716584158415841,0.5027846534653465,0.050433168316831686,0.019
48153,Floyd County,Texas,TX,0.7722,2.224450882856369e-06,0.30725190839694655,0.25495049504950495,0.7162849873,0.3775445292620866,0.567450495049505,0.48917079207920794,0.46410891089108913,0.1766707920792079,0.2964108910891089,0.40594059405940597,0.9217202970297029,0.7404084158415841,0.19709158415841585,0.0435
48155,Foard County,Texas,TX,0.6071,2.3001711339768173e-06,0.044529262086514,0.028774752475247533,0.6657124682,0.17302798982188292,0.5157797029702971,0.35457920792079206,0.19306930693069307,0.1859529702970297,0.06528465346534654,0.21287128712871287,0.9034653465346535,0.42667079207920794,0.03341584158415842,0.0363
48157,Fort Bend County,Texas,TX,0.4515,1.7785474784717288e-06,0.9745547073791349,0.9814356435643564,0.1698473282,0.7013358778625954,0.942759900990099,0.9820544554455446,0.9922648514851485,0.979269801980198,0.9557549504950495,0.9381188118811881,0.8499381188118812,0.8060024752475248,0.9938118811881188,0.0798
48159,Franklin County,Texas,TX,0.3821,2.6176050248112146e-06,0.2480916030534351,0.20915841584158415,0.6908396947,0.7086513994910942,0.5074257425742574,0.6701732673267327,0.7305074257425742,0.5228960396039604,0.3805693069306931,0.8935643564356436,0.6794554455445545,0.5996287128712872,0.17543316831683167,0.0208
48161,Freestone County,Texas,TX,0.8088,2.066621930747361e-06,0.5652035623409669,0.46287128712871284,0.8234732824,0.3059796437659033,0.3997524752475248,0.7889851485148515,0.7385519801980198,0.5343440594059405,0.9034653465346535,0.7153465346534653,0.7032797029702971,0.7088490099009901,0.6172648514851485,0.0609
48163,Frio County,Texas,TX,0.9698,9.26718375892245e-07,0.5594783715012722,0.3743811881188119,0.9281170483,0.01685750636132316,0.265779702970297,0.7892945544554455,0.5464108910891089,0.8539603960396039,0.8502475247524752,0.4470915841584158,0.9356435643564357,0.7583539603960396,0.5625,0.0743
48165,Gaines County,Texas,TX,0.6745,2.239035612457267e-06,0.5763358778625954,0.4514232673267326,0.7929389313,0.00699745547073791,0.7772277227722773,0.5504331683168316,0.4501856435643564,0.48886138613861385,0.8582920792079208,0.4771039603960396,0.9433787128712872,0.9356435643564357,0.4876237623762376,0.0659
48167,Galveston County,Texas,TX,0.7378,2.0205171822313156e-06,0.9538804071246821,0.9557549504950497,0.3244274809,0.9770992366412211,0.5346534653465347,0.9780321782178217,0.9702970297029703,0.937809405940594,0.9941212871287128,0.9121287128712872,0.9693688118811881,0.8533415841584159,0.9746287128712872,0.0854
48169,Garza County,Texas,TX,0.6984,2.462342251576841e-06,0.20006361323155214,0.11819306930693069,0.8161577608,0.01145038167938931,0.4412128712871287,0.34344059405940597,0.4087252475247525,0.22524752475247525,0.22462871287128713,0.32425742574257427,0.96875,0.8391089108910891,0.10117574257425743,0.0478
48171,Gillespie County,Texas,TX,0.6392,2.2054502541089154e-06,0.5769720101781171,0.5488861386138614,0.5944656489,0.568384223918575,0.47029702970297027,0.6689356435643564,0.7097772277227723,0.44925742574257427,0.4916460396039604,0.2868193069306931,0.8143564356435643,0.8443688118811881,0.6550123762376238,0.0508
48173,Glasscock County,Texas,TX,0.2784,2.1807404593607675e-06,0.04262086513994911,0.03743811881188118,0.47582697199999996,0.027989821882951647,0.18409653465346534,0.3926361386138614,0.1438737623762376,0.09003712871287128,0.09591584158415842,0.07425742574257425,0.9161509900990099,0.630259900990099,0.0525990099009901,0.0292
48175,Goliad County,Texas,TX,0.5243,1.8430841245218665e-06,0.22582697201017812,0.18873762376237624,0.6657124682,0.2875318066157761,0.0952970297029703,0.8889232673267327,0.3285891089108911,0.3208539603960396,0.31373762376237624,0.22834158415841585,0.6219059405940595,0.5693069306930693,0.1983292079207921,0.0339
48177,Gonzales County,Texas,TX,0.9087,1.956807944455674e-06,0.8565521628498728,0.7781559405940596,0.9017175573,0.1606234096692112,0.7543316831683168,0.9158415841584159,0.7323638613861386,0.6516089108910891,0.7271039603960396,0.30538366336633666,0.8944925742574258,0.7382425742574258,0.6992574257425742,0.0941
48179,Gray County,Texas,TX,0.8645,2.3772024148368283e-06,0.5989185750636132,0.5733292079207921,0.5591603053,0.2436386768447837,0.7623762376237624,0.45853960396039606,0.7747524752475248,0.26175742574257427,0.7688737623762376,0.8050742574257426,0.9783415841584159,0.9384282178217822,0.7484529702970297,0.0682
48181,Grayson County,Texas,TX,0.6888,0.033309890608106366,0.803117048346056,0.8103341584158416,0.38740458019999996,0.44243002544529264,0.5693069306930693,0.6537747524752475,0.9306930693069307,0.9297648514851485,0.8270420792079208,0.9223391089108911,0.4916460396039604,0.8641707920792079,0.5736386138613861,0.0777
48183,Gregg County,Texas,TX,0.8731,2.4111720461743197e-06,0.8699109414758268,0.8499381188118812,0.6062340967000001,0.3018447837150127,0.9693688118811881,0.7926980198019802,0.9795792079207921,0.9409034653465347,0.8824257425742574,0.9897896039603961,0.6692450495049505,0.6392326732673267,0.812190594059406,0.0913
48185,Grimes County,Texas,TX,0.8676,2.3617961586648262e-06,0.5696564885496184,0.4931930693069307,0.7410941476,0.2452290076335878,0.40129950495049505,0.8883044554455446,0.7663985148514851,0.5977722772277227,0.8205445544554455,0.6082920792079208,0.9344059405940595,0.6048886138613861,0.7840346534653465,0.0654
48187,Guadalupe County,Texas,TX,0.5256,0.047579563196155944,0.9150763358778626,0.9263613861386141,0.1892493639,0.5079516539440203,0.6231435643564357,0.7527846534653465,0.9245049504950495,0.8951113861386139,0.7196782178217822,0.5420792079207921,0.7908415841584159,0.7571163366336634,0.9019183168316832,0.0831
48189,Hale County,Texas,TX,0.9332,2.2238682029721186e-06,0.7843511450381677,0.7311262376237625,0.6771628499000001,0.20992366412213742,0.8514851485148515,0.5535272277227723,0.8589108910891089,0.34839108910891087,0.7382425742574258,0.6955445544554455,0.9310024752475248,0.7827970297029703,0.7787747524752475,0.0869
48191,Hall County,Texas,TX,0.8689,2.3001711339768173e-06,0.34605597964376583,0.20297029702970298,0.9052162850000001,0.03562340966921119,0.7654702970297029,0.3997524752475248,0.3353960396039604,0.27073019801980197,0.15810643564356436,0.5278465346534653,0.9885519801980198,0.7509282178217822,0.10426980198019802,0.0582
48193,Hamilton County,Texas,TX,0.6634,2.306144921055085e-06,0.12849872773536897,0.12623762376237624,0.536259542,0.35337150127226463,0.2249381188118812,0.6058168316831684,0.48050742574257427,0.31683168316831684,0.4127475247524752,0.2073019801980198,0.5163985148514851,0.8527227722772277,0.3650990099009901,0.0346
48195,Hansford County,Texas,TX,0.4836,2.415955348074436e-06,0.41984732824427484,0.421720297029703,0.46374045799999997,0.01940203562340967,0.27042079207920794,0.1551670792079208,0.38366336633663367,0.13892326732673269,0.7837252475247525,0.6379950495049505,0.9888613861386139,0.7038985148514851,0.3338490099009901,0.0502
48197,Hardeman County,Texas,TX,0.4222,2.1284895392162457e-06,0.08651399491094146,0.03465346534653466,0.9691475826999999,0.13835877862595422,0.6865717821782178,0.42357673267326734,0.3688118811881188,0.37345297029702973,0.1485148514851485,0.6540841584158416,0.8292079207920792,0.630569306930693,0.06373762376237624,0.0311
48199,Hardin County,Texas,TX,0.6465,2.3001711339768173e-06,0.6956106870229007,0.6992574257425743,0.44592875319999997,0.49459287531806617,0.39449257425742573,0.9047029702970297,0.8545792079207921,0.7017326732673267,0.7332920792079208,0.8917079207920792,0.4310024752475248,0.8338490099009901,0.901299504950495,0.0625
48201,Harris County,Texas,TX,0.9201,0.034425856569567245,0.9993638676844785,0.9990717821782178,0.6793893129999999,0.1787531806615776,0.9928836633663366,1.0,1.0,0.9972153465346535,0.9990717821782178,0.9959777227722773,0.7574257425742574,0.8582920792079208,0.9990717821782178,0.1138
48203,Harrison County,Texas,TX,0.9036,2.29840880534101e-06,0.7770356234096693,0.7122524752475248,0.7372773537,0.33333333333333326,0.6918316831683168,0.775990099009901,0.9368811881188119,0.9245049504950495,0.8963490099009901,0.9798886138613861,0.6813118811881188,0.7766089108910891,0.6791460396039604,0.0815
48205,Hartley County,Texas,TX,0.4683,0.03326035052797937,0.33110687022900764,0.4817450495049505,0.10623409669999999,0.0244910941475827,0.6590346534653465,0.1551670792079208,0.2849628712871287,0.10241336633663366,0.7732054455445545,0.26113861386138615,0.9814356435643564,0.719059405940594,0.37314356435643564,0.0492
48207,Haskell County,Texas,TX,0.812,0.03217099468751044,0.11704834605597965,0.10643564356435643,0.5982824427,0.34891857506361323,0.4786509900990099,0.48669554455445546,0.3400371287128713,0.32951732673267325,0.13459158415841585,0.25495049504950495,0.8586014851485149,0.801980198019802,0.0609529702970297,0.0423
48209,Hays County,Texas,TX,0.6723,2.3654311811063558e-06,0.9055343511450382,0.9142945544554455,0.1542620865,0.575381679389313,0.8647896039603961,0.7323638613861386,0.9619430693069307,0.9235767326732673,0.8038366336633663,0.6698638613861386,0.7824876237623762,0.8827351485148515,0.9498762376237624,0.0822
48211,Hemphill County,Texas,TX,0.5577,2.457642136168773e-06,0.16507633587786258,0.18162128712871287,0.3893129771,0.02162849872773537,0.4495668316831683,0.42667079207920794,0.5250618811881188,0.12097772277227722,0.40779702970297027,0.6206683168316832,0.9016089108910891,0.900680693069307,0.11076732673267327,0.0419
48213,Henderson County,Texas,TX,0.8291,0.11054962916165907,0.8454198473282443,0.7818688118811881,0.8323791348999999,0.3861323155216285,0.8944925742574258,0.7493811881188119,0.937190594059406,0.8771658415841584,0.9795792079207921,0.8347772277227723,0.5965346534653465,0.7614480198019802,0.8409653465346535,0.0929
48215,Hidalgo County,Texas,TX,0.9841,0.12106307018971454,0.9901399491094149,0.9786509900990099,0.9271628499000001,0.00858778625954199,0.8948019801980198,0.9962871287128713,0.9610148514851485,0.9888613861386139,0.9993811881188119,0.9857673267326733,0.9863861386138614,0.8425123762376238,0.9328589108910891,0.1274
48217,Hill County,Texas,TX,0.8562,2.325848227596821e-06,0.7296437659033078,0.6729579207920792,0.6997455471,0.3244274809160305,0.5925123762376238,0.7469059405940595,0.900680693069307,0.7654702970297029,0.9573019801980198,0.7905321782178217,0.8258044554455446,0.8267326732673267,0.7939356435643564,0.0759
48219,Hockley County,Texas,TX,0.93,0.0217222964409224,0.5143129770992366,0.47586633663366334,0.6272264631,0.17270992366412213,0.7252475247524752,0.4511138613861386,0.7524752475247525,0.3025990099009901,0.46782178217821785,0.5269183168316832,0.9384282178217822,0.7682549504950495,0.31157178217821785,0.0682
48221,Hood County,Texas,TX,0.525,0.09084482248356089,0.7051526717557252,0.7162747524752475,0.38740458019999996,0.5890585241730281,0.5179455445544554,0.650990099009901,0.9232673267326733,0.8035272277227723,0.8428217821782178,0.7902227722772277,0.5099009900990099,0.9152227722772277,0.7119430693069307,0.0645
48223,Hopkins County,Texas,TX,0.7525,0.058734549855415395,0.7121501272264631,0.7069925742574257,0.4621501272,0.33842239185750633,0.8969678217821783,0.687809405940594,0.9217202970297029,0.7722772277227723,0.8669554455445545,0.9517326732673267,0.6760519801980198,0.6658415841584159,0.35767326732673266,0.0759
48225,Houston County,Texas,TX,0.9625,2.3364211484991754e-06,0.6065521628498728,0.45699257425742573,0.9557888041,0.2541348600508906,0.5306311881188119,0.8335396039603961,0.6472772277227723,0.7224628712871287,0.8818069306930693,0.6636757425742574,0.8242574257425742,0.7840346534653465,0.9879331683168316,0.0702
48227,Howard County,Texas,TX,0.8816,0.041624607458030136,0.5480279898218829,0.47648514851485146,0.7404580153000001,0.35782442748091603,0.6621287128712872,0.5099009900990099,0.6701732673267327,0.5897277227722773,0.43254950495049505,0.3010519801980198,0.948019801980198,0.8975866336633663,0.3932549504950495,0.0647
48229,Hudspeth County,Texas,TX,0.9943,2.0472371455941013e-06,0.02290076335877862,0.014851485148514849,0.5632951654,0.00031806615776081,0.1624381188118812,0.31342821782178215,0.04795792079207921,0.18193069306930693,0.08601485148514851,0.2636138613861386,0.8171410891089109,0.2750618811881188,0.21349009900990099,0.0558
48231,Hunt County,Texas,TX,0.8746,0.000646235659045907,0.821882951653944,0.812809405940594,0.4968193384,0.410941475826972,0.844059405940594,0.599009900990099,0.9656559405940595,0.9158415841584159,0.8706683168316832,0.9733910891089109,0.45451732673267325,0.7753712871287128,0.5024752475247525,0.084
48233,Hutchinson County,Texas,TX,0.3245,2.4346159931832685e-06,0.6768447837150127,0.6404702970297029,0.6173664122,0.361323155216285,0.682549504950495,0.1551670792079208,0.7892945544554455,0.34715346534653463,0.8864480198019802,0.7410272277227723,0.9879331683168316,0.9508044554455446,0.5983910891089109,0.0516
48235,Irion County,Texas,TX,0.2962,0.004416286567262144,0.0178117048346056,0.010829207920792082,0.7169211196,0.15267175572519084,0.17728960396039603,0.32642326732673266,0.13366336633663367,0.17141089108910892,0.0952970297029703,0.08353960396039604,0.6055074257425742,0.8353960396039604,0.07301980198019802,0.0259
48237,Jack County,Texas,TX,0.9418,0.04541209507653859,0.1138676844783715,0.14665841584158415,0.2942111959,0.14599236641221375,0.35457920792079206,0.4817450495049505,0.42976485148514854,0.6061262376237624,0.20358910891089108,0.3406559405940594,0.7599009900990099,0.8660272277227723,0.06899752475247525,0.054
48239,Jackson County,Texas,TX,0.8094,2.0560612602739776e-06,0.7169211195928753,0.6630569306930693,0.6812977098999999,0.31774809160305345,0.16800742574257427,0.9557549504950495,0.5129950495049505,0.567759900990099,0.5816831683168316,0.5563118811881188,0.9031559405940595,0.6488242574257426,0.53125,0.0733
48241,Jasper County,Texas,TX,0.8737,1.7935162363633753e-06,0.611323155216285,0.5145420792079208,0.8139312977000001,0.19083969465648856,0.7218440594059405,0.9161509900990099,0.6918316831683168,0.6946163366336634,0.6624381188118812,0.8112623762376238,0.43564356435643564,0.8350866336633663,0.8202351485148515,0.07
48243,Jeff Davis County,Texas,TX,0.4738,1.906063293602949e-06,0.029262086513994912,0.01918316831683168,0.7022900763,0.17334605597964375,0.06683168316831684,0.3248762376237624,0.09003712871287128,0.22926980198019803,0.08292079207920793,0.369740099009901,0.22586633663366337,0.8879950495049505,0.13304455445544555,0.0314
48245,Jefferson County,Texas,TX,0.9723,1.8892126724595171e-06,0.9567430025445293,0.9375,0.8409669211,0.6482188295165394,0.8449876237623762,0.9870049504950495,0.9854579207920792,0.9300742574257426,0.9672029702970297,0.9470915841584159,0.8793316831683168,0.9263613861386139,0.9972153465346535,0.0967
48247,Jim Hogg County,Texas,TX,0.6427,1.871134506328438e-06,0.4545165394402035,0.25804455445544555,0.9879134860000001,0.020356234096692113,0.06373762376237624,0.7441212871287128,0.1661509900990099,0.28620049504950495,0.9461633663366337,0.30074257425742573,0.07317450495049505,0.5272277227722773,0.05228960396039604,0.0557
48249,Jim Wells County,Texas,TX,0.9491,0.016409233115839472,0.8651399491094147,0.7877475247524752,0.9332061068999999,0.18384223918575063,0.4248143564356436,0.9560643564356436,0.692759900990099,0.8499381188118812,0.9863861386138614,0.8326113861386139,0.8193069306930693,0.7168935643564357,0.5454826732673267,0.097
48251,Johnson County,Texas,TX,0.6284,2.352793511544309e-06,0.8667302798982189,0.8790222772277229,0.2321882952,0.55470737913486,0.7849628712871287,0.6550123762376238,0.9814356435643564,0.9285272277227723,0.8870668316831684,0.8245668316831684,0.3917079207920792,0.9452351485148515,0.7685643564356436,0.077
48253,Jones County,Texas,TX,0.5829,2.235575604720045e-06,0.3794529262086514,0.3029084158415841,0.7754452926000001,0.5108142493638677,0.5631188118811881,0.49659653465346537,0.5560024752475248,0.5662128712871287,0.21689356435643564,0.3536509900990099,0.8814975247524752,0.8579826732673267,0.17172029702970298,0.0369
48255,Karnes County,Texas,TX,0.9367,1.4144677223594522e-06,0.5842875318066157,0.4223391089108911,0.9847328244000001,0.30629770992366406,0.2948638613861386,0.8898514851485149,0.6231435643564357,0.6358292079207921,0.4808168316831683,0.32332920792079206,0.8734529702970297,0.6027227722772277,0.4433787128712871,0.066
48257,Kaufman County,Texas,TX,0.7089,2.395281586945422e-06,0.7617684478371501,0.8109529702970297,0.1822519084,0.6348600508905853,0.5068069306930693,0.6314975247524752,0.8502475247524752,0.9353341584158416,0.8298267326732673,0.45792079207920794,0.375,0.8050742574257426,0.5102103960396039,0.069
48259,Kendall County,Texas,TX,0.3411,0.05879073388927164,0.6548982188295165,0.6890470297029703,0.3279262087,0.6994274809160305,0.6525371287128713,0.6126237623762376,0.7428836633663366,0.48205445544554454,0.5225866336633663,0.20699257425742573,0.7351485148514851,0.8586014851485149,0.781559405940594,0.0498
48261,Kenedy County,Texas,TX,0.6678,2.3001711339768173e-06,0.2837150127226463,0.2125618811881188,0.6905216285,0.00763358778625954,0.039294554455445545,0.8004331683168316,0.07116336633663366,0.09870049504950495,0.9229579207920792,0.1707920792079208,0.23360148514851486,0.46410891089108913,0.039294554455445545,0.0498
48263,Kent County,Texas,TX,0.2393,2.3001711339768173e-06,0.01081424936386768,0.01113861386138614,0.4068066158,0.5209923664122137,0.11138613861386139,0.3193069306930693,0.1219059405940594,0.0853960396039604,0.09096534653465346,0.12561881188118812,0.7797029702970297,0.6741955445544554,0.0327970297029703,0.014
48265,Kerr County,Texas,TX,0.7442,0.09987909233560094,0.7716284987277355,0.6803836633663366,0.8616412214,0.32061068702290074,0.6475866336633663,0.7178217821782178,0.7945544554455446,0.6859529702970297,0.567450495049505,0.1577970297029703,0.7784653465346535,0.848700495049505,0.8972772277227723,0.0831
48267,Kimble County,Texas,TX,0.4948,2.3001711339768173e-06,0.32156488549618323,0.18842821782178215,0.9535623409999999,0.22232824427480918,0.13830445544554457,0.6321163366336634,0.26949257425742573,0.27258663366336633,0.17698019801980197,0.07704207920792079,0.6577970297029703,0.7648514851485149,0.8264232673267327,0.0377
48269,King County,Texas,TX,0.4438,2.3001711339768173e-06,0.0031806615776081397,0.00123762376237624,0.9185750636000001,0.25286259541984735,0.10705445544554455,0.33632425742574257,0.10055693069306931,0.07611386138613861,0.07332920792079207,0.11138613861386139,0.4777227722772277,0.5714727722772277,0.03032178217821782,0.0278
48271,Kinney County,Texas,TX,0.6265,2.3001711339768173e-06,0.021946564885496178,0.010210396039603959,0.9013994911000001,0.05311704834605599,0.06280940594059406,0.5606435643564357,0.14201732673267325,0.2756806930693069,0.1676980198019802,0.07889851485148515,0.7345297029702971,0.17543316831683167,0.18007425742574257,0.0407
48273,Kleberg County,Texas,TX,0.9924,2.3001711339768173e-06,0.8441475826972009,0.7688737623762375,0.8832697201,0.39599236641221375,0.2564975247524752,0.9548267326732673,0.5089727722772277,0.8159034653465347,0.9842202970297029,0.6574876237623762,0.6423267326732673,0.6751237623762376,0.2871287128712871,0.0894
48275,Knox County,Texas,TX,0.6564,0.028552241067654624,0.1784351145038168,0.08972772277227722,0.9704198473,0.34478371501272265,0.5377475247524752,0.47339108910891087,0.3010519801980198,0.3261138613861386,0.11324257425742575,0.30383663366336633,0.9755569306930693,0.4520420792079208,0.04517326732673267,0.0377
48277,Lamar County,Texas,TX,0.8536,0.11093370475490522,0.7954834605597965,0.7407178217821783,0.7245547073999999,0.44529262086513993,0.6339727722772277,0.6729579207920792,0.9585396039603961,0.880569306930693,0.8966584158415841,0.9811262376237624,0.8273514851485149,0.8650990099009901,0.5693069306930693,0.0878
48279,Lamb County,Texas,TX,0.8221,2.682407399011355e-06,0.6122773536895675,0.505259900990099,0.8473282443,0.18606870229007633,0.9133663366336634,0.5823019801980198,0.5983910891089109,0.31992574257425743,0.7735148514851485,0.44771039603960394,0.9501856435643564,0.8623143564356436,0.3879950495049505,0.0682
48281,Lampasas County,Texas,TX,0.658,2.3720157515564617e-06,0.2993002544529262,0.25,0.691475827,0.28021628498727735,0.32642326732673266,0.5962252475247525,0.6228341584158416,0.40191831683168316,0.28310643564356436,0.2271039603960396,0.4474009900990099,0.8446782178217822,0.620049504950495,0.0416
48283,La Salle County,Texas,TX,0.9128,2.011415021391337e-06,0.2255089058524173,0.1021039603960396,0.9952290076000001,0.04325699745547073,0.09127475247524752,0.7283415841584159,0.265470297029703,0.6748143564356436,0.7871287128712872,0.2979579207920792,0.4873143564356436,0.6692450495049505,0.16429455445544555,0.055
48285,Lavaca County,Texas,TX,0.5752,0.0,0.789440203562341,0.7571163366336634,0.6243638677,0.6269083969465649,0.2790841584158416,0.8867574257425742,0.5535272277227723,0.5603341584158416,0.8811881188118812,0.31652227722772275,0.6757425742574258,0.38892326732673266,0.7540222772277227,0.0653
48287,Lee County,Texas,TX,0.7856,2.3001711339768173e-06,0.40458015267175573,0.411819306930693,0.4739185751,0.30884223918575066,0.3573638613861386,0.7967202970297029,0.5810643564356436,0.48576732673267325,0.8650990099009901,0.3811881188118812,0.8353960396039604,0.47926980198019803,0.4381188118811881,0.0512
48289,Leon County,Texas,TX,0.6974,2.4064316116700293e-06,0.5830152671755724,0.5083539603960398,0.7334605598,0.19338422391857502,0.4752475247524752,0.8125,0.6215965346534653,0.5176361386138614,0.8988242574257426,0.46379950495049505,0.9774133663366337,0.5869430693069307,0.6624381188118812,0.0618
48291,Liberty County,Texas,TX,0.9739,2.3001711339768173e-06,0.7951653944020356,0.7478341584158416,0.6711195929,0.19147582697201015,0.349009900990099,0.926980198019802,0.9461633663366337,0.844059405940594,0.7948638613861386,0.8007425742574258,0.7793935643564357,0.8403465346534653,0.9668935643564357,0.0901
48293,Limestone County,Texas,TX,0.9065,2.3794788090242712e-06,0.5925572519083969,0.4557549504950495,0.9211195929,0.18225190839694655,0.42419554455445546,0.7991955445544554,0.6441831683168316,0.5909653465346535,0.9164603960396039,0.6361386138613861,0.8521039603960396,0.7388613861386139,0.650990099009901,0.0695
48295,Lipscomb County,Texas,TX,0.7703,2.320849627709283e-06,0.2789440203562341,0.29517326732673266,0.4195292621,0.02290076335877862,0.33663366336633666,0.38242574257425743,0.31745049504950495,0.1219059405940594,0.36417079207920794,0.5925123762376238,0.9854579207920792,0.8499381188118812,0.12561881188118812,0.0535
48297,Live Oak County,Texas,TX,0.9039,2.1957057686803404e-06,0.3374681933842239,0.2351485148514851,0.8244274809,0.09573791348600508,0.15284653465346534,0.8474628712871287,0.40625,0.5708539603960396,0.817450495049505,0.34251237623762376,0.6519183168316832,0.4749381188118812,0.1813118811881188,0.0573
48299,Llano County,Texas,TX,0.6192,2.305149289875374e-06,0.7038804071246819,0.5776608910891089,0.9099872774000001,0.22805343511450382,0.4743193069306931,0.6590346534653465,0.6847153465346535,0.6089108910891089,0.5609529702970297,0.21596534653465346,0.6881188118811881,0.8078589108910891,0.7162747524752475,0.0666
48301,Loving County,Texas,TX,0.4356,2.3001711339768173e-06,0.00031806615776081,0.00030940594059406,0.2363231552,0.025445292620865142,0.04795792079207921,0.3103341584158416,0.04486386138613861,0.06188118811881188,0.059096534653465344,0.11107673267326733,0.07317450495049505,0.07611386138613861,0.028155940594059407,0.0348
48303,Lubbock County,Texas,TX,0.8422,2.3238730665491283e-06,0.962468193384224,0.9610148514851485,0.457697201,0.5820610687022901,0.9978341584158416,0.6082920792079208,0.9882425742574258,0.812809405940594,0.9709158415841584,0.9266707920792079,0.9978341584158416,0.8657178217821783,0.8347772277227723,0.0942
48305,Lynn County,Texas,TX,0.6898,2.3001711339768173e-06,0.2299618320610687,0.18100247524752475,0.7134223919,0.25095419847328243,0.7574257425742574,0.4306930693069307,0.38675742574257427,0.1905940594059406,0.22896039603960397,0.307240099009901,0.9418316831683168,0.5801361386138614,0.09127475247524752,0.0409
48307,McCulloch County,Texas,TX,0.7897,2.3001711339768173e-06,0.1005089058524173,0.07085396039603958,0.7372773537,0.375,0.2020420792079208,0.4854579207920792,0.31404702970297027,0.36076732673267325,0.16027227722772278,0.11324257425742575,0.8375618811881188,0.7017326732673267,0.4412128712871287,0.0379
48309,McLennan County,Texas,TX,0.8861,2.356774879172114e-06,0.9122137404580153,0.8929455445544554,0.6539440204,0.7856234096692113,0.6695544554455446,0.8616955445544554,0.9885519801980198,0.9619430693069307,0.9641089108910891,0.7400990099009901,0.5693069306930693,0.9028465346534653,0.968440594059406,0.0869
48311,McMullen County,Texas,TX,0.8104,0.0,0.005725190839694661,0.00587871287128713,0.3680025445,0.09764631043256998,0.05198019801980198,0.6630569306930693,0.10952970297029703,0.13087871287128713,0.18626237623762376,0.1828589108910891,0.39913366336633666,0.29764851485148514,0.03558168316831683,0.0458
48313,Madison County,Texas,TX,0.9131,2.3001711339768173e-06,0.34891857506361323,0.3186881188118812,0.5944656489,0.089058524173028,0.33879950495049505,0.8449876237623762,0.5665222772277227,0.42636138613861385,0.7778465346534653,0.5665222772277227,0.7988861386138614,0.49257425742574257,0.5850866336633663,0.0591
48315,Marion County,Texas,TX,0.7315,2.3001711339768173e-06,0.2916666666666667,0.15563118811881188,0.9742366412,0.2013358778625954,0.8691212871287128,0.6417079207920792,0.5525990099009901,0.6361386138613861,0.30816831683168316,0.8994430693069307,0.7323638613861386,0.5241336633663366,0.26794554455445546,0.0456
48317,Martin County,Texas,TX,0.5966,2.3618504175502883e-06,0.19974554707379133,0.15068069306930693,0.715648855,0.14567430025445294,0.2506188118811881,0.40810643564356436,0.25711633663366334,0.22122524752475248,0.15594059405940594,0.12376237623762376,0.9381188118811881,0.7069925742574258,0.08879950495049505,0.0398
48319,Mason County,Texas,TX,0.2724,2.3001711339768173e-06,0.10973282442748092,0.06033415841584158,0.9185750636000001,0.481234096692112,0.14232673267326731,0.5662128712871287,0.22741336633663367,0.26330445544554454,0.12314356435643564,0.08415841584158416,0.7964108910891089,0.7094678217821783,0.5068069306930693,0.017
48321,Matagorda County,Texas,TX,0.9758,2.3001711339768173e-06,0.8034351145038169,0.7537128712871286,0.7270992366,0.5588422391857505,0.22060643564356436,0.9675123762376238,0.6079826732673267,0.7524752475247525,0.625309405940594,0.5566212871287128,0.9071782178217822,0.7441212871287128,0.6522277227722773,0.0818
48323,Maverick County,Texas,TX,0.9901,0.14226986658253488,0.6415394402035624,0.46225247524752483,0.9602417303,0.031488549618320615,0.21782178217821782,0.7465965346534653,0.6828589108910891,0.9074876237623762,0.4597772277227723,0.19028465346534654,0.8189975247524752,0.49876237623762376,0.786819306930693,0.0919
48325,Medina County,Texas,TX,0.741,2.3257730785979652e-06,0.6870229007633588,0.6160272277227723,0.7506361323,0.1828880407124682,0.8626237623762376,0.6961633663366337,0.619430693069307,0.749690594059406,0.4155321782178218,0.3527227722772277,0.9105816831683168,0.8564356435643564,0.8740717821782178,0.0719
48327,Menard County,Texas,TX,0.8606,2.3364211484991754e-06,0.03053435114503817,0.020420792079207918,0.6475826972000001,0.02639949109414758,0.10860148514851485,0.5253712871287128,0.17852722772277227,0.17110148514851486,0.1166460396039604,0.07518564356435643,0.6178836633663366,0.6107673267326733,0.3505569306930693,0.0501
48329,Midland County,Texas,TX,0.7397,2.6279070784652226e-06,0.8120229007633588,0.8323019801980197,0.2694020356,0.33110687022900764,0.6086014851485149,0.5433168316831684,0.916769801980198,0.6692450495049505,0.6680074257425742,0.3567450495049505,0.9245049504950495,0.9328589108910891,0.7271039603960396,0.0808
48331,Milam County,Texas,TX,0.798,2.401786150898535e-06,0.5807888040712468,0.4443069306930693,0.9379770992,0.34096692111959287,0.3886138613861386,0.8350866336633663,0.8217821782178217,0.6633663366336634,0.7657797029702971,0.4863861386138614,0.8675742574257426,0.6655321782178217,0.8406559405940595,0.0602
48333,Mills County,Texas,TX,0.4693,2.3001711339768173e-06,0.05597964376590331,0.025990099009900992,0.8498727735,0.3730916030534351,0.18626237623762376,0.5064975247524752,0.31219059405940597,0.2775371287128713,0.2280321782178218,0.11262376237623763,0.49133663366336633,0.7710396039603961,0.23483910891089108,0.0258
48335,Mitchell County,Texas,TX,0.6958,2.3001711339768173e-06,0.19751908396946566,0.16305693069306929,0.6615776081,0.22137404580152673,0.7073019801980198,0.43564356435643564,0.37159653465346537,0.3353960396039604,0.23452970297029702,0.2079207920792079,0.880259900990099,0.844059405940594,0.22772277227722773,0.041
48337,Montague County,Texas,TX,0.5959,0.024374145286683344,0.5486641221374046,0.5201113861386139,0.5747455471,0.23505089058524178,0.7357673267326733,0.5461014851485149,0.7818688118811881,0.7889851485148515,0.5522896039603961,0.8867574257425742,0.9823638613861386,0.9003712871287128,0.1952351485148515,0.057
48339,Montgomery County,Texas,TX,0.5212,2.1261673943916674e-06,0.9573791348600509,0.9647277227722774,0.2363231552,0.3295165394402035,0.932240099009901,0.9535891089108911,0.994430693069307,0.9591584158415841,0.9798886138613861,0.9554455445544554,0.6949257425742574,0.7985767326732673,0.9965965346534653,0.0879
48341,Moore County,Texas,TX,0.882,3.245736949496806e-06,0.6189567430025446,0.6126237623762376,0.4751908397,0.03975826972010178,0.624690594059406,0.1551670792079208,0.7611386138613861,0.25464108910891087,0.8471534653465347,0.5027846534653465,0.9916460396039604,0.8954207920792079,0.5080445544554455,0.0772
48343,Morris County,Texas,TX,0.7792,0.09994897123661448,0.34541984732824427,0.22215346534653466,0.9748727735000001,0.6628498727735369,0.6460396039603961,0.6240717821782178,0.7982673267326733,0.6135519801980198,0.3381806930693069,0.9195544554455446,0.07317450495049505,0.655940594059406,0.3725247524752475,0.0472
48345,Motley County,Texas,TX,0.1721,2.365039581016827e-06,0.03180661577608142,0.01639851485148515,0.7789440204,0.10591603053435111,0.17698019801980197,0.3307549504950495,0.17172029702970298,0.14573019801980197,0.13613861386138615,0.3183787128712871,0.8205445544554455,0.8084777227722773,0.05136138613861386,0.0227
48347,Nacogdoches County,Texas,TX,0.9952,2.2366101521029834e-06,0.8072519083969466,0.7422648514851485,0.7967557252,0.5333969465648855,0.9659653465346535,0.8768564356435643,0.9508044554455446,0.9161509900990099,0.693069306930693,0.838180693069307,0.6608910891089109,0.7939356435643564,0.844059405940594,0.0831
48349,Navarro County,Texas,TX,0.979,2.309131814594219e-06,0.7525445292620865,0.692141089108911,0.715648855,0.27512722646310434,0.8910891089108911,0.7141089108910891,0.9421410891089109,0.8558168316831684,0.8366336633663366,0.8087871287128713,0.5838490099009901,0.8276608910891089,0.8078589108910891,0.0836
48351,Newton County,Texas,TX,0.8463,2.3001711339768173e-06,0.27162849872773537,0.15129950495049505,0.9029898219,0.05438931297709924,0.21689356435643564,0.8691212871287128,0.46967821782178215,0.4972153465346535,0.21936881188118812,0.6639851485148515,0.32271039603960394,0.7568069306930693,0.6840965346534653,0.0538
48353,Nolan County,Texas,TX,0.9815,1.973286084339957e-06,0.37849872773536897,0.23422029702970298,0.9618320611,0.3797709923664122,0.8097153465346535,0.4573019801980198,0.6370668316831684,0.4557549504950495,0.46410891089108913,0.27691831683168316,0.9022277227722773,0.869740099009901,0.2787747524752475,0.0535
48355,Nueces County,Texas,TX,0.9351,0.018509512300795467,0.9662849872773536,0.9532797029702971,0.7678117048,0.8667302798982189,0.9433787128712872,0.989480198019802,0.9622524752475248,0.9811262376237624,0.9888613861386139,0.8258044554455446,0.9805074257425742,0.7469059405940595,0.9461633663366337,0.0955
48357,Ochiltree County,Texas,TX,0.8244,0.09999434050487124,0.3486005089058524,0.49535891089108913,0.10623409669999999,0.01526717557251908,0.4511138613861386,0.46379950495049505,0.4662747524752475,0.1624381188118812,0.6537747524752475,0.7035891089108911,0.9845297029702971,0.7688737623762376,0.29826732673267325,0.0686
48359,Oldham County,Texas,TX,0.392,2.3065716201321046e-06,0.09701017811704835,0.09715346534653464,0.5314885496,0.5073155216284987,0.23298267326732675,0.1551670792079208,0.21287128712871287,0.10086633663366337,0.36076732673267325,0.12004950495049505,0.9573019801980198,0.6704826732673267,0.08137376237623763,0.0207
48361,Orange County,Texas,TX,0.6853,2.6320791873652132e-06,0.8590966921119594,0.848700495049505,0.5044529261999999,0.6653944020356234,0.4402846534653465,0.9644183168316832,0.8951113861386139,0.75,0.7404084158415841,0.895730198019802,0.4464727722772277,0.8972772277227723,0.9548267326732673,0.0759
48363,Palo Pinto County,Texas,TX,0.8015,0.03999699599854594,0.5521628498727735,0.49876237623762376,0.6984732824,0.6396310432569975,0.7540222772277227,0.5807549504950495,0.6287128712871287,0.645730198019802,0.6661509900990099,0.4337871287128713,0.5983910891089109,0.9053217821782178,0.4693688118811881,0.0564
48365,Panola County,Texas,TX,0.7331,2.3001711339768173e-06,0.5543893129770993,0.4498762376237624,0.8368320611,0.3625954198473281,0.9297648514851485,0.838799504950495,0.8205445544554455,0.7620668316831684,0.3876856435643564,0.8929455445544554,0.07317450495049505,0.7286509900990099,0.44616336633663367,0.0559
48367,Parker County,Texas,TX,0.2638,0.05268687279170516,0.8110687022900762,0.8446782178217822,0.18734096690000002,0.4570610687022901,0.27413366336633666,0.593440594059406,0.963180693069307,0.8991336633663366,0.8323019801980198,0.7224628712871287,0.3589108910891089,0.963490099009901,0.6828589108910891,0.065
48369,Parmer County,Texas,TX,0.6596,2.3001711339768173e-06,0.8180661577608143,0.8304455445544554,0.30661577609999996,0.09669211195928751,0.4037747524752475,0.562190594059406,0.4353341584158416,0.22896039603960397,0.49814356435643564,0.20389851485148514,0.9972153465346535,0.6806930693069307,0.14294554455445543,0.0853
48371,Pecos County,Texas,TX,0.9049,0.015137455155401859,0.25127226463104324,0.16212871287128713,0.8256997455,0.07919847328244274,0.4350247524752475,0.484220297029703,0.28094059405940597,0.6206683168316832,0.21163366336633663,0.5928217821782178,0.9464727722772277,0.6577970297029703,0.6952351485148515,0.0557
48373,Polk County,Texas,TX,0.9208,0.00347124571820832,0.7557251908396947,0.6689356435643564,0.8062977098999999,0.16412213740458015,0.8849009900990099,0.9257425742574258,0.8780940594059405,0.7797029702970297,0.8691212871287128,0.776299504950495,0.07317450495049505,0.7620668316831684,0.9356435643564357,0.0849
48375,Potter County,Texas,TX,0.9889,0.0011575679706933707,0.9048982188295165,0.8675742574257426,0.7722646310000001,0.21755725190839695,0.974319306930693,0.1551670792079208,0.9777227722772277,0.7193688118811881,0.9207920792079208,0.8053836633663366,0.9560643564356436,0.9526608910891089,0.9288366336633663,0.1012
48377,Presidio County,Texas,TX,0.9933,2.3001711339768173e-06,0.1024173027989822,0.03558168316831683,0.9949109414999999,0.00095419847328244,0.09746287128712872,0.3654084158415842,0.10334158415841584,0.4746287128712871,0.10426980198019802,0.36478960396039606,0.8780940594059405,0.806930693069307,0.5597153465346535,0.0566
48379,Rains County,Texas,TX,0.4706,2.3001711339768173e-06,0.14090330788804073,0.15655940594059403,0.4147582697,0.2961195928753181,0.32673267326732675,0.5696163366336634,0.6314975247524752,0.49845297029702973,0.35117574257425743,0.8415841584158416,0.5816831683168316,0.4405940594059406,0.30785891089108913,0.0295
48381,Randall County,Texas,TX,0.3519,0.029651990324570006,0.8676844783715013,0.8787128712871286,0.2531806616,0.5604325699745547,0.9557549504950495,0.1551670792079208,0.9653465346534653,0.7422648514851485,0.9022277227722773,0.6132425742574258,0.9764851485148515,0.9597772277227723,0.7431930693069307,0.0694
48383,Reagan County,Texas,TX,0.5052,2.3001711339768173e-06,0.05884223918575064,0.05043316831683167,0.4685114504,0.018765903307888042,0.17048267326732675,0.36448019801980197,0.1686262376237624,0.18409653465346534,0.11386138613861387,0.08168316831683169,0.9316212871287128,0.5758044554455446,0.1349009900990099,0.0379
48385,Real County,Texas,TX,0.783,2.3001711339768173e-06,0.4258905852417303,0.25154702970297027,0.983778626,0.14344783715012724,0.08972772277227722,0.6039603960396039,0.1905940594059406,0.22370049504950495,0.20235148514851486,0.07827970297029703,0.4306930693069307,0.7289603960396039,0.34498762376237624,0.0552
48387,Red River County,Texas,TX,0.6895,0.14278317344064473,0.647264631043257,0.5213490099009901,0.9309796438,0.3998091603053435,0.3833539603960396,0.6045792079207921,0.7348391089108911,0.5928217821782178,0.4087252475247525,1.0,0.786819306930693,0.6058168316831684,0.359529702970297,0.0714
48389,Reeves County,Texas,TX,0.9548,2.3759993151160845e-06,0.19147582697201015,0.14882425742574257,0.6603053434999999,0.021946564885496178,0.7246287128712872,0.3743811881188119,0.21472772277227722,0.3839727722772277,0.18347772277227722,0.6231435643564357,0.8409653465346535,0.5247524752475248,0.3864480198019802,0.0566
48391,Refugio County,Texas,TX,0.9653,1.1615940606143435e-06,0.37468193384223925,0.26021039603960394,0.8810432570000001,0.36895674300254455,0.11726485148514851,0.90625,0.31683168316831684,0.4350247524752475,0.7014232673267327,0.23391089108910892,0.8471534653465347,0.5785891089108911,0.27660891089108913,0.0533
48393,Roberts County,Texas,TX,0.0576,2.6644118548098947e-06,0.031170483460559797,0.06528465346534654,0.10623409669999999,0.25858778625954204,0.08013613861386139,0.31280940594059403,0.15439356435643564,0.06961633663366337,0.15284653465346534,0.23514851485148514,0.9121287128712872,0.7602103960396039,0.053217821782178217,0.0139
48395,Robertson County,Texas,TX,0.8546,2.387145862272344e-06,0.2958015267175573,0.22988861386138615,0.7579516539,0.3648218829516539,0.27784653465346537,0.7923886138613861,0.6333539603960396,0.5111386138613861,0.48607673267326734,0.38923267326732675,0.6704826732673267,0.4808168316831683,0.5006188118811881,0.0462
48397,Rockwall County,Texas,TX,0.1164,2.3001711339768173e-06,0.7073791348600509,0.8239480198019803,0.10623409669999999,0.8632315521628499,0.7509282178217822,0.5102103960396039,0.9387376237623762,0.9047029702970297,0.7459777227722773,0.5782797029702971,0.37066831683168316,0.6748143564356436,0.39913366336633666,0.0414
48399,Runnels County,Texas,TX,0.5148,2.3001711339768173e-06,0.26494910941475824,0.21936881188118812,0.6965648855000001,0.5092239185750637,0.770730198019802,0.5040222772277227,0.4368811881188119,0.3935643564356436,0.5253712871287128,0.18378712871287128,0.8561262376237624,0.7323638613861386,0.3561262376237624,0.0296
48401,Rusk County,Texas,TX,0.7973,2.3665527446544965e-06,0.5400763358778626,0.5034034653465347,0.600826972,0.17748091603053434,0.9412128712871287,0.7896039603960396,0.7558787128712872,0.8425123762376238,0.6491336633663366,0.7933168316831684,0.6711014851485149,0.7373143564356436,0.7308168316831684,0.0633
48403,Sabine County,Texas,TX,0.5609,2.404437417376209e-06,0.22105597964376592,0.15810643564356436,0.7821246819,0.3015267175572519,0.6912128712871287,0.8053836633663366,0.453279702970297,0.5693069306930693,0.23143564356435645,0.5912747524752475,0.07317450495049505,0.5974628712871287,0.43316831683168316,0.0345
48405,San Augustine County,Texas,TX,0.9885,2.3001711339768173e-06,0.1762086513994911,0.07766089108910891,0.9592875318,0.09064885496183203,0.8248762376237624,0.8032178217821783,0.4631806930693069,0.5807549504950495,0.3029084158415842,0.5739480198019802,0.07317450495049505,0.5761138613861386,0.47617574257425743,0.0548
48407,San Jacinto County,Texas,TX,0.8091,2.3001711339768173e-06,0.5887404580152672,0.48514851485148514,0.8091603053,0.09541984732824428,0.44245049504950495,0.8109529702970297,0.9028465346534653,0.588799504950495,0.5643564356435643,0.6150990099009901,0.07317450495049505,0.6921410891089109,0.7490717821782178,0.0689
48409,San Patricio County,Texas,TX,0.9249,2.099245768089322e-06,0.8540076335877863,0.7942450495049507,0.8651399490999999,0.5989185750636132,0.5129950495049505,0.963180693069307,0.8060024752475248,0.8864480198019802,0.9127475247524752,0.5875618811881188,0.9387376237623762,0.6519183168316832,0.5956064356435643,0.084
48411,San Saba County,Texas,TX,0.6389,2.1578489998065082e-06,0.07283715012722647,0.05971534653465346,0.5823791348999999,0.263676844783715,0.15594059405940594,0.5392945544554455,0.25495049504950495,0.25402227722772275,0.21751237623762376,0.1036509900990099,0.7719678217821783,0.7224628712871287,0.2537128712871287,0.0351
48413,Schleicher County,Texas,TX,0.5803,2.3001711339768173e-06,0.037531806615776084,0.026608910891089108,0.5537531807,0.04007633587786259,0.13892326732673269,0.43842821782178215,0.14573019801980197,0.15191831683168316,0.11478960396039604,0.07920792079207921,0.8276608910891089,0.807549504950495,0.23360148514851486,0.0396
48415,Scurry County,Texas,TX,0.5332,0.05876195414434088,0.29993638676844786,0.27660891089108913,0.5795165394,0.14917302798982188,0.48298267326732675,0.4279084158415842,0.44801980198019803,0.41027227722772275,0.2896039603960396,0.3344678217821782,0.9266707920792079,0.885519801980198,0.14603960396039603,0.046
48417,Shackelford County,Texas,TX,0.3936,2.3772024148368283e-06,0.014312977099236639,0.03094059405940594,0.10623409669999999,0.6459923664122137,0.14603960396039603,0.4031559405940594,0.2119430693069307,0.19245049504950495,0.11138613861386139,0.11974009900990099,0.4885519801980198,0.7651608910891089,0.03248762376237624,0.0173
48419,Shelby County,Texas,TX,0.8778,0.06249185587506403,0.5572519083969466,0.45235148514851486,0.7932569975,0.07347328244274809,0.9285272277227723,0.8756188118811881,0.7580445544554455,0.7766089108910891,0.5423886138613861,0.8097153465346535,0.6772896039603961,0.713490099009901,0.6435643564356436,0.0748
48421,Sherman County,Texas,TX,0.6309,2.1987143156041274e-06,0.30279898218829515,0.37530940594059403,0.2480916031,0.01463104325699746,0.1219059405940594,0.1551670792079208,0.20823019801980197,0.08694306930693069,0.75,0.2555693069306931,0.9851485148514851,0.661509900990099,0.297029702970297,0.0504
48423,Smith County,Texas,TX,0.8234,0.02272624288288599,0.8416030534351145,0.812190594059406,0.6657124682,0.7490458015267175,0.916769801980198,0.8152846534653465,0.4870049504950495,0.9641089108910891,0.9291460396039604,0.8836633663366337,0.07317450495049505,0.8087871287128713,0.9504950495049505,0.0794
48425,Somervell County,Texas,TX,0.5135,2.3001711339768173e-06,0.10814249363867684,0.250309405940594,0.10623409669999999,0.7843511450381677,0.1296410891089109,0.5767326732673267,0.4430693069306931,0.31373762376237624,0.37004950495049505,0.37902227722772275,0.453279702970297,0.8155940594059405,0.29300742574257427,0.0218
48427,Starr County,Texas,TX,0.9905,2.3001711339768173e-06,0.8479643765903307,0.7206064356435643,0.9701017812,0.00349872773536896,0.17141089108910892,0.8425123762376238,0.39913366336633666,0.8214727722772277,0.9897896039603961,0.6311881188118812,0.7048267326732673,0.8530321782178217,0.23422029702970298,0.1005
48429,Stephens County,Texas,TX,0.9898,2.125058555947249e-06,0.09223918575063614,0.11324257425742576,0.3606870229,0.18575063613231552,0.2775371287128713,0.45792079207920794,0.35798267326732675,0.40748762376237624,0.2979579207920792,0.22153465346534654,0.49659653465346537,0.7667079207920792,0.08415841584158416,0.0504
48431,Sterling County,Texas,TX,0.1419,2.3001711339768173e-06,0.0111323155216285,0.013304455445544549,0.2639949109,0.1736641221374046,0.125,0.31683168316831684,0.14016089108910892,0.14449257425742573,0.09962871287128713,0.07735148514851485,0.7540222772277227,0.7057549504950495,0.06280940594059406,0.0193
48433,Stonewall County,Texas,TX,0.2994,2.3001711339768173e-06,0.03816793893129771,0.0213490099009901,0.7808524173000001,0.3263358778625955,0.20111386138613863,0.37066831683168316,0.1751237623762376,0.12314356435643564,0.10334158415841584,0.18780940594059406,0.9099628712871287,0.6695544554455446,0.040222772277227724,0.0208
48435,Sutton County,Texas,TX,0.7687,2.3001711339768173e-06,0.07061068702290077,0.03434405940594059,0.8298346056,0.05502544529262086,0.10829207920792079,0.4752475247524752,0.16522277227722773,0.19616336633663367,0.1358292079207921,0.08137376237623763,0.48978960396039606,0.8589108910891089,0.3978960396039604,0.0462
48437,Swisher County,Texas,TX,0.9103,2.3001711339768173e-06,0.3743638676844784,0.3118811881188119,0.6730279898,0.048346055979643754,0.7663985148514851,0.5782797029702971,0.6212871287128713,0.2416460396039604,0.4560643564356436,0.3412747524752475,0.9365717821782178,0.8808787128712872,0.2295792079207921,0.0613
48439,Tarrant County,Texas,TX,0.7585,0.0075968163989668155,0.9914122137404582,0.9925742574257425,0.3676844784,0.3120229007633587,0.8326113861386139,0.7942450495049505,0.9987623762376238,0.994740099009901,0.9879331683168316,0.9764851485148515,0.37840346534653463,0.9170792079207921,0.9532797029702971,0.1012
48441,Taylor County,Texas,TX,0.7591,0.031247562131559287,0.8381043256997457,0.8471534653465347,0.344783715,0.7649491094147582,0.661819306930693,0.6219059405940595,0.7462871287128713,0.8728341584158416,0.5739480198019802,0.6228341584158416,0.7357673267326733,0.9000618811881188,0.879950495049505,0.0781
48443,Terrell County,Texas,TX,0.0859,2.3331330780009106e-06,0.00413486005089058,0.00185643564356436,0.7270992366,0.04230279898218829,0.0823019801980198,0.33353960396039606,0.0739480198019802,0.15748762376237624,0.06621287128712872,0.0838490099009901,0.07317450495049505,0.4814356435643564,0.0968440594059406,0.0216
48445,Terry County,Texas,TX,0.9828,2.3001711339768173e-06,0.5203562340966921,0.4285272277227723,0.7534987277,0.04421119592875318,0.6178836633663366,0.4907178217821782,0.5578589108910891,0.3214727722772277,0.8873762376237624,0.35426980198019803,0.9492574257425742,0.5977722772277227,0.26175742574257427,0.0723
48447,Throckmorton County,Texas,TX,0.1581,2.3001711339768173e-06,0.03307888040712468,0.02846534653465347,0.5728371501,0.8931297709923663,0.1875,0.4056311881188119,0.1936881188118812,0.1806930693069307,0.10674504950495049,0.1188118811881188,0.8579826732673267,0.7159653465346535,0.029393564356435642,0.0062
48449,Titus County,Texas,TX,0.8995,2.3001711339768173e-06,0.4681933842239186,0.41707920792079206,0.6520356234000001,0.1669847328244275,0.8131188118811881,0.6788366336633663,0.7509282178217822,0.7642326732673267,0.5785891089108911,0.9464727722772277,0.6788366336633663,0.7413366336633663,0.5142326732673267,0.0624
48451,Tom Green County,Texas,TX,0.8113,0.03992208225625079,0.7732188295165394,0.7314356435643564,0.6682569975,0.7716284987277355,0.5095915841584159,0.6086014851485149,0.744430693069307,0.8892326732673267,0.7159653465346535,0.3849009900990099,0.9752475247524752,0.9331683168316832,0.885519801980198,0.0732
48453,Travis County,Texas,TX,0.5702,0.07127391410239993,0.9774173027989822,0.9851485148514852,0.1475826972,0.7325063613231552,0.9492574257425742,0.8304455445544554,0.9969059405940595,0.9857673267326733,0.8765470297029703,0.8412747524752475,0.5136138613861386,0.9108910891089109,0.9347153465346535,0.0897
48455,Trinity County,Texas,TX,0.9185,0.25045084061193756,0.6062340966921119,0.4517326732673268,0.9446564885,0.12181933842239186,0.833230198019802,0.8790222772277227,0.6438737623762376,0.5510519801980198,0.9195544554455446,0.6899752475247525,0.07317450495049505,0.7079207920792079,0.8310643564356436,0.0926
48457,Tyler County,Texas,TX,0.9319,2.521443169569081e-06,0.6100508905852418,0.48360148514851486,0.9042620865000001,0.178117048346056,0.43657178217821785,0.9155321782178217,0.713799504950495,0.5906559405940595,0.6834777227722773,0.7527846534653465,0.07317450495049505,0.8626237623762376,0.7286509900990099,0.0719
48459,Upshur County,Texas,TX,0.6017,2.551434551656049e-06,0.6692111959287533,0.625618811881188,0.6329516539,0.2865776081424936,0.8650990099009901,0.713180693069307,0.9226485148514851,0.8087871287128713,0.620049504950495,0.9511138613861386,0.6621287128712872,0.7793935643564357,0.39542079207920794,0.0628
48461,Upton County,Texas,TX,0.77,2.3001711339768173e-06,0.07665394402035625,0.05445544554455446,0.6580788804,0.04262086513994911,0.14449257425742573,0.37995049504950495,0.18811881188118812,0.20853960396039603,0.12592821782178218,0.0853960396039604,0.9421410891089109,0.4650371287128713,0.13459158415841585,0.0468
48463,Uvalde County,Texas,TX,0.9911,2.3384459371747895e-06,0.700381679389313,0.6135519801980198,0.7636768448,0.05089058524173027,0.297029702970297,0.7212252475247525,0.5219678217821783,0.8254950495049505,0.33261138613861385,0.29826732673267325,0.9037747524752475,0.739480198019802,0.6485148514851485,0.086
48465,Val Verde County,Texas,TX,0.9437,2.378658806981591e-06,0.7608142493638677,0.6590346534653464,0.8486005088999999,0.0871501272264631,0.20513613861386137,0.6856435643564357,0.42667079207920794,0.7054455445544554,0.42264851485148514,0.1624381188118812,0.6398514851485149,0.854269801980198,0.7113242574257426,0.0881
48467,Van Zandt County,Texas,TX,0.5714,3.307914016760947e-06,0.5877862595419847,0.6061262376237624,0.39090330790000005,0.27576335877862596,0.8570544554455446,0.723700495049505,0.7837252475247525,0.807549504950495,0.776299504950495,0.7824876237623762,0.7778465346534653,0.6992574257425742,0.7193688118811881,0.0567
48469,Victoria County,Texas,TX,0.9198,1.4721150806222909e-06,0.8648218829516542,0.8459158415841584,0.5912849873,0.6393129770992366,0.38582920792079206,0.9715346534653465,0.8564356435643564,0.8301361386138614,0.911200495049505,0.6646039603960396,0.9025371287128713,0.7716584158415841,0.7252475247524752,0.0852
48471,Walker County,Texas,TX,0.9392,2.3001711339768173e-06,0.7382315521628499,0.6769801980198021,0.7102417303,0.22487277353689566,0.40594059405940597,0.8821163366336634,0.9207920792079208,0.7899133663366337,0.8425123762376238,0.7871287128712872,0.8787128712871287,0.7871287128712872,0.8669554455445545,0.0823
48473,Waller County,Texas,TX,0.8317,2.3001711339768173e-06,0.7026081424936386,0.6621287128712872,0.6437659032999999,0.5486641221374046,0.7682549504950495,0.8759282178217822,0.9047029702970297,0.7103960396039604,0.7351485148514851,0.6735767326732673,0.9146039603960396,0.7150371287128713,0.6754331683168316,0.0679
48475,Ward County,Texas,TX,0.7235,2.3562776187959684e-06,0.15362595419847327,0.09158415841584161,0.8288804071,0.12659033078880408,0.6150990099009901,0.4155321782178218,0.28527227722772275,0.4130569306930693,0.20853960396039603,0.4040841584158416,0.5962252475247525,0.7595915841584159,0.37623762376237624,0.0436
48477,Washington County,Texas,TX,0.6522,0.3332798549896815,0.7197837150127226,0.6240717821782177,0.8629134860000001,0.5881043256997456,0.5439356435643564,0.8864480198019802,0.8310643564356436,0.6952351485148515,0.8353960396039604,0.6237623762376238,0.7951732673267327,0.5021658415841584,0.6089108910891089,0.0879
48479,Webb County,Texas,TX,0.9831,1.4203615772876332e-06,0.8924936386768448,0.8248762376237625,0.9427480916000001,0.07315521628498728,0.5671410891089109,0.8941831683168316,0.7753712871287128,0.9752475247524752,0.9622524752475248,0.687190594059406,0.3997524752475248,0.6482054455445545,0.5696163366336634,0.1035
48481,Wharton County,Texas,TX,0.9456,4.863741902442712e-06,0.8301526717557252,0.7673267326732673,0.8349236641000001,0.4099872773536896,0.474009900990099,0.9616336633663366,0.7317450495049505,0.7936262376237624,0.9272896039603961,0.5915841584158416,0.916769801980198,0.5423886138613861,0.7023514851485149,0.0862
48483,Wheeler County,Texas,TX,0.9045,2.4413425445876384e-06,0.4128498727735369,0.3097153465346535,0.8161577608,0.17143765903307892,0.6692450495049505,0.4316212871287129,0.6027227722772277,0.16429455445544555,0.41058168316831684,0.812190594059406,0.9780321782178217,0.9449257425742574,0.25402227722772275,0.0587
48485,Wichita County,Texas,TX,0.8167,2.4254720178059276e-06,0.8190203562340967,0.7961014851485149,0.6024173027999999,0.5912849872773537,0.6890470297029703,0.6107673267326733,0.9300742574257426,0.9303836633663366,0.7246287128712872,0.900680693069307,0.937809405940594,0.9279084158415841,0.4573019801980198,0.0776
48487,Wilbarger County,Texas,TX,0.9561,2.3001711339768173e-06,0.46087786259541985,0.3719059405940594,0.8285623409999999,0.6612595419847328,0.7530940594059405,0.4755569306930693,0.6290222772277227,0.6862623762376238,0.25804455445544555,0.6862623762376238,0.9900990099009901,0.6451113861386139,0.08323019801980198,0.052
48489,Willacy County,Texas,TX,0.985,0.001650609085051166,0.7748091603053437,0.624381188118812,0.9503816794,0.03657760814249364,0.08106435643564357,0.9381188118811881,0.2530940594059406,0.5915841584158416,0.979269801980198,0.5250618811881188,0.9108910891089109,0.3066212871287129,0.6658415841584159,0.0919
48491,Williamson County,Texas,TX,0.3207,0.011900445809243442,0.9010814249363868,0.9350247524752477,0.10623409669999999,0.8791348600508906,0.5714727722772277,0.7704207920792079,0.9402846534653465,0.9136757425742574,0.9603960396039604,0.744430693069307,0.7314356435643564,0.8814975247524752,0.8913985148514851,0.0668
48493,Wilson County,Texas,TX,0.2972,2.3001711339768173e-06,0.7554071246819337,0.7404084158415841,0.5025445293,0.4942748091603055,0.5015470297029703,0.7314356435643564,0.7858910891089109,0.7481435643564357,0.44554455445544555,0.3756188118811881,0.8796410891089109,0.724319306930693,0.6748143564356436,0.0549
48495,Winkler County,Texas,TX,0.4448,2.3001711339768173e-06,0.041348600508905854,0.03248762376237624,0.6208651399,0.30248091603053434,0.28001237623762376,0.3415841584158416,0.20977722772277227,0.3189975247524752,0.20389851485148514,0.2905321782178218,0.8001237623762376,0.5850866336633663,0.2317450495049505,0.0267
48497,Wise County,Texas,TX,0.5422,0.03446668152216547,0.5896946564885496,0.6116955445544554,0.3829516539,0.169529262086514,0.4972153465346535,0.5089727722772277,0.7651608910891089,0.8623143564356436,0.5652846534653465,0.7206064356435643,0.3873762376237624,0.9390470297029703,0.2564975247524752,0.0617
48499,Wood County,Texas,TX,0.7655,0.14273827528559943,0.6323155216284987,0.5095915841584159,0.891221374,0.24681933842239182,0.911200495049505,0.7484529702970297,0.41367574257425743,0.854269801980198,0.7741336633663366,0.9724628712871287,0.817759900990099,0.7391707920792079,0.5408415841584159,0.0771
48501,Yoakum County,Texas,TX,0.587,2.3001711339768173e-06,0.46055979643765904,0.28589108910891087,0.9087150127,0.01494910941475827,0.5807549504950495,0.4811262376237624,0.36076732673267325,0.29548267326732675,0.7663985148514851,0.265779702970297,0.963490099009901,0.8685024752475248,0.2750618811881188,0.0545
48503,Young County,Texas,TX,0.5345,0.055554347381816804,0.36354961832061067,0.38366336633663367,0.4602417303,0.3979007633587786,0.65625,0.5693069306930693,0.5117574257425742,0.6129331683168316,0.3338490099009901,0.3468440594059406,0.9254331683168316,0.9037747524752475,0.12840346534653466,0.0423
48505,Zapata County,Texas,TX,0.9968,2.3001711339768173e-06,0.31361323155216286,0.15191831683168316,0.9675572519000001,0.00508905852417303,0.07147277227722772,0.7478341584158416,0.17048267326732675,0.442759900990099,0.8951113861386139,0.12871287128712872,0.35241336633663367,0.7165841584158416,0.07920792079207921,0.0624
48507,Zavala County,Texas,TX,0.909,0.0,0.5362595419847328,0.34375,0.9856870229000001,0.044847328244274814,0.11262376237623763,0.7054455445544554,0.30847772277227725,0.776299504950495,0.5801361386138614,0.2691831683168317,0.9446163366336634,0.37097772277227725,0.3938737623762376,0.0695
49001,Beaver County,Utah,UT,0.1457,2.3001711339768173e-06,0.10368956743002544,0.12097772277227724,0.4246183206,0.4249363867684479,0.07518564356435643,0.1551670792079208,0.04424504950495049,0.34529702970297027,0.07518564356435643,0.1531559405940594,0.5705445544554455,0.8570544554455446,0.4743193069306931,0.0138
49003,Box Elder County,Utah,UT,0.1215,2.3001711339768173e-06,0.5591603053435115,0.7336014851485149,0.10623409669999999,0.9306615776081425,0.6741955445544554,0.1551670792079208,0.1494430693069307,0.45823019801980197,0.24040841584158415,0.2004950495049505,0.6169554455445545,0.9548267326732673,0.6265470297029703,0.0301
49005,Cache County,Utah,UT,0.3478,2.3001711339768173e-06,0.6653944020356234,0.7908415841584159,0.10623409669999999,0.7652671755725191,0.26392326732673266,0.1551670792079208,0.23298267326732675,0.5782797029702971,0.5485767326732673,0.26732673267326734,0.5912747524752475,0.8573638613861386,0.8545792079207921,0.0472
49007,Carbon County,Utah,UT,0.6297,2.432018910073191e-06,0.0868320610687023,0.10922029702970296,0.33555979639999994,0.48218829516539435,0.09003712871287128,0.1551670792079208,0.14727722772277227,0.28836633663366334,0.04981435643564357,0.1469678217821782,0.327970297029703,0.6772896039603961,0.7212252475247525,0.0297
49009,Daggett County,Utah,UT,0.1849,0.0,0.03689567430025445,0.03403465346534654,0.5063613232,0.9615139949109416,0.038985148514851485,0.1551670792079208,0.04919554455445545,0.02645420792079208,0.06497524752475248,0.08323019801980198,0.21998762376237624,0.7834158415841584,0.7469059405940595,0.0069
49011,Davis County,Utah,UT,0.0678,2.3001711339768173e-06,0.8781806615776081,0.9285272277227725,0.10623409669999999,0.9793256997455473,0.8734529702970297,0.1551670792079208,0.3623143564356436,0.8675742574257426,0.5278465346534653,0.390470297029703,0.42698019801980197,0.9084158415841584,0.9721534653465347,0.0543
49013,Duchesne County,Utah,UT,0.5361,2.3001711339768173e-06,0.07601781170483461,0.1485148514851485,0.10623409669999999,0.3152035623409669,0.0906559405940594,0.1551670792079208,0.09560643564356436,0.23886138613861385,0.08261138613861387,0.14727722772277227,0.510519801980198,0.8097153465346535,0.8248762376237624,0.0304
49015,Emery County,Utah,UT,0.2269,0.14212104279770585,0.06997455470737914,0.0702351485148515,0.41698473280000004,0.2913486005089059,0.07054455445544554,0.1551670792079208,0.07642326732673267,0.34560643564356436,0.05136138613861386,0.12933168316831684,0.4207920792079208,0.6039603960396039,0.8833539603960396,0.0308
49017,Garfield County,Utah,UT,0.3423,2.3001711339768173e-06,0.37627226463104324,0.36448019801980197,0.5575699746,0.47328244274809156,0.07363861386138613,0.1551670792079208,0.0510519801980198,0.8313737623762376,0.06188118811881188,0.14975247524752475,0.37314356435643564,0.7886757425742574,0.9003712871287128,0.0295
49019,Grand County,Utah,UT,0.4582,2.085659971660138e-06,0.102735368956743,0.1373762376237624,0.3120229008,0.4449745547073791,0.06342821782178218,0.1551670792079208,0.07549504950495049,0.3474628712871287,0.05816831683168317,0.12314356435643564,0.40470297029702973,0.5968440594059405,0.8759282178217822,0.0247
49021,Iron County,Utah,UT,0.4114,2.3772024148368283e-06,0.6141857506361323,0.7283415841584159,0.10623409669999999,0.3657760814249364,0.15996287128712872,0.1551670792079208,0.06652227722772278,0.46410891089108913,0.10705445544554455,0.31590346534653463,0.6673886138613861,0.9780321782178217,0.8548886138613861,0.0523
49023,Juab County,Utah,UT,0.0659,1.7776357452519185e-06,0.15298982188295165,0.30785891089108913,0.10623409669999999,0.6927480916030534,0.1729579207920792,0.1551670792079208,0.09653465346534654,0.39603960396039606,0.06002475247524752,0.11231435643564357,0.5665222772277227,0.9127475247524752,0.33323019801980197,0.0081
49025,Kane County,Utah,UT,0.259,0.045221742659281694,0.39662849872773537,0.4715346534653466,0.2589058524,0.44083969465648853,0.0655940594059406,0.1551670792079208,0.04238861386138614,0.8712871287128713,0.055693069306930694,0.16181930693069307,0.24597772277227722,0.8836633663366337,0.7376237623762376,0.033
49027,Millard County,Utah,UT,0.4502,2.2226389102114165e-06,0.22169211195928754,0.22524752475247525,0.5203562341,0.4904580152671756,0.13861386138613863,0.1551670792079208,0.10581683168316831,0.3966584158415842,0.07951732673267327,0.16800742574257427,0.7985767326732673,0.9146039603960396,0.4000618811881188,0.0264
49029,Morgan County,Utah,UT,0.0,2.3001711339768173e-06,0.03466921119592875,0.12995049504950495,0.10623409669999999,0.9920483460559797,0.1342821782178218,0.1551670792079208,0.08137376237623763,0.11293316831683169,0.07271039603960396,0.09962871287128713,0.2524752475247525,0.8452970297029703,0.2568069306930693,0.0005
49031,Piute County,Utah,UT,0.5402,0.0,0.0089058524173028,0.00928217821782178,0.3097964377,0.1208651399491094,0.04548267326732673,0.1551670792079208,0.040222772277227724,0.12438118811881188,0.024133663366336634,0.0906559405940594,0.3499381188118812,0.5983910891089109,0.2599009900990099,0.0353
49033,Rich County,Utah,UT,0.2141,2.3001711339768173e-06,0.00826972010178117,0.01423267326732673,0.10623409669999999,0.38263358778625955,0.09653465346534654,0.1551670792079208,0.054764851485148515,0.053836633663366336,0.08570544554455446,0.09653465346534654,0.31342821782178215,0.7654702970297029,0.09931930693069307,0.0161
49035,Salt Lake County,Utah,UT,0.4512,0.05873454458442679,0.9856870229007632,0.9931930693069309,0.10623409669999999,0.664440203562341,0.693069306930693,0.1551670792079208,0.7175123762376238,0.931930693069307,0.34467821782178215,0.19925742574257427,0.4588490099009901,0.9839108910891089,0.9455445544554455,0.0863
49037,San Juan County,Utah,UT,0.9567,2.732466253364227e-06,0.2681297709923664,0.13242574257425743,0.9144402036,0.01049618320610687,0.08601485148514851,0.1551670792079208,0.08013613861386139,0.7896039603960396,0.054764851485148515,0.2840346534653465,0.5804455445544554,0.8282797029702971,0.8155940594059405,0.0591
49039,Sanpete County,Utah,UT,0.5116,2.3001711339768173e-06,0.3861323155216285,0.42574257425742573,0.38040712470000004,0.5263994910941476,0.1432549504950495,0.1551670792079208,0.14882425742574257,0.47308168316831684,0.024133663366336634,0.18316831683168316,0.5748762376237624,0.8932549504950495,0.8060024752475248,0.0357
49041,Sevier County,Utah,UT,0.2886,2.3001711339768173e-06,0.2274173027989822,0.35426980198019803,0.1377226463,0.5613867684478372,0.0983910891089109,0.1551670792079208,0.07827970297029703,0.30476485148514854,0.04950495049504951,0.15501237623762376,0.5442450495049505,0.791769801980198,0.718440594059406,0.0206
49043,Summit County,Utah,UT,0.0509,0.0,0.6008269720101781,0.7889851485148515,0.10623409669999999,0.9777353689567428,0.6293316831683168,0.1551670792079208,0.1593440594059406,0.17172029702970298,0.10736386138613861,0.1989480198019802,0.29176980198019803,0.9662747524752475,0.9158415841584159,0.031
49045,Tooele County,Utah,UT,0.1766,0.014685368409017982,0.4888676844783715,0.6915222772277229,0.10623409669999999,0.9421119592875316,0.6738861386138614,0.1551670792079208,0.15965346534653466,0.5563118811881188,0.06157178217821782,0.20761138613861385,0.3635519801980198,0.9733910891089109,0.7964108910891089,0.0286
49047,Uintah County,Utah,UT,0.5297,2.3001711339768173e-06,0.03975826972010178,0.07518564356435643,0.10623409669999999,0.30216284987277353,0.07487623762376237,0.1551670792079208,0.12066831683168316,0.29176980198019803,0.16274752475247525,0.16491336633663367,0.5290841584158416,0.7215346534653465,0.5952970297029703,0.0298
49049,Utah County,Utah,UT,0.2555,0.14263776369010311,0.9532442748091603,0.9743193069306932,0.10623409669999999,0.83206106870229,0.8824257425742574,0.1551670792079208,0.5392945544554455,0.9452351485148515,0.43842821782178215,0.5433168316831684,0.6862623762376238,0.9888613861386139,0.9913366336633663,0.0806
49051,Wasatch County,Utah,UT,0.0748,2.3001711339768173e-06,0.33524173027989823,0.5445544554455446,0.10623409669999999,0.8301526717557252,0.30445544554455445,0.1551670792079208,0.14232673267326731,0.20080445544554457,0.09467821782178218,0.16646039603960397,0.2651608910891089,0.9436881188118812,0.7057549504950495,0.0152
49053,Washington County,Utah,UT,0.3875,2.4566373900118896e-06,0.928117048346056,0.9409034653465347,0.207697201,0.4513358778625955,0.15748762376237624,0.1551670792079208,0.08570544554455446,0.911509900990099,0.07549504950495049,0.5560024752475248,0.40501237623762376,0.9984529702970297,0.9922648514851485,0.077
49055,Wayne County,Utah,UT,0.1053,2.3001711339768173e-06,0.018765903307888042,0.01701732673267327,0.4726463104,0.3616412213740458,0.050433168316831686,0.1551670792079208,0.04888613861386139,0.41800742574257427,0.0686881188118812,0.11478960396039604,0.32889851485148514,0.5495049504950495,0.4084158415841584,0.0128
49057,Weber County,Utah,UT,0.3471,2.3001711339768173e-06,0.8702290076335878,0.9096534653465347,0.10623409669999999,0.8654580152671756,0.7985767326732673,0.1551670792079208,0.33879950495049505,0.8211633663366337,0.47957920792079206,0.380259900990099,0.46008663366336633,0.942759900990099,0.9477103960396039,0.0638
50001,Addison County,Vermont,VT,0.139,1.8855846331525107e-06,0.2678117048346056,0.39913366336633666,0.1437659033,0.8155216284987277,0.33570544554455445,0.7586633663366337,0.22431930693069307,0.47617574257425743,0.3811881188118812,0.562190594059406,0.07317450495049505,0.23576732673267325,0.5547648514851485,0.0133
50003,Bennington County,Vermont,VT,0.349,1.6865977331474606e-06,0.5232188295165393,0.583539603960396,0.2738549618,0.7242366412213741,0.2057549504950495,0.7914603960396039,0.2301980198019802,0.297029702970297,0.838180693069307,0.5392945544554455,0.07317450495049505,0.22277227722772278,0.5396039603960396,0.0354
50005,Caledonia County,Vermont,VT,0.2844,0.05876246342502418,0.3015267175572519,0.37964108910891087,0.2779898219,0.700381679389313,0.2530940594059406,0.786819306930693,0.12716584158415842,0.2998143564356436,0.5176361386138614,0.5173267326732673,0.07317450495049505,0.20018564356435645,0.4752475247524752,0.0255
50007,Chittenden County,Vermont,VT,0.2205,1.6931295107221708e-06,0.6389949109414759,0.7985767326732673,0.10623409669999999,0.943384223918575,0.6045792079207921,0.7472153465346535,0.31435643564356436,0.7413366336633663,0.5099009900990099,0.7970297029702971,0.07317450495049505,0.27413366336633666,0.8326113861386139,0.0397
50009,Essex County,Vermont,VT,0.4155,1.393378755513443e-06,0.03212468193384224,0.055074257425742575,0.1475826972,0.3832697201017812,0.0724009900990099,0.6763613861386139,0.07456683168316831,0.15717821782178218,0.2623762376237624,0.26082920792079206,0.07317450495049505,0.06435643564356436,0.13025990099009901,0.0235
50011,Franklin County,Vermont,VT,0.1219,1.8098478077131728e-06,0.2919847328244275,0.45761138613861385,0.1138676845,0.914440203562341,0.3186881188118812,0.6967821782178217,0.17141089108910892,0.3972772277227723,0.34251237623762376,0.6918316831683168,0.07317450495049505,0.14975247524752475,0.6680074257425742,0.0135
50013,Grand Isle County,Vermont,VT,0.006,1.386185714504274e-06,0.01908396946564886,0.08075495049504951,0.10623409669999999,0.9958651399491094,0.14016089108910892,0.5145420792079208,0.07363861386138613,0.16831683168316833,0.09931930693069307,0.3938737623762376,0.07317450495049505,0.07209158415841584,0.23267326732673269,0.0004
50015,Lamoille County,Vermont,VT,0.1409,1.3209600176647341e-06,0.1825699745547074,0.3712871287128713,0.10623409669999999,0.8209287531806616,0.20389851485148514,0.7153465346534653,0.12438118811881188,0.2453589108910891,0.29176980198019803,0.44152227722772275,0.07317450495049505,0.1630569306930693,0.41367574257425743,0.0107
50017,Orange County,Vermont,VT,0.0939,1.4368767324747175e-06,0.2643129770992367,0.39542079207920794,0.1361323155,0.5903307888040712,0.2698019801980198,0.7438118811881188,0.15686881188118812,0.3901608910891089,0.3245668316831683,0.44183168316831684,0.07317450495049505,0.1943069306930693,0.651299504950495,0.0146
50019,Orleans County,Vermont,VT,0.3548,1.7115485233691435e-06,0.3683206106870229,0.41800742574257427,0.3772264631,0.7980279898218829,0.2484529702970297,0.7571163366336634,0.13521039603960397,0.28094059405940597,0.49504950495049505,0.5266089108910891,0.07317450495049505,0.2110148514851485,0.4879331683168317,0.0251
50021,Rutland County,Vermont,VT,0.3955,1.4781320083369535e-06,0.5047709923664122,0.5795173267326733,0.2363231552,0.777671755725191,0.5454826732673267,0.7778465346534653,0.2784653465346535,0.5714727722772277,0.6027227722772277,0.6500618811881188,0.07317450495049505,0.25092821782178215,0.6602722772277227,0.0354
50023,Washington County,Vermont,VT,0.161,2.312972106287391e-06,0.522264631043257,0.6383044554455446,0.1294529262,0.9395674300254453,0.25711633663366334,0.7577351485148515,0.16274752475247525,0.5742574257425742,0.46379950495049505,0.5414603960396039,0.07317450495049505,0.21318069306930693,0.7209158415841584,0.0277
50025,Windham County,Vermont,VT,0.3185,2.3001711339768173e-06,0.5693384223918575,0.6123143564356436,0.3174300254,0.7442748091603053,0.2558787128712871,0.8112623762376238,0.41646039603960394,0.40532178217821785,0.6921410891089109,0.7419554455445545,0.07317450495049505,0.23050742574257427,0.6219059405940595,0.0371
50027,Windsor County,Vermont,VT,0.1499,4.0898900176562575e-06,0.6157760814249363,0.6782178217821783,0.24618320610000002,0.7204198473282443,0.3756188118811881,0.7995049504950495,0.31992574257425743,0.7107054455445545,0.5733292079207921,0.7258663366336634,0.07317450495049505,0.28929455445544555,0.6704826732673267,0.0353
51001,Accomack County,Virginia,VA,0.8597,1.9317051281045527e-06,0.8101145038167938,0.7326732673267327,0.8724554707,0.7569974554707379,0.3270420792079208,0.9588490099009901,0.20266089108910892,0.5402227722772277,0.5736386138613861,0.5281559405940595,0.6086014851485149,0.8010519801980198,0.23824257425742573,0.0747
51003,Albemarle County,Virginia,VA,0.2469,0.031457804635224136,0.7814885496183206,0.7995049504950493,0.33969465649999997,0.7309160305343512,0.9053217821782178,0.8712871287128713,0.5349628712871287,0.7035891089108911,0.1364480198019802,0.5810643564356436,0.7899133663366337,0.6531559405940595,0.7837252475247525,0.0547
51005,Alleghany County,Virginia,VA,0.3102,1.8007337674006093e-06,0.3807251908396945,0.38242574257425743,0.5165394402,0.4631043256997455,0.8883044554455446,0.6655321782178217,0.11850247524752475,0.07209158415841584,0.5696163366336634,0.21132425742574257,0.28589108910891087,0.20297029702970298,0.6376856435643564,0.029
51007,Amelia County,Virginia,VA,0.3853,2.2299119225387344e-06,0.11959287531806616,0.13490099009900994,0.4099872774,0.2595419847328244,0.15408415841584158,0.7608292079207921,0.2202970297029703,0.28217821782178215,0.09560643564356436,0.29919554455445546,0.9461633663366337,0.08849009900990099,0.18997524752475248,0.027
51009,Amherst County,Virginia,VA,0.4022,2.2014137530606205e-06,0.20992366412213742,0.19554455445544555,0.5782442748,0.4103053435114504,0.5826113861386139,0.749690594059406,0.24350247524752475,0.24350247524752475,0.16831683168316833,0.35705445544554454,0.3938737623762376,0.4662747524752475,0.5238242574257426,0.026
51011,Appomattox County,Virginia,VA,0.1441,2.338686774406823e-06,0.05089058524173027,0.05662128712871287,0.3476463104,0.48791348600508905,0.2589727722772277,0.7107054455445545,0.17388613861386137,0.22988861386138615,0.2391707920792079,0.27660891089108913,0.4622524752475248,0.23483910891089108,0.24628712871287128,0.0115
51013,Arlington County,Virginia,VA,0.1597,2.298751050422496e-06,0.66793893129771,0.7849628712871286,0.10623409669999999,0.643765903307888,0.817450495049505,0.8548886138613861,0.4566831683168317,0.9025371287128713,0.3208539603960396,0.5801361386138614,0.2020420792079208,0.08292079207920793,0.8319925742574258,0.0421
51015,Augusta County,Virginia,VA,0.2129,0.020392756684739277,0.6860687022900762,0.6797648514851485,0.5225826972000001,0.6377226463104325,0.7880569306930693,0.8459158415841584,0.359220297029703,0.5448638613861386,0.42110148514851486,0.3681930693069307,0.7199876237623762,0.7277227722772277,0.7181311881188119,0.0449
51017,Bath County,Virginia,VA,0.1674,2.2988398056446414e-06,0.05375318066157761,0.04733910891089109,0.5394402036,0.7115139949109416,0.1364480198019802,0.6110767326732673,0.06992574257425743,0.058787128712871284,0.25866336633663367,0.12840346534653466,0.25866336633663367,0.23143564356435645,0.7558787128712872,0.0085
51019,Bedford County,Virginia,VA,0.0853,2.2453761994175816e-06,0.51176844783715,0.5597153465346534,0.3110687023,0.5712468193384224,0.6203589108910891,0.7998143564356436,0.2713490099009901,0.3372524752475248,0.34777227722772275,0.47896039603960394,0.7172029702970297,0.6754331683168316,0.7218440594059405,0.0273
51021,Bland County,Virginia,VA,0.0974,0.1660816305786564,0.13040712468193383,0.1311881188118812,0.5012722646000001,0.1851145038167939,0.11448019801980198,0.5074257425742574,0.07580445544554455,0.02645420792079208,0.650990099009901,0.13675742574257427,0.5232054455445545,0.0891089108910891,0.10860148514851485,0.0323
51023,Botetourt County,Virginia,VA,0.013,0.06656554791052238,0.1809796437659033,0.30816831683168316,0.12181933839999999,0.7789440203562341,0.4214108910891089,0.6738861386138614,0.14418316831683167,0.1349009900990099,0.31961633663366334,0.2233910891089109,0.30816831683168316,0.27103960396039606,0.42419554455445546,0.0111
51025,Brunswick County,Virginia,VA,0.8311,1.9692696938848818e-06,0.2811704834605598,0.2271039603960396,0.7134223919,0.19720101781170485,0.2271039603960396,0.8508663366336634,0.25123762376237624,0.4087252475247525,0.2271039603960396,0.36695544554455445,0.9520420792079208,0.23638613861386137,0.22370049504950495,0.0495
51027,Buchanan County,Virginia,VA,0.5975,0.08815623504265457,0.5060432569974554,0.3771658415841584,0.8562340967000001,0.05407124681933842,0.29919554455445546,0.6002475247524752,0.12376237623762376,0.14418316831683167,0.7113242574257426,0.18626237623762376,0.07317450495049505,0.7280321782178217,0.265779702970297,0.0638
51029,Buckingham County,Virginia,VA,0.6758,1.5867253182792093e-06,0.18956743002544527,0.12314356435643564,0.8282442748,0.1380407124681934,0.526299504950495,0.818069306930693,0.24721534653465346,0.3060024752475248,0.10086633663366337,0.2877475247524752,0.8254950495049505,0.22896039603960397,0.5748762376237624,0.0425
51031,Campbell County,Virginia,VA,0.4152,1.748729327685654e-06,0.3199745547073791,0.31342821782178215,0.5677480916,0.5900127226463104,0.6287128712871287,0.7920792079207921,0.25092821782178215,0.42883663366336633,0.13892326732673269,0.47988861386138615,0.551980198019802,0.44523514851485146,0.7775371287128713,0.0271
51033,Caroline County,Virginia,VA,0.399,2.43726871861278e-06,0.20706106870229007,0.27629950495049505,0.25,0.4389312977099237,0.30383663366336633,0.844059405940594,0.3214727722772277,0.41336633663366334,0.09436881188118812,0.3025990099009901,0.7880569306930693,0.21627475247524752,0.39139851485148514,0.0258
51035,Carroll County,Virginia,VA,0.2797,0.0831473800162091,0.4513358778625955,0.34870049504950495,0.8180661578,0.16157760814249364,0.36076732673267325,0.7128712871287128,0.32301980198019803,0.02645420792079208,0.895730198019802,0.5980816831683168,0.6383044554455446,0.5708539603960396,0.5058787128712872,0.0453
51036,Charles City County,Virginia,VA,0.2685,1.4249578837077152e-06,0.09319338422391857,0.06280940594059406,0.7770356234000001,0.4351145038167939,0.10272277227722772,0.7524752475247525,0.19771039603960397,0.265779702970297,0.1379950495049505,0.33570544554455445,0.9347153465346535,0.2370049504950495,0.12438118811881188,0.0176
51037,Charlotte County,Virginia,VA,0.7436,1.6397203802921052e-06,0.1736641221374046,0.0853960396039604,0.9497455471,0.25763358778625955,0.24195544554455445,0.8078589108910891,0.20018564356435645,0.2722772277227723,0.24752475247524752,0.2942450495049505,0.9337871287128713,0.1373762376237624,0.31683168316831684,0.0408
51041,Chesterfield County,Virginia,VA,0.2943,2.303275449178878e-06,0.8482824427480916,0.8867574257425743,0.10623409669999999,0.5906488549618321,0.6939975247524752,0.8948019801980198,0.7741336633663366,0.870049504950495,0.08632425742574257,0.8456064356435643,0.6082920792079208,0.45544554455445546,0.8270420792079208,0.0631
51043,Clarke County,Virginia,VA,0.0598,2.3931242274576073e-06,0.0693384223918575,0.15470297029702967,0.10623409669999999,0.7436386768447837,0.3462252475247525,0.6714108910891089,0.16800742574257427,0.5587871287128713,0.10860148514851485,0.1021039603960396,0.6500618811881188,0.34777227722772275,0.16738861386138615,0.0048
51045,Craig County,Virginia,VA,0.0589,2.471114014227841e-06,0.062340966921119595,0.04238861386138614,0.6688931298,0.34541984732824427,0.1661509900990099,0.5151608910891089,0.07735148514851485,0.056002475247524754,0.14418316831683167,0.125,0.265779702970297,0.11138613861386139,0.12376237623762376,0.0118
51047,Culpeper County,Virginia,VA,0.4327,2.66054481894792e-06,0.4624681933842239,0.5024752475247525,0.36259541980000004,0.48600508905852424,0.6089108910891089,0.7840346534653465,0.33199257425742573,0.6175742574257426,0.09808168316831684,0.3493193069306931,0.8152846534653465,0.3725247524752475,0.7298886138613861,0.0381
51049,Cumberland County,Virginia,VA,0.4426,2.3001711339768173e-06,0.19720101781170485,0.1364480198019802,0.7827608142,0.11863867684478371,0.20018564356435645,0.7988861386138614,0.19801980198019803,0.25123762376237624,0.08446782178217822,0.34375,0.9656559405940595,0.10581683168316831,0.22617574257425743,0.0349
51051,Dickenson County,Virginia,VA,0.4629,2.0003257334586745e-06,0.17938931297709926,0.13211633663366334,0.7134223919,0.047073791348600506,0.6104579207920792,0.5702351485148515,0.10922029702970297,0.10179455445544554,0.4006806930693069,0.12747524752475248,0.07317450495049505,0.8372524752475248,0.15408415841584158,0.0376
51053,Dinwiddie County,Virginia,VA,0.3261,2.0157828242120765e-06,0.19338422391857502,0.23112623762376241,0.35909669209999995,0.3794529262086514,0.23669554455445543,0.7518564356435643,0.3001237623762376,0.4439975247524752,0.2438118811881188,0.39449257425742573,0.9412128712871287,0.2400990099009901,0.2685643564356436,0.0238
51057,Essex County,Virginia,VA,0.8272,1.956807944455674e-06,0.18575063613231552,0.1432549504950495,0.7280534351,0.49713740458015265,0.2431930693069307,0.8517945544554455,0.24969059405940594,0.3032178217821782,0.09282178217821782,0.3551980198019802,0.943069306930693,0.12685643564356436,0.1797648514851485,0.0384
51059,Fairfax County,Virginia,VA,0.2412,0.03939546296335967,0.9465648854961831,0.9637995049504948,0.1138676845,0.594147582697201,0.9563737623762376,0.9483292079207921,0.557240099009901,0.9718440594059405,0.8344678217821783,0.8282797029702971,0.35117574257425743,0.35767326732673266,0.979269801980198,0.0742
51061,Fauquier County,Virginia,VA,0.0732,2.2452529841360704e-06,0.4767811704834607,0.6379950495049505,0.10623409669999999,0.6784351145038169,0.6491336633663366,0.7933168316831684,0.1875,0.6395420792079208,0.14263613861386137,0.30198019801980197,0.46782178217821785,0.3657178217821782,0.7930074257425742,0.0246
51063,Floyd County,Virginia,VA,0.0929,2.3001711339768173e-06,0.06615776081424936,0.07425742574257425,0.3015267176,0.6631679389312977,0.2110148514851485,0.6534653465346535,0.13397277227722773,0.0594059405940594,0.35798267326732675,0.2255569306930693,0.6553217821782178,0.5074257425742574,0.12314356435643564,0.0067
51065,Fluvanna County,Virginia,VA,0.0582,2.163346974747025e-06,0.13486005089058525,0.18316831683168316,0.2694020356,0.5951017811704835,0.3780940594059406,0.760519801980198,0.2561881188118812,0.36324257425742573,0.06992574257425743,0.2790841584158416,0.6342821782178217,0.18533415841584158,0.34282178217821785,0.008
51067,Franklin County,Virginia,VA,0.321,2.1589400516446576e-06,0.42716284987277353,0.390470297029703,0.6447201018,0.3393765903307888,0.7351485148514851,0.7716584158415841,0.20111386138613863,0.28125,0.32889851485148514,0.41429455445544555,0.681930693069307,0.39820544554455445,0.5878712871287128,0.0344
51069,Frederick County,Virginia,VA,0.2545,2.231686495728927e-06,0.4472010178117048,0.604269801980198,0.10623409669999999,0.5448473282442748,0.5556930693069307,0.8248762376237624,0.35179455445544555,0.6568688118811881,0.15222772277227722,0.2589727722772277,0.7370049504950495,0.5897277227722773,0.48607673267326734,0.0314
51071,Giles County,Virginia,VA,0.1037,2.3815050907725085e-06,0.16571246819338423,0.1438737623762376,0.6278625954,0.5362595419847328,0.19647277227722773,0.5318688118811881,0.1265470297029703,0.02645420792079208,0.3589108910891089,0.1791460396039604,0.24752475247524752,0.15284653465346534,0.3261138613861386,0.0111
51073,Gloucester County,Virginia,VA,0.0344,2.429264017175543e-06,0.22614503816793893,0.30909653465346537,0.2280534351,0.6466284987277355,0.47308168316831684,0.8202351485148515,0.317759900990099,0.4777227722772277,0.31157178217821785,0.5241336633663366,0.7617574257425742,0.46689356435643564,0.27413366336633666,0.0094
51075,Goochland County,Virginia,VA,0.0592,2.2294000171338216e-06,0.15521628498727735,0.2633044554455446,0.1275445293,0.9166666666666664,0.44523514851485146,0.7045173267326733,0.2685643564356436,0.31280940594059403,0.07023514851485149,0.37407178217821785,0.7141089108910891,0.11943069306930693,0.275990099009901,0.0054
51077,Grayson County,Virginia,VA,0.5851,2.1135927350271012e-06,0.24650127226463106,0.17017326732673269,0.7996183206,0.18829516539440203,0.24876237623762376,0.6605816831683168,0.20853960396039603,0.02645420792079208,0.8010519801980198,0.4542079207920792,0.6160272277227723,0.47060643564356436,0.5662128712871287,0.0394
51079,Greene County,Virginia,VA,0.2199,2.072130868593831e-06,0.09287531806615776,0.11912128712871287,0.33555979639999994,0.39662849872773537,0.37995049504950495,0.7289603960396039,0.16584158415841585,0.3378712871287129,0.11602722772277228,0.20544554455445543,0.5550742574257426,0.4436881188118812,0.3536509900990099,0.017
51081,Greensville County,Virginia,VA,0.8979,1.9013037012506484e-06,0.17779898218829515,0.09344059405940597,0.9541984733,0.3288804071246819,0.17419554455445543,0.8465346534653465,0.22060643564356436,0.4192450495049505,0.20111386138613863,0.34777227722772275,0.9170792079207921,0.1463490099009901,0.20297029702970298,0.0445
51083,Halifax County,Virginia,VA,0.7684,2.127468477850406e-06,0.47010178117048357,0.3060024752475248,0.9736005088999999,0.3050254452926209,0.7308168316831684,0.8409653465346535,0.3604579207920792,0.49876237623762376,0.17017326732673269,0.5306311881188119,0.9232673267326733,0.2756806930693069,0.7524752475247525,0.0526
51085,Hanover County,Virginia,VA,0.0274,2.16637074754079e-06,0.5349872773536896,0.7110148514851485,0.10623409669999999,0.8870865139949109,0.421720297029703,0.8137376237623762,0.5235148514851485,0.5971534653465347,0.07889851485148515,0.6349009900990099,0.9127475247524752,0.33601485148514854,0.5912747524752475,0.0252
51087,Henrico County,Virginia,VA,0.3414,0.017498251795806278,0.8339694656488551,0.8576732673267327,0.2242366412,0.7143765903307888,0.8251856435643564,0.8650990099009901,0.8149752475247525,0.8830445544554455,0.10643564356435643,0.8539603960396039,0.7843440594059405,0.36324257425742573,0.8935643564356436,0.0625
51089,Henry County,Virginia,VA,0.7757,2.2264906349844347e-06,0.6361323155216285,0.5111386138613861,0.8928117048,0.21723918575063617,0.6522277227722773,0.807549504950495,0.4520420792079208,0.39542079207920794,0.6166460396039604,0.7645420792079208,0.6847153465346535,0.2438118811881188,0.5776608910891089,0.0671
51091,Highland County,Virginia,VA,0.1352,2.3001711339768173e-06,0.02512722646310432,0.02568069306930693,0.48982188299999996,0.7748091603053437,0.09591584158415842,0.5720915841584159,0.05724009900990099,0.06157178217821782,0.2599009900990099,0.10303217821782178,0.6274752475247525,0.15686881188118812,0.1791460396039604,0.0063
51093,Isle of Wight County,Virginia,VA,0.2243,0.05538946903234256,0.37913486005089053,0.5061881188118812,0.1437659033,0.7439567430025447,0.21379950495049505,0.8706683168316832,0.3412747524752475,0.5157797029702971,0.2636138613861386,0.5491955445544554,0.9211014851485149,0.49845297029702973,0.3493193069306931,0.0271
51095,James City County,Virginia,VA,0.1763,1.935238454563959e-06,0.5333969465648855,0.6373762376237624,0.1494910941,0.9379770992366413,0.4399752475247525,0.8672648514851485,0.5247524752475248,0.630259900990099,0.38613861386138615,0.6967821782178217,0.8567450495049505,0.4786509900990099,0.65625,0.0288
51097,King and Queen County,Virginia,VA,0.1973,2.170348843691184e-06,0.16189567430025445,0.10674504950495049,0.8425572519000001,0.5162213740458015,0.18966584158415842,0.7657797029702971,0.21318069306930693,0.2530940594059406,0.07147277227722772,0.35241336633663367,0.958230198019802,0.19801980198019803,0.1280940594059406,0.0147
51099,King George County,Virginia,VA,0.0528,0.00010142387270218234,0.1275445292620865,0.2728960396039604,0.10623409669999999,0.7213740458015268,0.27011138613861385,0.8499381188118812,0.14665841584158415,0.3932549504950495,0.11540841584158416,0.2750618811881188,0.6321163366336634,0.14758663366336633,0.2790841584158416,0.0065
51101,King William County,Virginia,VA,0.0334,2.1584434864296557e-06,0.08269720101781171,0.18811881188118812,0.10623409669999999,0.7255089058524173,0.15191831683168316,0.7305074257425742,0.2156559405940594,0.2908415841584158,0.06961633663366337,0.275990099009901,0.8706683168316832,0.11386138613861387,0.15841584158415842,0.0044
51103,Lancaster County,Virginia,VA,0.5075,2.3001711339768173e-06,0.32283715012722647,0.2428836633663366,0.8775445293,0.9386132315521628,0.33508663366336633,0.8923267326732673,0.23576732673267325,0.32363861386138615,0.2651608910891089,0.4975247524752475,0.9569925742574258,0.20606435643564355,0.14108910891089108,0.026
51105,Lee County,Virginia,VA,0.8788,2.3001711339768173e-06,0.5731552162849872,0.4025371287128713,0.9058524173000001,0.015585241730279899,0.5857054455445545,0.5649752475247525,0.36695544554455445,0.07827970297029703,0.6410891089108911,0.28991336633663367,0.5894183168316832,0.8109529702970297,0.4712252475247525,0.0722
51107,Loudoun County,Virginia,VA,0.1059,2.3713092640188086e-06,0.7811704834605598,0.8644801980198021,0.10623409669999999,0.8552798982188295,0.8774752475247525,0.8524133663366337,0.7540222772277227,0.9142945544554455,0.26639851485148514,0.32116336633663367,0.7478341584158416,0.39139851485148514,0.8814975247524752,0.0473
51109,Louisa County,Virginia,VA,0.2542,2.3001711339768173e-06,0.321882951653944,0.35457920792079206,0.4328880407,0.6129134860050891,0.5228960396039604,0.8505569306930693,0.35117574257425743,0.4375,0.08353960396039604,0.3564356435643564,0.6909034653465347,0.24814356435643564,0.7428836633663366,0.0214
51111,Lunenburg County,Virginia,VA,0.9243,2.3001711339768173e-06,0.1984732824427481,0.09096534653465346,0.9643765903000001,0.07538167938931298,0.6017945544554455,0.8258044554455446,0.25,0.36757425742574257,0.22741336633663367,0.3780940594059406,0.9238861386138614,0.1766707920792079,0.25154702970297027,0.0536
51113,Madison County,Virginia,VA,0.1594,2.3001711339768173e-06,0.08428753180661577,0.11386138613861388,0.2875318066,0.5677480916030534,0.3468440594059406,0.7797029702970297,0.1624381188118812,0.2995049504950495,0.12469059405940594,0.16212871287128713,0.588490099009901,0.41398514851485146,0.23081683168316833,0.011
51115,Mathews County,Virginia,VA,0.1002,2.3810294897206737e-06,0.12181933842239186,0.08013613861386139,0.8136132316,0.825381679389313,0.28836633663366334,0.7818688118811881,0.19090346534653466,0.2784653465346535,0.16120049504950495,0.3626237623762376,0.5024752475247525,0.4176980198019802,0.1166460396039604,0.0058
51117,Mecklenburg County,Virginia,VA,0.7308,2.3001711339768173e-06,0.5432569974554707,0.4526608910891089,0.8015267176,0.2964376590330789,0.28589108910891087,0.8907797029702971,0.3564356435643564,0.5340346534653465,0.34870049504950495,0.5303217821782178,0.9622524752475248,0.2636138613861386,0.4248143564356436,0.057
51119,Middlesex County,Virginia,VA,0.3042,2.4898328787701862e-06,0.23791348600508905,0.16893564356435642,0.8323791348999999,0.7811704834605598,0.390779702970297,0.8926361386138614,0.2527846534653465,0.3087871287128713,0.22308168316831684,0.48267326732673266,0.7877475247524752,0.33292079207920794,0.1760519801980198,0.0166
51121,Montgomery County,Virginia,VA,0.2873,2.3048872816701865e-06,0.4751908396946565,0.5423886138613861,0.266221374,0.5664758269720102,0.4152227722772277,0.681930693069307,0.25773514851485146,0.05971534653465346,0.7008044554455446,0.31961633663366334,0.5782797029702971,0.38675742574257427,0.5965346534653465,0.0325
51125,Nelson County,Virginia,VA,0.2536,2.3001711339768173e-06,0.34096692111959287,0.3032178217821782,0.6749363868,0.5464376590330788,0.3316831683168317,0.7595915841584159,0.21875,0.3001237623762376,0.16522277227722773,0.29455445544554454,0.7326732673267327,0.4811262376237624,0.37407178217821785,0.0228
51127,New Kent County,Virginia,VA,0.0025,2.3001711339768173e-06,0.14122137404580157,0.23452970297029702,0.1475826972,0.8050254452926208,0.26423267326732675,0.7546410891089109,0.2691831683168317,0.3536509900990099,0.07673267326732673,0.36726485148514854,0.8821163366336634,0.29300742574257427,0.20606435643564355,0.0036
51131,Northampton County,Virginia,VA,0.79,2.3101274457739302e-06,0.44465648854961837,0.3270420792079208,0.9688295164999999,0.9729643765903309,0.911509900990099,0.9220297029702971,0.24752475247524752,0.349009900990099,0.29455445544554454,0.32301980198019803,0.9158415841584159,0.31714108910891087,0.15903465346534654,0.042
51133,Northumberland County,Virginia,VA,0.1922,2.3562776187959684e-06,0.3998091603053435,0.2849628712871287,0.9122137404999999,0.7544529262086515,0.8595297029702971,0.9028465346534653,0.29176980198019803,0.33910891089108913,0.3056930693069307,0.4752475247524752,0.8771658415841584,0.21813118811881188,0.14913366336633663,0.0196
51135,Nottoway County,Virginia,VA,0.8425,2.179169158722341e-06,0.28975826972010177,0.18440594059405938,0.8975826972000001,0.30407124681933845,0.6333539603960396,0.843440594059406,0.26485148514851486,0.3787128712871287,0.2537128712871287,0.36448019801980197,0.9724628712871287,0.11262376237623763,0.40594059405940597,0.0468
51137,Orange County,Virginia,VA,0.2593,2.3344170105223713e-06,0.25572519083969464,0.39263613861386143,0.12181933839999999,0.42652671755725197,0.47648514851485146,0.8288985148514851,0.27413366336633666,0.44832920792079206,0.11417079207920793,0.27784653465346537,0.8261138613861386,0.3251856435643564,0.41646039603960394,0.0236
51139,Page County,Virginia,VA,0.363,2.4480583062342174e-06,0.3788167938931298,0.3316831683168317,0.6638040712,0.37181933842239184,0.5922029702970297,0.8295173267326733,0.21070544554455445,0.37623762376237624,0.3063118811881188,0.21813118811881188,0.6602722772277227,0.5461014851485149,0.3811881188118812,0.0324
51141,Patrick County,Virginia,VA,0.2558,2.3001711339768173e-06,0.20865139949109415,0.19306930693069307,0.5610687022999999,0.11482188295165396,0.23607673267326731,0.7345297029702971,0.23452970297029702,0.10798267326732673,0.4489480198019802,0.48050742574257427,0.6339727722772277,0.24443069306930693,0.20482673267326731,0.029
51143,Pittsylvania County,Virginia,VA,0.7054,2.319149375076347e-06,0.6377226463104325,0.5408415841584159,0.8190203562,0.25636132315521626,0.45853960396039606,0.8341584158415841,0.42048267326732675,0.5423886138613861,0.37964108910891087,0.6475866336633663,0.739480198019802,0.46132425742574257,0.5925123762376238,0.064
51145,Powhatan County,Virginia,VA,0.0022,2.3001711339768173e-06,0.21087786259541985,0.33632425742574257,0.1339058524,0.6332697201017812,0.26175742574257427,0.7147277227722773,0.2806311881188119,0.3564356435643564,0.06745049504950495,0.39232673267326734,0.9176980198019802,0.15222772277227722,0.30538366336633666,0.0084
51147,Prince Edward County,Virginia,VA,0.6106,2.322613727904478e-06,0.3237913486005089,0.22555693069306929,0.8667302799,0.3342875318066158,0.31652227722772275,0.8254950495049505,0.28589108910891087,0.38366336633663367,0.2843440594059406,0.3496287128712871,0.9761757425742574,0.15191831683168316,0.400990099009901,0.0391
51149,Prince George County,Virginia,VA,0.3805,2.2693987806426965e-06,0.1389949109414758,0.26949257425742573,0.10623409669999999,0.5470737913486005,0.20544554455445543,0.7775371287128713,0.2998143564356436,0.46163366336633666,0.25464108910891087,0.43626237623762376,0.8502475247524752,0.2629950495049505,0.29238861386138615,0.0213
51153,Prince William County,Virginia,VA,0.4117,2.3314381468680617e-06,0.8317430025445293,0.8768564356435643,0.10623409669999999,0.40171755725190844,0.8867574257425742,0.8737623762376238,0.7716584158415841,0.9365717821782178,0.25773514851485146,0.594059405940594,0.5553836633663366,0.20451732673267325,0.9189356435643564,0.0697
51155,Pulaski County,Virginia,VA,0.2011,2.6634553986151854e-06,0.45928753180661586,0.3994430693069307,0.7232824427,0.5069974554707379,0.46410891089108913,0.6435643564356436,0.19956683168316833,0.02645420792079208,0.5702351485148515,0.28465346534653463,0.6918316831683168,0.2787747524752475,0.37840346534653463,0.0278
51157,Rappahannock County,Virginia,VA,0.0573,2.3065716201321046e-06,0.06902035623409669,0.06188118811881188,0.5381679389,0.6666666666666665,0.3582920792079208,0.6683168316831684,0.14511138613861385,0.28589108910891087,0.12716584158415842,0.12778465346534654,0.6011757425742574,0.40191831683168316,0.19554455445544555,0.0053
51159,Richmond County,Virginia,VA,0.5485,2.3001711339768173e-06,0.10432569974554708,0.07704207920792079,0.7305979644,0.6319974554707379,0.31992574257425743,0.8477722772277227,0.22462871287128713,0.2868193069306931,0.1021039603960396,0.3431311881188119,0.843440594059406,0.06745049504950495,0.14263613861386137,0.024
51161,Roanoke County,Virginia,VA,0.1333,2.3281322632853807e-06,0.5219465648854962,0.6002475247524752,0.2102417303,0.7468193384223919,0.8171410891089109,0.7660891089108911,0.26639851485148514,0.2676361386138614,0.4885519801980198,0.33292079207920794,0.26113861386138615,0.3415841584158416,0.6961633663366337,0.0276
51163,Rockbridge County,Virginia,VA,0.125,2.2669795829082403e-06,0.3330152671755725,0.31404702970297027,0.6001908397,0.4573791348600509,0.4223391089108911,0.7710396039603961,0.1828589108910891,0.13149752475247525,0.3527227722772277,0.20915841584158415,0.4347153465346535,0.6017945544554455,0.7676361386138614,0.0198
51165,Rockingham County,Virginia,VA,0.2526,2.518571451412968e-06,0.7503180661577609,0.7660891089108911,0.3619592875,0.5680661577608143,0.7286509900990099,0.8703589108910891,0.31064356435643564,0.7332920792079208,0.4291460396039604,0.3688118811881188,0.8267326732673267,0.6537747524752475,0.7834158415841584,0.052
51167,Russell County,Virginia,VA,0.3468,2.3001711339768173e-06,0.3654580152671756,0.3001237623762376,0.6981552163000001,0.10019083969465647,0.4498762376237624,0.635519801980198,0.18657178217821782,0.02645420792079208,0.8044554455445545,0.2926980198019802,0.4993811881188119,0.5566212871287128,0.42698019801980197,0.0388
51169,Scott County,Virginia,VA,0.4712,2.3001711339768173e-06,0.419529262086514,0.281559405940594,0.8778625954,0.06202290076335878,0.525990099009901,0.5389851485148515,0.22122524752475248,0.07735148514851485,0.27351485148514854,0.2156559405940594,0.47741336633663367,0.536200495049505,0.46844059405940597,0.0467
51171,Shenandoah County,Virginia,VA,0.4298,2.3001711339768173e-06,0.5982824427480916,0.5823019801980198,0.554389313,0.5006361323155216,0.78125,0.8527227722772277,0.2926980198019802,0.4832920792079208,0.3125,0.24783415841584158,0.6039603960396039,0.6435643564356436,0.46998762376237624,0.0463
51173,Smyth County,Virginia,VA,0.6841,2.3101274457739302e-06,0.5779262086513995,0.5012376237623762,0.7442748091999999,0.2783078880407125,0.5037128712871287,0.6884282178217822,0.23236386138613863,0.02645420792079208,0.9146039603960396,0.4229579207920792,0.6228341584158416,0.3313737623762376,0.47029702970297027,0.0584
51175,Southampton County,Virginia,VA,0.4279,2.3001711339768173e-06,0.29802798982188294,0.3125,0.4774173028,0.5696564885496184,0.23948019801980197,0.8808787128712872,0.25464108910891087,0.46008663366336633,0.21998762376237624,0.33663366336633666,0.8836633663366337,0.1806930693069307,0.22896039603960397,0.0272
51177,Spotsylvania County,Virginia,VA,0.2654,2.3001711339768173e-06,0.5289440203562341,0.6800742574257426,0.10623409669999999,0.6364503816793893,0.7704207920792079,0.7936262376237624,0.4622524752475248,0.7530940594059405,0.09158415841584158,0.42574257425742573,0.4755569306930693,0.1967821782178218,0.7769183168316832,0.0357
51179,Stafford County,Virginia,VA,0.2428,2.3001711339768173e-06,0.6504452926208651,0.7682549504950493,0.10623409669999999,0.5931933842239185,0.8403465346534653,0.833230198019802,0.5346534653465347,0.7964108910891089,0.1448019801980198,0.46070544554455445,0.5491955445544554,0.2042079207920792,0.7580445544554455,0.0445
51181,Surry County,Virginia,VA,0.448,2.3502227996972426e-06,0.047073791348600506,0.04331683168316833,0.5003180662,0.6491730279898219,0.0968440594059406,0.7744430693069307,0.1655321782178218,0.24133663366336633,0.12778465346534654,0.2911509900990099,0.8217821782178217,0.19152227722772278,0.10922029702970297,0.0194
51183,Sussex County,Virginia,VA,0.7385,2.333174948576318e-06,0.13231552162849872,0.09034653465346536,0.7706743003,0.41157760814249367,0.2317450495049505,0.8016707920792079,0.22988861386138615,0.35396039603960394,0.18162128712871287,0.34034653465346537,0.8883044554455446,0.22091584158415842,0.15377475247524752,0.0358
51185,Tazewell County,Virginia,VA,0.5883,2.3001711339768173e-06,0.6017811704834607,0.5099009900990099,0.7967557252,0.20006361323155214,0.5788985148514851,0.6426361386138614,0.1766707920792079,0.02645420792079208,0.7577351485148515,0.28929455445544555,0.6079826732673267,0.588799504950495,0.4566831683168317,0.0588
51187,Warren County,Virginia,VA,0.496,2.3001711339768173e-06,0.31583969465648853,0.453279702970297,0.1377226463,0.5346692111959288,0.4588490099009901,0.7026608910891089,0.26701732673267325,0.5046410891089109,0.11200495049504951,0.1686262376237624,0.5724009900990099,0.3814975247524752,0.4900990099009901,0.0326
51191,Washington County,Virginia,VA,0.2549,2.3001711339768173e-06,0.46564885496183206,0.43316831683168316,0.6103689567,0.34828244274809156,0.755259900990099,0.6661509900990099,0.32023514851485146,0.02645420792079208,0.5377475247524752,0.5092821782178217,0.5454826732673267,0.3499381188118812,0.5853960396039604,0.0342
51193,Westmoreland County,Virginia,VA,0.8193,2.3164632805539117e-06,0.37372773536895676,0.312190594059406,0.7423664122,0.6170483460559797,0.4405940594059406,0.9003712871287128,0.28898514851485146,0.40501237623762376,0.14201732673267325,0.43873762376237624,0.8462252475247525,0.1890470297029703,0.29919554455445546,0.0433
51195,Wise County,Virginia,VA,0.8046,2.3001711339768173e-06,0.5041348600508906,0.45853960396039595,0.6253180662,0.06138676844783715,0.5581683168316832,0.619430693069307,0.23731435643564355,0.02645420792079208,0.7620668316831684,0.18502475247524752,0.3248762376237624,0.8468440594059405,0.21751237623762376,0.0648
51197,Wythe County,Virginia,VA,0.4139,2.3001711339768173e-06,0.4872773536895674,0.41738861386138615,0.7433206107,0.4182569974554708,0.7125618811881188,0.692759900990099,0.1707920792079208,0.02645420792079208,0.8904702970297029,0.31992574257425743,0.6723391089108911,0.23452970297029702,0.3886138613861386,0.0391
51199,York County,Virginia,VA,0.1543,2.3442871997926987e-06,0.4465648854961832,0.6649133663366337,0.10623409669999999,0.9443384223918576,0.29517326732673266,0.8641707920792079,0.43935643564356436,0.5371287128712872,0.297029702970297,0.6881188118811881,0.3845915841584158,0.5711633663366337,0.42048267326732675,0.0241
51510,Alexandria City,Virginia,VA,0.3178,2.1727447036057857e-06,0.7369592875318066,0.7982673267326733,0.1542620865,0.4567430025445292,0.9040841584158416,0.8452970297029703,0.41491336633663367,0.8886138613861386,0.2713490099009901,0.5046410891089109,0.07317450495049505,0.0823019801980198,0.8205445544554455,0.0563
51520,Bristol City,Virginia,VA,0.7696,1.958110735902338e-06,0.08619592875318066,0.04826732673267327,0.8680025444999999,0.23568702290076335,0.4251237623762376,0.5043316831683168,0.18780940594059406,0.02645420792079208,0.2936262376237624,0.15284653465346534,0.07317450495049505,0.03341584158415842,0.3771658415841584,0.0407
51530,Buena Vista City,Virginia,VA,0.4983,0.0,0.03276081424936387,0.03186881188118812,0.48250636129999996,0.49236641221374045,0.16955445544554457,0.6516089108910891,0.09962871287128713,0.07951732673267327,0.14727722772277227,0.13706683168316833,0.07317450495049505,0.03712871287128713,0.34560643564356436,0.024
51540,Charlottesville City,Virginia,VA,0.5727,2.3001711339768173e-06,0.2433206106870229,0.3579826732673268,0.1657124682,0.9249363867684478,0.8483910891089109,0.7735148514851485,0.2636138613861386,0.6519183168316832,0.10922029702970297,0.3097153465346535,0.07317450495049505,0.03032178217821782,0.5145420792079208,0.0269
51550,Chesapeake City,Virginia,VA,0.4149,2.3001711339768173e-06,0.8085241730279897,0.8539603960396039,0.1377226463,0.8969465648854961,0.11974009900990099,0.9409034653465347,0.7255569306930693,0.8849009900990099,0.4712252475247525,0.5034034653465347,0.4189356435643564,0.6729579207920792,0.5501237623762376,0.0599
51570,Colonial Heights City,Virginia,VA,0.5651,2.3815050907725085e-06,0.060432569974554706,0.10241336633663366,0.1275445293,0.4930025445292621,0.12097772277227722,0.6958539603960396,0.2376237623762376,0.3183787128712871,0.06064356435643564,0.33601485148514854,0.07317450495049505,0.04393564356435643,0.15810643564356436,0.0268
51580,Covington City,Virginia,VA,0.3128,0.0,0.09669211195928751,0.11633663366336634,0.4188931298,0.9526081424936386,0.7957920792079208,0.5841584158415841,0.07951732673267327,0.06497524752475248,0.28155940594059403,0.14047029702970298,0.07317450495049505,0.028774752475247526,0.39294554455445546,0.0124
51590,Danville City,Virginia,VA,0.9796,2.3001711339768173e-06,0.6803435114503816,0.5739480198019802,0.8816793893,0.5518447837150128,0.4396658415841584,0.8267326732673267,0.6259282178217822,0.5269183168316832,0.3292079207920792,0.681930693069307,0.07317450495049505,0.16181930693069307,0.5086633663366337,0.0701
51595,Emporia City,Virginia,VA,0.9233,2.3001711339768173e-06,0.04993638676844783,0.03836633663366336,0.612913486,0.7932569974554707,0.07580445544554455,0.8063118811881188,0.18533415841584158,0.26082920792079206,0.11571782178217822,0.2948638613861386,0.07317450495049505,0.03620049504950495,0.09746287128712872,0.0347
51600,Fairfax City,Virginia,VA,0.3551,2.3001711339768173e-06,0.05279898218829516,0.12252475247524751,0.10623409669999999,0.7582697201017811,0.2926980198019802,0.7193688118811881,0.22277227722772278,0.44214108910891087,0.07797029702970297,0.20018564356435645,0.07317450495049505,0.03743811881188119,0.37964108910891087,0.0149
51610,Falls Church City,Virginia,VA,0.2189,0.0,0.01622137404580153,0.054146039603960396,0.10623409669999999,0.9825063613231552,0.19554455445544555,0.6568688118811881,0.15346534653465346,0.33941831683168316,0.07054455445544554,0.17172029702970298,0.07317450495049505,0.028465346534653466,0.5467202970297029,0.008
51620,Franklin City,Virginia,VA,0.7938,2.389777940150835e-06,0.07538167938931298,0.0510519801980198,0.7821246819,0.7630407124681934,0.16367574257425743,0.8431311881188119,0.22091584158415842,0.3691212871287129,0.14047029702970298,0.31095297029702973,0.07317450495049505,0.04733910891089109,0.1577970297029703,0.0306
51630,Fredericksburg City,Virginia,VA,0.7636,0.0,0.0871501272264631,0.21318069306930693,0.10623409669999999,0.8428753180661578,0.3814975247524752,0.6875,0.2317450495049505,0.4127475247524752,0.07301980198019802,0.2218440594059406,0.07317450495049505,0.04424504950495049,0.6212871287128713,0.0297
51640,Galax City,Virginia,VA,0.9532,1.9206454428559926e-06,0.06806615776081425,0.041769801980198015,0.7614503817,0.4767811704834607,0.2141089108910891,0.6008663366336634,0.1608910891089109,0.02645420792079208,0.6228341584158416,0.3582920792079208,0.07317450495049505,0.25773514851485146,0.14201732673267325,0.041
51650,Hampton City,Virginia,VA,0.748,2.3001711339768173e-06,0.6173664122137404,0.65625,0.34637404580000003,0.8902671755725191,0.6373762376237624,0.8917079207920792,0.5733292079207921,0.7954826732673267,0.5779702970297029,0.6602722772277227,0.07317450495049505,0.26330445544554454,0.6531559405940595,0.0548
51660,Harrisonburg City,Virginia,VA,0.8648,2.98463125774472e-06,0.26590330788804073,0.31126237623762376,0.34255725189999997,0.15998727735368956,0.6219059405940595,0.7821782178217822,0.2524752475247525,0.43347772277227725,0.1859529702970297,0.2902227722772277,0.07317450495049505,0.12995049504950495,0.5918935643564357,0.0521
51670,Hopewell City,Virginia,VA,0.8801,0.0,0.17239185750636132,0.1073638613861386,0.9071246819,0.6765267175572519,0.1921410891089109,0.8186881188118812,0.3493193069306931,0.4904084158415842,0.06311881188118812,0.4808168316831683,0.07317450495049505,0.058787128712871284,0.3245668316831683,0.0367
51678,Lexington City,Virginia,VA,0.0474,0.0,0.03721374045801527,0.02413366336633664,0.7019720102,0.8676844783715013,0.18719059405940594,0.6887376237623762,0.12004950495049505,0.08632425742574257,0.1791460396039604,0.1373762376237624,0.07317450495049505,0.04981435643564357,0.46875,0.0024
51680,Lynchburg City,Virginia,VA,0.7066,1.7556622453316754e-06,0.4930025445292621,0.500309405940594,0.49236641220000005,0.7655852417302799,0.7902227722772277,0.8094059405940595,0.3369430693069307,0.4724628712871287,0.19492574257425743,0.5102103960396039,0.07317450495049505,0.11169554455445545,0.7472153465346535,0.0449
51683,Manassas City,Virginia,VA,0.4884,2.3001711339768173e-06,0.16634860050890585,0.24195544554455445,0.19147582700000002,0.09319338422391857,0.4931930693069307,0.7422648514851485,0.3041460396039604,0.5974628712871287,0.12283415841584158,0.2311262376237624,0.07317450495049505,0.034962871287128716,0.5578589108910891,0.0374
51685,Manassas Park City,Virginia,VA,0.6532,0.0,0.04930025445292621,0.059096534653465344,0.2674936387,0.11959287531806616,0.3347772277227723,0.6652227722772277,0.1890470297029703,0.4526608910891089,0.11448019801980198,0.15408415841584158,0.07317450495049505,0.03094059405940594,0.3459158415841584,0.0397
51690,Martinsville City,Virginia,VA,0.9297,2.3001711339768173e-06,0.09573791348600508,0.0640470297029703,0.8323791348999999,0.7229643765903307,0.3443688118811881,0.6983292079207921,0.28867574257425743,0.2079207920792079,0.25495049504950495,0.5089727722772277,0.07317450495049505,0.03310643564356436,0.19956683168316833,0.0363
51700,Newport News City,Virginia,VA,0.8406,2.3309836463208217e-06,0.722328244274809,0.7391707920792081,0.3619592875,0.6593511450381679,0.7948638613861386,0.9133663366336634,0.7478341584158416,0.8428217821782178,0.655940594059406,0.8217821782178217,0.07317450495049505,0.36417079207920794,0.7704207920792079,0.0691
51710,Norfolk City,Virginia,VA,0.8594,2.3001711339768173e-06,0.8123409669211196,0.8217821782178217,0.3641857506,0.6692111959287533,0.7221534653465347,0.9477103960396039,0.7484529702970297,0.8867574257425742,0.7116336633663366,0.7175123762376238,0.07317450495049505,0.3474628712871287,0.8818069306930693,0.0779
51720,Norton City,Virginia,VA,0.769,2.3001711339768173e-06,0.015585241730279899,0.00804455445544555,0.8527353689999999,0.47423664122137404,0.14201732673267325,0.4625618811881188,0.13242574257425743,0.02645420792079208,0.265470297029703,0.09746287128712872,0.07317450495049505,0.25711633663366334,0.053836633663366336,0.034
51730,Petersburg City,Virginia,VA,0.9733,0.0475930636116272,0.169529262086514,0.14542079207920794,0.6237277353999999,0.3880407124681934,0.22834158415841585,0.7694925742574258,0.30909653465346537,0.5222772277227723,0.06466584158415842,0.5287747524752475,0.07317450495049505,0.17419554455445543,0.3691212871287129,0.0496
51735,Poquoson City,Virginia,VA,0.0038,2.3001711339768173e-06,0.02353689567430025,0.10550742574257424,0.10623409669999999,0.9933206106870229,0.08570544554455446,0.7066831683168316,0.15377475247524752,0.24474009900990099,0.11107673267326733,0.24133663366336633,0.07317450495049505,0.19616336633663367,0.1188118811881188,0.0004
51740,Portsmouth City,Virginia,VA,0.8355,0.1424101968289767,0.5397582697201018,0.5708539603960398,0.37436386769999996,0.7614503816793892,0.40470297029702973,0.900680693069307,0.5238242574257426,0.7521658415841584,0.49845297029702973,0.6138613861386139,0.07317450495049505,0.21998762376237624,0.6884282178217822,0.0646
51750,Radford City,Virginia,VA,0.3408,2.3001711339768173e-06,0.02639949109414758,0.03496287128712872,0.2789440204,0.5076335877862596,0.21163366336633663,0.4693688118811881,0.10643564356435643,0.02645420792079208,0.286509900990099,0.14573019801980197,0.07317450495049505,0.053527227722772276,0.1531559405940594,0.018
51760,Richmond City,Virginia,VA,0.8333,0.024997502974537913,0.784033078880407,0.792388613861386,0.3893129771,0.5327608142493638,0.31404702970297027,0.8468440594059405,0.6766707920792079,0.8873762376237624,0.5578589108910891,0.625,0.07317450495049505,0.20266089108910892,0.588180693069307,0.0786
51770,Roanoke City,Virginia,VA,0.8521,1.7308825972955803e-06,0.7286895674300254,0.6704826732673267,0.7226463103999999,0.5095419847328244,0.8923267326732673,0.8115717821782178,0.34870049504950495,0.32673267326732675,0.5980816831683168,0.4099628712871287,0.07317450495049505,0.11014851485148515,0.8165222772277227,0.0713
51775,Salem City,Virginia,VA,0.3248,2.4214586675926017e-06,0.18638676844783714,0.31157178217821785,0.1275445293,0.7862595419847328,0.38211633663366334,0.6862623762376238,0.1500618811881188,0.14356435643564355,0.19956683168316833,0.19492574257425743,0.07317450495049505,0.040532178217821783,0.34189356435643564,0.0171
51790,Staunton City,Virginia,VA,0.6048,2.3001711339768173e-06,0.10623409669211195,0.1417079207920792,0.3062977099,0.7942111959287533,0.37933168316831684,0.7202970297029703,0.1782178217821782,0.2660891089108911,0.14603960396039603,0.2249381188118812,0.07317450495049505,0.1358292079207921,0.3926361386138614,0.0242
51800,Suffolk City,Virginia,VA,0.4788,2.3001711339768173e-06,0.601145038167939,0.6831683168316832,0.19147582700000002,0.8546437659033078,0.619740099009901,0.9124381188118812,0.5693069306930693,0.7295792079207921,0.452970297029703,0.6290222772277227,0.9328589108910891,0.568069306930693,0.6395420792079208,0.0449
51810,Virginia Beach City,Virginia,VA,0.307,2.2270213804040886e-06,0.5785623409669212,0.7286509900990099,0.10623409669999999,0.8279262086513995,0.16491336633663367,0.9180074257425742,0.6757425742574258,0.9201732673267327,0.573019801980198,0.4712252475247525,0.24102722772277227,0.5702351485148515,0.8691212871287128,0.0385
51820,Waynesboro City,Virginia,VA,0.7601,2.3449745370638263e-06,0.10337150127226463,0.1828589108910891,0.15012722650000002,0.8091603053435115,0.30476485148514854,0.713490099009901,0.18688118811881188,0.25185643564356436,0.1333539603960396,0.2202970297029703,0.07317450495049505,0.05290841584158416,0.31435643564356436,0.0299
51830,Williamsburg City,Virginia,VA,0.3802,0.0,0.024173027989821877,0.06930693069306933,0.10623409669999999,0.8571882951653944,0.25,0.754950495049505,0.21163366336633663,0.27629950495049505,0.13304455445544555,0.3598391089108911,0.07317450495049505,0.10736386138613861,0.14449257425742573,0.0145
51840,Winchester City,Virginia,VA,0.9033,2.389777940150835e-06,0.16857506361323155,0.1751237623762376,0.47582697199999996,0.45928753180661586,0.45823019801980197,0.7769183168316832,0.2728960396039604,0.5061881188118812,0.12902227722772278,0.1859529702970297,0.07317450495049505,0.07735148514851485,0.31280940594059403,0.0418
53001,Adams County,Washington,WA,0.98,9.26718375892245e-07,0.2321882951653944,0.23855198019801974,0.4389312977,0.01653944020356234,0.20235148514851486,0.1551670792079208,0.09715346534653466,0.536509900990099,0.656559405940594,0.2583539603960396,0.2271039603960396,0.8561262376237624,0.08972772277227722,0.0594
53003,Asotin County,Washington,WA,0.4283,0.0,0.1790712468193384,0.14263613861386135,0.6638040712,0.20038167938931298,0.12530940594059406,0.1551670792079208,0.09405940594059406,0.5550742574257426,0.1998762376237624,0.1983292079207921,0.16181930693069307,0.8966584158415841,0.11417079207920793,0.0315
53005,Benton County,Washington,WA,0.6405,0.0,0.8708651399491094,0.8777846534653464,0.3031170483,0.5861959287531806,0.47896039603960394,0.1551670792079208,0.21813118811881188,0.9458539603960396,0.8285891089108911,0.900990099009901,0.3004331683168317,0.9678217821782178,0.6401608910891089,0.0772
53007,Chelan County,Washington,WA,0.7999,3.943937636738551e-06,0.9087150127226464,0.8960396039603961,0.48632315519999997,0.7041984732824428,0.1318069306930693,0.1551670792079208,0.11726485148514851,0.7800123762376238,0.6701732673267327,0.27320544554455445,0.19709158415841585,0.9956683168316832,0.8474628712871287,0.0846
53009,Clallam County,Washington,WA,0.5861,1.1295184162629409e-06,0.897264631043257,0.8672648514851485,0.7563613232,0.6329516539440203,0.05693069306930693,0.1551670792079208,0.14356435643564355,0.4412128712871287,0.39820544554455445,0.5996287128712872,0.15037128712871287,0.41367574257425743,0.15501237623762376,0.0764
53011,Clark County,Washington,WA,0.4257,2.487192750040655e-06,0.9223918575063612,0.9436881188118812,0.12181933839999999,0.7032442748091603,0.8279702970297029,0.1551670792079208,0.3313737623762376,0.9607054455445545,0.9678217821782178,0.911819306930693,0.07317450495049505,0.7042079207920792,0.8112623762376238,0.0734
53013,Columbia County,Washington,WA,0.3576,0.0,0.08555979643765904,0.07827970297029703,0.5190839695,0.4319338422391857,0.0739480198019802,0.1551670792079208,0.05847772277227723,0.28279702970297027,0.1729579207920792,0.47308168316831684,0.17172029702970298,0.7407178217821783,0.043316831683168314,0.0208
53015,Cowlitz County,Washington,WA,0.7124,0.0,0.9029898218829517,0.8957301980198021,0.3619592875,0.5947837150127226,0.39851485148514854,0.1551670792079208,0.2271039603960396,0.9173886138613861,0.7914603960396039,0.3604579207920792,0.07317450495049505,0.6234529702970297,0.24938118811881188,0.0827
53017,Douglas County,Washington,WA,0.8116,2.2366554945134907e-06,0.7407760814249363,0.6977103960396039,0.6253180662,0.196882951653944,0.19925742574257427,0.1551670792079208,0.09282178217821782,0.6899752475247525,0.8304455445544554,0.08632425742574257,0.2042079207920792,0.9486386138613861,0.551980198019802,0.0792
53019,Ferry County,Washington,WA,0.7159,0.0,0.5165394402035624,0.36912128712871284,0.9118956743,0.11545801526717557,0.0853960396039604,0.1551670792079208,0.06961633663366337,0.3313737623762376,0.45792079207920794,0.12283415841584158,0.15346534653465346,0.974319306930693,0.12778465346534654,0.0594
53021,Franklin County,Washington,WA,0.9147,0.0,0.7248727735368958,0.7475247524752475,0.31456743,0.15458015267175573,0.4282178217821782,0.1551670792079208,0.14913366336633663,0.8818069306930693,0.6646039603960396,0.8016707920792079,0.24814356435643564,0.8502475247524752,0.46472772277227725,0.084
53023,Garfield County,Washington,WA,0.2456,2.3001711339768173e-06,0.01590330788804071,0.02073019801980198,0.18734096690000002,0.2732188295165394,0.04857673267326733,0.1551670792079208,0.04764851485148515,0.18007425742574257,0.09034653465346534,0.21936881188118812,0.16955445544554457,0.7004950495049505,0.0297029702970297,0.0201
53025,Grant County,Washington,WA,0.931,0.0,0.7694020356234098,0.7156559405940596,0.649173028,0.07760814249363868,0.32332920792079206,0.1551670792079208,0.1775990099009901,0.8756188118811881,0.8975866336633663,0.20111386138613863,0.34560643564356436,0.9594678217821783,0.5154702970297029,0.0897
53027,Grays Harbor County,Washington,WA,0.8215,1.1295184162629409e-06,0.9697837150127225,0.9594678217821785,0.6717557252,0.6199109414758269,0.09808168316831684,0.1551670792079208,0.15594059405940594,0.6036509900990099,0.0525990099009901,0.8849009900990099,0.15408415841584158,0.35705445544554454,0.16274752475247525,0.0934
53029,Island County,Washington,WA,0.3032,2.3001711339768173e-06,0.7798982188295165,0.7930074257425743,0.3683206107,0.8043893129770991,0.043007425742574254,0.1551670792079208,0.1373762376237624,0.32271039603960394,0.49195544554455445,0.7769183168316832,0.07317450495049505,0.3719059405940594,0.265470297029703,0.0532
53031,Jefferson County,Washington,WA,0.3643,2.007507954548348e-06,0.643765903307888,0.5485767326732673,0.8546437659,0.648854961832061,0.04672029702970297,0.1551670792079208,0.11974009900990099,0.3719059405940594,0.26423267326732675,0.7540222772277227,0.14882425742574257,0.2558787128712871,0.0875618811881188,0.0435
53033,King County,Washington,WA,0.3761,0.3332229615664936,0.9968193384223919,0.9972153465346536,0.1475826972,0.8740458015267175,0.0708539603960396,0.1551670792079208,0.7388613861386139,0.9823638613861386,0.28527227722772275,0.9173886138613861,0.1608910891089109,0.8001237623762376,0.7543316831683168,0.1043
53035,Kitsap County,Washington,WA,0.3334,1.8849578918318098e-07,0.9230279898218829,0.9443069306930693,0.12181933839999999,0.7293256997455471,0.11571782178217822,0.1551670792079208,0.25742574257425743,0.8988242574257426,0.024133663366336634,0.5204207920792079,0.07317450495049505,0.41491336633663367,0.5594059405940595,0.0698
53037,Kittitas County,Washington,WA,0.3366,0.5453415578827189,0.8912213740458015,0.8858292079207919,0.4020356234,0.6456743002544529,0.10891089108910891,0.1551670792079208,0.09931930693069307,0.6741955445544554,0.6627475247524752,0.28125,0.18811881188118812,0.9969059405940595,0.4099628712871287,0.1107
53039,Klickitat County,Washington,WA,0.6414,0.0,0.7388676844783714,0.6887376237623762,0.6704834606,0.3298346055979644,0.23081683168316833,0.1551670792079208,0.08849009900990099,0.42728960396039606,0.5080445544554455,0.8391089108910891,0.19863861386138615,0.9845297029702971,0.5686881188118812,0.069
53041,Lewis County,Washington,WA,0.7028,0.3332478501820255,0.8969465648854961,0.8793316831683168,0.582697201,0.4506997455470738,0.23514851485148514,0.1551670792079208,0.1967821782178218,0.7871287128712872,0.05724009900990099,0.40160891089108913,0.1547029702970297,0.7732054455445545,0.34220297029702973,0.111
53043,Lincoln County,Washington,WA,0.2113,0.16661082377310116,0.5489821882951654,0.4712252475247525,0.7824427480999999,0.59764631043257,0.2583539603960396,0.1551670792079208,0.10148514851485149,0.421720297029703,0.8001237623762376,0.4489480198019802,0.20080445544554457,0.9675123762376238,0.1051980198019802,0.0454
53045,Mason County,Washington,WA,0.573,1.1295184162629409e-06,0.8533715012722645,0.817141089108911,0.7048346056,0.393765903307888,0.08849009900990099,0.1551670792079208,0.16150990099009901,0.6912128712871287,0.024133663366336634,0.3125,0.1500618811881188,0.4557549504950495,0.22431930693069307,0.0761
53047,Okanogan County,Washington,WA,0.9453,0.5832216413424395,0.8918575063613232,0.8403465346534653,0.8896310433,0.16444020356234096,0.25433168316831684,0.1551670792079208,0.09189356435643564,0.7339108910891089,0.8586014851485149,0.1547029702970297,0.22431930693069307,0.9931930693069307,0.6482054455445545,0.1461
53049,Pacific County,Washington,WA,0.7038,0.0008559329626729041,0.9274809160305345,0.9124381188118812,0.6440839695,0.6962468193384224,0.08477722772277228,0.1551670792079208,0.09777227722772278,0.47060643564356436,0.1661509900990099,0.24752475247524752,0.15222772277227722,0.296720297029703,0.06930693069306931,0.0833
53051,Pend Oreille County,Washington,WA,0.4314,2.2366554945134907e-06,0.28021628498727735,0.312809405940594,0.4010814249,0.21882951653944022,0.24102722772277227,0.1551670792079208,0.08477722772277228,0.3527227722772277,0.4563737623762376,0.3870668316831683,0.15439356435643564,0.7750618811881188,0.1766707920792079,0.0351
53053,Pierce County,Washington,WA,0.5434,0.0,0.9853689567430024,0.9913366336633663,0.1437659033,0.6008269720101781,0.4337871287128713,0.1551670792079208,0.4282178217821782,0.974319306930693,0.9090346534653465,0.8548886138613861,0.15129950495049505,0.7741336633663366,0.9016089108910891,0.0859
53055,San Juan County,Washington,WA,0.1527,0.0,0.35368956743002544,0.3474628712871287,0.6100508906000001,0.9576972010178118,0.037747524752475246,0.1551670792079208,0.07023514851485149,0.1707920792079208,0.3344678217821782,0.24876237623762376,0.07317450495049505,0.4291460396039604,0.08106435643564357,0.0154
53057,Skagit County,Washington,WA,0.5982,0.0,0.8877226463104327,0.8895420792079208,0.3174300254,0.7344147582697201,0.04207920792079208,0.1551670792079208,0.1358292079207921,0.7004950495049505,0.4183168316831683,0.9279084158415841,0.16027227722772278,0.5380569306930693,0.5176361386138614,0.0751
53059,Skamania County,Washington,WA,0.2345,0.0,0.49681933842239184,0.5925123762376238,0.1698473282,0.28053435114503816,0.16429455445544555,0.1551670792079208,0.08199257425742575,0.4093440594059406,0.6277846534653465,0.34839108910891087,0.15099009900990099,0.9409034653465347,0.0671410891089109,0.0392
53061,Snohomish County,Washington,WA,0.3557,0.0,0.9786895674300254,0.9870049504950497,0.1339058524,0.7783078880407125,0.10334158415841584,0.1551670792079208,0.40470297029702973,0.9706064356435643,0.6534653465346535,0.9814356435643564,0.15377475247524752,0.625309405940594,0.8647896039603961,0.0759
53063,Spokane County,Washington,WA,0.5638,2.2428792416338726e-06,0.8998091603053437,0.9059405940594061,0.2102417303,0.7579516539440203,0.9139851485148515,0.1551670792079208,0.44245049504950495,0.9504950495049505,0.9752475247524752,0.9721534653465347,0.18842821782178218,0.9665841584158416,0.5829207920792079,0.0749
53065,Stevens County,Washington,WA,0.4652,2.2366554945134907e-06,0.6033715012722646,0.5720915841584159,0.5871501271999999,0.3800890585241729,0.1463490099009901,0.1551670792079208,0.1485148514851485,0.6339727722772277,0.6782178217821783,0.5163985148514851,0.16212871287128713,0.9656559405940595,0.12407178217821782,0.0505
53067,Thurston County,Washington,WA,0.3939,0.0,0.9449745547073792,0.9545173267326733,0.1946564885,0.6501272264631042,0.2719678217821782,0.1551670792079208,0.27073019801980197,0.9093440594059405,0.055383663366336634,0.6837871287128713,0.15655940594059406,0.5829207920792079,0.3220915841584158,0.0752
53069,Wahkiakum County,Washington,WA,0.2039,2.3001711339768173e-06,0.19274809160305345,0.17357673267326731,0.6081424936,0.4001272264631043,0.06033415841584158,0.1551670792079208,0.0655940594059406,0.4207920792079208,0.09003712871287128,0.22431930693069307,0.07317450495049505,0.14603960396039603,0.034653465346534656,0.0185
53071,Walla Walla County,Washington,WA,0.8078,0.0,0.6036895674300254,0.6113861386138614,0.4602417303,0.5493002544529262,0.36633663366336633,0.1551670792079208,0.1417079207920792,0.8220915841584159,0.5324876237623762,0.901299504950495,0.2561881188118812,0.8397277227722773,0.31590346534653463,0.0598
53073,Whatcom County,Washington,WA,0.5002,0.0,0.9096692111959288,0.9155321782178217,0.2153307888,0.7865776081424937,0.04888613861386139,0.1551670792079208,0.15501237623762376,0.7970297029702971,0.8635519801980198,0.9730816831683168,0.16831683168316833,0.6271658415841584,0.6324257425742574,0.0734
53075,Whitman County,Washington,WA,0.5186,2.261026567194823e-06,0.3975826972010178,0.4910272277227723,0.207697201,0.5063613231552163,0.21627475247524752,0.1551670792079208,0.12871287128712872,0.6219059405940595,0.6905940594059405,0.4381188118811881,0.22153465346534654,0.6912128712871287,0.10024752475247525,0.0377
53077,Yakima County,Washington,WA,0.9647,0.0,0.9402035623409668,0.9232673267326733,0.6393129771,0.1351781170483461,0.7094678217821783,0.1551670792079208,0.2172029702970297,0.9375,0.9823638613861386,0.5696163366336634,0.3787128712871287,0.989480198019802,0.6850247524752475,0.107
54001,Barbour County,West Virginia,WV,0.4563,2.2722663126663536e-06,0.24013994910941475,0.2524752475247525,0.46469465649999997,0.4354325699745547,0.19771039603960397,0.6120049504950495,0.13861386138613863,0.12902227722772278,0.23638613861386137,0.17141089108910892,0.4003712871287129,0.14047029702970298,0.6021039603960396,0.0286
54003,Berkeley County,West Virginia,WV,0.2704,2.2102351024589115e-06,0.6825699745547074,0.7685643564356436,0.12181933839999999,0.43225190839694655,0.8576732673267327,0.854269801980198,0.44152227722772275,0.7283415841584159,0.17141089108910892,0.37159653465346537,0.6936881188118812,0.33508663366336633,0.5872524752475248,0.0508
54005,Boone County,West Virginia,WV,0.4003,2.0373686592449705e-06,0.6937022900763359,0.5841584158415841,0.8575063613,0.13295165394402036,0.48824257425742573,0.5857054455445545,0.13025990099009901,0.6160272277227723,0.15903465346534654,0.4597772277227723,0.07317450495049505,0.749690594059406,0.5061881188118812,0.0611
54007,Braxton County,West Virginia,WV,0.6013,1.803766459483329e-06,0.3616412213740458,0.29764851485148514,0.7134223919,0.24936386768447838,0.17172029702970298,0.5974628712871287,0.09127475247524752,0.2438118811881188,0.3629331683168317,0.3094059405940594,0.3573638613861386,0.08013613861386139,0.36695544554455445,0.0432
54009,Brooke County,West Virginia,WV,0.378,0.062289780187757354,0.5423027989821882,0.4412128712871287,0.856870229,0.5709287531806616,0.34808168316831684,0.6475866336633663,0.24443069306930693,0.30228960396039606,0.08075495049504951,0.4056311881188119,0.2438118811881188,0.18564356435643564,0.5182549504950495,0.0428
54011,Cabell County,West Virginia,WV,0.7276,2.079157611665616e-06,0.8536895674300254,0.8341584158415841,0.5916030534,0.7385496183206108,0.7305074257425742,0.6828589108910891,0.5631188118811881,0.9170792079207921,0.27629950495049505,0.8988242574257426,0.3685024752475248,0.7008044554455446,0.7060643564356436,0.0757
54013,Calhoun County,West Virginia,WV,0.4696,1.7031778016235377e-06,0.16825699745547074,0.1280940594059406,0.7372773537,0.3705470737913486,0.12840346534653466,0.588799504950495,0.08261138613861387,0.22462871287128713,0.1974009900990099,0.31157178217821785,0.3254950495049505,0.0640470297029703,0.21503712871287128,0.028
54015,Clay County,West Virginia,WV,0.538,1.6466048918866852e-06,0.2229643765903308,0.1166460396039604,0.9589694656000001,0.1898854961832061,0.12592821782178218,0.46998762376237624,0.0838490099009901,0.2521658415841584,0.08725247524752475,0.1890470297029703,0.24969059405940594,0.2998143564356436,0.3248762376237624,0.0367
54017,Doddridge County,West Virginia,WV,0.2625,1.7393279394949733e-06,0.1444020356234097,0.18007425742574257,0.332697201,0.4933206106870229,0.10303217821782178,0.5306311881188119,0.12314356435643564,0.17264851485148514,0.07920792079207921,0.23978960396039603,0.07317450495049505,0.1311881188118812,0.17790841584158415,0.0175
54019,Fayette County,West Virginia,WV,0.7019,2.0365339613439544e-06,0.5343511450381679,0.49226485148514854,0.641221374,0.272264631043257,0.39511138613861385,0.5699257425742574,0.1311881188118812,0.14758663366336633,0.28125,0.4777227722772277,0.20358910891089108,0.5089727722772277,0.911509900990099,0.0566
54021,Gilmer County,West Virginia,WV,0.4849,1.9759208681519707e-06,0.11450381679389311,0.1686262376237624,0.2022900763,0.0671119592875318,0.10922029702970297,0.5683787128712872,0.0724009900990099,0.17543316831683167,0.16150990099009901,0.07982673267326733,0.2537128712871287,0.040222772277227724,0.18533415841584158,0.0367
54023,Grant County,West Virginia,WV,0.2695,2.3001711339768173e-06,0.3317430025445292,0.2722772277227723,0.7166030534,0.27639949109414763,0.6608910891089109,0.7373143564356436,0.17017326732673269,0.2004950495049505,0.3035272277227723,0.1974009900990099,0.4563737623762376,0.5278465346534653,0.21875,0.0291
54025,Greenbrier County,West Virginia,WV,0.4537,2.1592680121673494e-06,0.7576335877862596,0.6840965346534653,0.8078880407,0.5174936386768448,0.3935643564356436,0.6543935643564357,0.15222772277227722,0.05693069306930693,0.8941831683168316,0.36324257425742573,0.28310643564356436,0.5838490099009901,0.8106435643564357,0.0591
54027,Hampshire County,West Virginia,WV,0.4699,2.060833165917457e-06,0.3800890585241729,0.3635519801980198,0.5349872774,0.10973282442748092,0.4436881188118812,0.7453589108910891,0.22215346534653466,0.2942450495049505,0.15408415841584158,0.1797648514851485,0.598700495049505,0.5615717821782178,0.21379950495049505,0.0442
54029,Hancock County,West Virginia,WV,0.2969,1.7533768861022894e-06,0.4068066157760814,0.4158415841584159,0.4856870229,0.5028625954198473,0.26021039603960394,0.6389232673267327,0.2506188118811881,0.29764851485148514,0.08849009900990099,0.39511138613861385,0.07317450495049505,0.18780940594059406,0.47060643564356436,0.0292
54031,Hardy County,West Virginia,WV,0.3942,1.806392699706645e-06,0.42461832061068705,0.38149752475247517,0.6520356234000001,0.2385496183206107,0.3323019801980198,0.7973391089108911,0.18626237623762376,0.23576732673267325,0.3691212871287129,0.17574257425742573,0.5349628712871287,0.5819925742574258,0.2453589108910891,0.0396
54033,Harrison County,West Virginia,WV,0.4703,2.116125858580678e-06,0.7360050890585242,0.7088490099009901,0.5982824427,0.8730916030534351,0.4603960396039604,0.7076113861386139,0.36757425742574257,0.41646039603960394,0.1958539603960396,0.5525990099009901,0.37097772277227725,0.27258663366336633,0.7441212871287128,0.0538
54035,Jackson County,West Virginia,WV,0.2934,2.3001711339768173e-06,0.5645674300254453,0.5139232673267327,0.649173028,0.36641221374045796,0.25742574257425743,0.6775990099009901,0.15129950495049505,0.5965346534653465,0.2998143564356436,0.749690594059406,0.3582920792079208,0.2255569306930693,0.45792079207920794,0.0415
54037,Jefferson County,West Virginia,WV,0.217,0.04165521799020915,0.4780534351145038,0.5801361386138614,0.1580788804,0.5289440203562341,0.692450495049505,0.770730198019802,0.38304455445544555,0.625,0.15129950495049505,0.20853960396039603,0.7676361386138614,0.23978960396039603,0.504950495049505,0.0348
54039,Kanawha County,West Virginia,WV,0.5339,2.1651861325598245e-06,0.94529262086514,0.9390470297029703,0.5801526718000001,0.8244274809160305,0.8907797029702971,0.7360767326732673,0.369740099009901,0.9195544554455446,0.3406559405940594,0.8292079207920792,0.25092821782178215,0.6259282178217822,0.9155321782178217,0.0778
54041,Lewis County,West Virginia,WV,0.5568,2.3001711339768173e-06,0.43702290076335876,0.41986386138613857,0.5931933842,0.5311704834605598,0.1655321782178218,0.6095297029702971,0.1395420792079208,0.22679455445544555,0.3378712871287129,0.12097772277227722,0.35179455445544555,0.09777227722772278,0.4353341584158416,0.0394
54043,Lincoln County,West Virginia,WV,0.3983,2.3001711339768173e-06,0.5970101781170484,0.5136138613861386,0.7614503817,0.15394402035623408,0.25495049504950495,0.6101485148514851,0.14294554455445543,0.7397896039603961,0.3323019801980198,0.5436262376237624,0.2592821782178218,0.7274133663366337,0.338490099009901,0.0531
54045,Logan County,West Virginia,WV,0.6624,2.3001711339768173e-06,0.7923027989821882,0.723391089108911,0.7554071247,0.14249363867684478,0.4093440594059406,0.6608910891089109,0.15841584158415842,0.6800742574257426,0.6339727722772277,0.44523514851485146,0.07317450495049505,0.8304455445544554,0.4557549504950495,0.0797
54047,McDowell County,West Virginia,WV,0.8721,0.0714012158058623,0.7665394402035624,0.6154084158415841,0.9627862595000001,0.041348600508905854,0.7277227722772277,0.6676980198019802,0.1349009900990099,0.15563118811881188,0.9300742574257426,0.23452970297029702,0.07317450495049505,0.7014232673267327,0.411509900990099,0.0925
54049,Marion County,West Virginia,WV,0.4394,0.014479676229097047,0.7150127226463104,0.7212252475247525,0.4188931298,0.7639949109414758,0.49195544554455445,0.6943069306930693,0.3276608910891089,0.4006806930693069,0.1921410891089109,0.4563737623762376,0.28527227722772275,0.3208539603960396,0.6689356435643564,0.0536
54051,Marshall County,West Virginia,WV,0.2167,1.881734742618253e-06,0.5680661577608143,0.5634282178217823,0.49713740459999994,0.6902035623409669,0.2202970297029703,0.6420173267326733,0.3310643564356436,0.3412747524752475,0.13923267326732675,0.6160272277227723,0.3876856435643564,0.2592821782178218,0.5754950495049505,0.0333
54053,Mason County,West Virginia,WV,0.2774,1.6507133533648435e-06,0.5744274809160306,0.5160891089108911,0.6898854962000001,0.41221374045801523,0.22277227722772278,0.6850247524752475,0.18254950495049505,0.7048267326732673,0.25030940594059403,0.6760519801980198,0.6005569306930693,0.327970297029703,0.44152227722772275,0.0404
54055,Mercer County,West Virginia,WV,0.7343,0.037002222122749756,0.65235368956743,0.5754950495049505,0.7569974555000001,0.356234096692112,0.5563118811881188,0.6293316831683168,0.19461633663366337,0.05785891089108911,0.8112623762376238,0.3886138613861386,0.2660891089108911,0.6386138613861386,0.6621287128712872,0.0668
54057,Mineral County,West Virginia,WV,0.2135,2.3001711339768173e-06,0.5283078880407125,0.4984529702970298,0.6065521628,0.43797709923664124,0.34344059405940597,0.7011138613861386,0.20761138613861385,0.3573638613861386,0.16336633663366337,0.2651608910891089,0.5247524752475248,0.2781559405940594,0.3285891089108911,0.0346
54059,Mingo County,West Virginia,WV,0.6761,0.041644022659428716,0.7258269720101781,0.5594059405940595,0.9389312977000001,0.01812977099236641,0.4801980198019802,0.6410891089108911,0.14603960396039603,0.6772896039603961,0.5724009900990099,0.3530321782178218,0.1593440594059406,0.8227103960396039,0.39882425742574257,0.08
54061,Monongalia County,West Virginia,WV,0.3325,2.333591208634995e-06,0.7153307888040712,0.7753712871287128,0.18447837150000002,0.8387404580152672,0.6107673267326733,0.7267945544554455,0.4749381188118812,0.43595297029702973,0.2521658415841584,0.5219678217821783,0.23483910891089108,0.32673267326732675,0.7744430693069307,0.0489
54063,Monroe County,West Virginia,WV,0.3901,2.3449745370638263e-06,0.28276081424936395,0.1890470297029703,0.8400127225999999,0.14662849872773537,0.2555693069306931,0.5968440594059405,0.12159653465346534,0.054146039603960396,0.6865717821782178,0.21472772277227722,0.3681930693069307,0.5160891089108911,0.4238861386138614,0.0349
54065,Morgan County,West Virginia,WV,0.1759,0.12480831954938121,0.30438931297709926,0.25092821782178215,0.7159669211,0.36291348600508905,0.6123143564356436,0.7227722772277227,0.20606435643564355,0.3722153465346535,0.1608910891089109,0.14913366336633663,0.530940594059406,0.22400990099009901,0.20761138613861385,0.0322
54067,Nicholas County,West Virginia,WV,0.2794,2.3001711339768173e-06,0.5817430025445293,0.4876237623762376,0.8266539439999999,0.40394402035623417,0.3214727722772277,0.6005569306930693,0.12128712871287128,0.1135519801980198,0.9019183168316832,0.40655940594059403,0.2843440594059406,0.422029702970297,0.6528465346534653,0.0406
54069,Ohio County,West Virginia,WV,0.4741,0.11754907375974599,0.6981552162849873,0.7363861386138614,0.2763994911,0.9484732824427481,0.25464108910891087,0.6448019801980198,0.3527227722772277,0.3499381188118812,0.0922029702970297,0.4347153465346535,0.28898514851485146,0.17574257425742573,0.598700495049505,0.0608
54071,Pendleton County,West Virginia,WV,0.2666,2.3001711339768173e-06,0.3012086513994911,0.3443688118811881,0.37213740459999994,0.25127226463104324,0.2469059405940594,0.7094678217821783,0.09034653465346534,0.07178217821782178,0.2942450495049505,0.17233910891089108,0.48576732673267325,0.2877475247524752,0.20389851485148514,0.0293
54073,Pleasants County,West Virginia,WV,0.4295,0.0,0.20260814249363868,0.15594059405940597,0.7630407125,0.6730279898218829,0.14511138613861385,0.5773514851485149,0.1478960396039604,0.2264851485148515,0.1417079207920792,0.34405940594059403,0.27351485148514854,0.06280940594059406,0.3270420792079208,0.0215
54075,Pocahontas County,West Virginia,WV,0.5546,2.3001711339768173e-06,0.27544529262086515,0.20792079207920794,0.7652671755999999,0.3619592875318066,0.18007425742574257,0.6150990099009901,0.08168316831683169,0.02645420792079208,0.5021658415841584,0.2057549504950495,0.3650990099009901,0.15594059405940594,0.5300123762376238,0.0346
54077,Preston County,West Virginia,WV,0.4591,2.3021623963362396e-06,0.33842239185750633,0.3152846534653465,0.6071882952,0.37213740458015265,0.5293935643564357,0.6670792079207921,0.2908415841584158,0.20915841584158415,0.1967821782178218,0.3208539603960396,0.307240099009901,0.2936262376237624,0.46534653465346537,0.034
54079,Putnam County,West Virginia,WV,0.077,2.3001711339768173e-06,0.7401399491094147,0.7568069306930693,0.3444656489,0.5893765903307888,0.3412747524752475,0.6404702970297029,0.2103960396039604,0.8474628712871287,0.16676980198019803,0.692450495049505,0.4783415841584158,0.5170173267326733,0.5386757425742574,0.0444
54081,Raleigh County,West Virginia,WV,0.7887,2.3001711339768173e-06,0.6552162849872774,0.6036509900990099,0.6727099237,0.3845419847328244,0.6092202970297029,0.650680693069307,0.17883663366336633,0.16522277227722773,0.5120668316831684,0.6550123762376238,0.2063737623762376,0.7577351485148515,0.7896039603960396,0.0657
54083,Randolph County,West Virginia,WV,0.5189,2.3001711339768173e-06,0.5706106870229007,0.5810643564356436,0.42239185749999997,0.43384223918575066,0.2453589108910891,0.6352103960396039,0.11602722772277228,0.055074257425742575,0.20668316831683167,0.25030940594059403,0.3224009900990099,0.19121287128712872,0.4801980198019802,0.0493
54085,Ritchie County,West Virginia,WV,0.2609,2.3001711339768173e-06,0.16125954198473283,0.1711014851485149,0.4570610687,0.5826972010178118,0.12716584158415842,0.5971534653465347,0.11478960396039604,0.2156559405940594,0.15717821782178218,0.20451732673267325,0.36726485148514854,0.06528465346534654,0.2676361386138614,0.016
54087,Roane County,West Virginia,WV,0.6141,2.3001711339768173e-06,0.4500636132315521,0.34839108910891087,0.8279262086999999,0.23282442748091603,0.31280940594059403,0.6401608910891089,0.10983910891089109,0.40779702970297027,0.2874381188118812,0.6126237623762376,0.4396658415841584,0.1936881188118812,0.31714108910891087,0.0485
54089,Summers County,West Virginia,WV,0.6752,2.14595204872126e-06,0.40235368956743,0.270730198019802,0.8889949108999999,0.1921119592875318,0.2233910891089109,0.5671410891089109,0.09375,0.05816831683168317,0.7694925742574258,0.23205445544554457,0.2942450495049505,0.4839108910891089,0.40222772277227725,0.049
54091,Taylor County,West Virginia,WV,0.3538,2.3001711339768173e-06,0.23505089058524178,0.25464108910891087,0.44751908399999996,0.530852417302799,0.17388613861386137,0.5952970297029703,0.17419554455445543,0.16491336633663367,0.08818069306930693,0.23050742574257427,0.07317450495049505,0.17233910891089108,0.34870049504950495,0.0227
54093,Tucker County,West Virginia,WV,0.2615,2.3180924952116205e-06,0.12563613231552162,0.10983910891089108,0.6393129771,0.6081424936386769,0.14263613861386137,0.6073638613861386,0.11045792079207921,0.0625,0.2255569306930693,0.17883663366336633,0.30754950495049505,0.125,0.18193069306930693,0.0146
54095,Tyler County,West Virginia,WV,0.1349,2.3001711339768173e-06,0.35591603053435117,0.2274133663366337,0.9554707379000001,0.455470737913486,0.5108292079207921,0.6203589108910891,0.16831683168316833,0.24040841584158415,0.16058168316831684,0.36788366336633666,0.3493193069306931,0.10396039603960396,0.4808168316831683,0.0203
54097,Upshur County,West Virginia,WV,0.6045,2.301771255515639e-06,0.44847328244274803,0.4093440594059406,0.6510814249000001,0.44020356234096686,0.21070544554455445,0.6129331683168316,0.1516089108910891,0.14263613861386137,0.46070544554455445,0.33199257425742573,0.4344059405940594,0.13149752475247525,0.5897277227722773,0.0434
54099,Wayne County,West Virginia,WV,0.3694,2.3001711339768173e-06,0.7980279898218829,0.7305074257425743,0.7557251908000001,0.25254452926208654,0.45142326732673266,0.6048886138613861,0.3589108910891089,0.9139851485148515,0.24938118811881188,0.6995668316831684,0.26051980198019803,0.7673267326732673,0.4709158415841584,0.0664
54101,Webster County,West Virginia,WV,0.4916,2.3001711339768173e-06,0.35273536895674307,0.18935643564356436,0.9840966921000001,0.09478371501272263,0.16336633663366337,0.494740099009901,0.0708539603960396,0.055383663366336634,0.6284034653465347,0.34282178217821785,0.07317450495049505,0.04826732673267327,0.46441831683168316,0.0428
54103,Wetzel County,West Virginia,WV,0.3201,2.3711599957786093e-06,0.5690203562340967,0.5327970297029703,0.6323155216,0.6682569974554707,0.15686881188118812,0.6358292079207921,0.18224009900990099,0.25773514851485146,0.2172029702970297,0.33941831683168316,0.28279702970297027,0.13056930693069307,0.4588490099009901,0.0369
54105,Wirt County,West Virginia,WV,0.2552,2.3001711339768173e-06,0.09033078880407125,0.07889851485148515,0.5467557252,0.21278625954198474,0.12159653465346534,0.47988861386138615,0.09746287128712872,0.21287128712871287,0.07209158415841584,0.27629950495049505,0.28155940594059403,0.03217821782178218,0.14511138613861385,0.023
54107,Wood County,West Virginia,WV,0.3869,0.01750762135815903,0.7983460559796438,0.7778465346534653,0.5861959288,0.8845419847328244,0.629950495049505,0.7035891089108911,0.3468440594059406,0.687190594059406,0.18409653465346534,0.7577351485148515,0.2973391089108911,0.28032178217821785,0.7673267326732673,0.058
54109,Wyoming County,West Virginia,WV,0.5173,2.3001711339768173e-06,0.6736641221374046,0.5857054455445546,0.7655852417,0.07410941475826972,0.29300742574257427,0.6373762376237624,0.11633663366336634,0.1782178217821782,0.770730198019802,0.26423267326732675,0.17141089108910892,0.7521658415841584,0.40810643564356436,0.0659
55001,Adams County,Wisconsin,WI,0.5259,2.268512419099566e-06,0.708969465648855,0.5971534653465347,0.8648218830000001,0.21851145038167938,0.7698019801980198,0.3285891089108911,0.7416460396039604,0.7342202970297029,0.90625,0.494740099009901,0.42264851485148514,0.5439356435643564,0.34375,0.0642
55003,Ashland County,Wisconsin,WI,0.4852,2.202067365542205e-06,0.31679389312977096,0.29207920792079206,0.637086514,0.731234096692112,0.19275990099009901,0.1551670792079208,0.16120049504950495,0.26051980198019803,0.8833539603960396,0.18254950495049505,0.1967821782178218,0.07982673267326733,0.5702351485148515,0.0272
55005,Barron County,Wisconsin,WI,0.4009,2.3001711339768173e-06,0.6863867684478372,0.6902846534653464,0.4701017812,0.7080152671755725,0.8264232673267327,0.1551670792079208,0.7568069306930693,0.7719678217821783,0.948019801980198,0.48607673267326734,0.22679455445544555,0.1983292079207921,0.6794554455445545,0.0492
55007,Bayfield County,Wisconsin,WI,0.097,2.2492738946820527e-06,0.3508269720101781,0.32240099009900985,0.6539440204,0.7671755725190841,0.6469678217821783,0.1551670792079208,0.18316831683168316,0.3381806930693069,0.8660272277227723,0.21318069306930693,0.24040841584158415,0.19709158415841585,0.6280940594059405,0.0144
55009,Brown County,Wisconsin,WI,0.3007,0.04149685192581825,0.9004452926208651,0.9090346534653464,0.1746183206,0.9491094147582696,0.3285891089108911,0.4520420792079208,0.9359529702970297,0.7685643564356436,0.9811262376237624,0.5151608910891089,0.07317450495049505,0.3564356435643564,0.9517326732673267,0.0674
55011,Buffalo County,Wisconsin,WI,0.0595,2.4050987485182115e-06,0.1453562340966921,0.22091584158415842,0.1892493639,0.4637404580152672,0.3063118811881188,0.1551670792079208,0.3811881188118812,0.3254950495049505,0.5671410891089109,0.4430693069306931,0.4254331683168317,0.0686881188118812,0.2629950495049505,0.0111
55013,Burnett County,Wisconsin,WI,0.1928,2.3001711339768173e-06,0.4933206106870229,0.4077970297029702,0.7668575063999999,0.28307888040712476,0.5903465346534653,0.1551670792079208,0.4814356435643564,0.4084158415841584,0.833230198019802,0.42419554455445546,0.24907178217821782,0.6961633663366337,0.7933168316831684,0.0347
55015,Calumet County,Wisconsin,WI,0.0115,1.7279310293945408e-06,0.3018447837150127,0.5798267326732673,0.10623409669999999,0.9907760814249365,0.4285272277227723,0.3338490099009901,0.59375,0.4817450495049505,0.7227722772277227,0.22741336633663367,0.07317450495049505,0.12530940594059406,0.5550742574257426,0.0115
55017,Chippewa County,Wisconsin,WI,0.1056,2.138588456555103e-06,0.6733460559796438,0.7379331683168318,0.18734096690000002,0.8196564885496184,0.8224009900990099,0.1551670792079208,0.7168935643564357,0.5625,0.8978960396039604,0.5352722772277227,0.15253712871287128,0.22215346534653466,0.7020420792079208,0.0374
55019,Clark County,Wisconsin,WI,0.6347,0.10512018333561964,0.6844783715012723,0.5612623762376238,0.9185750636000001,0.29961832061068705,0.7435024752475248,0.1551670792079208,0.7246287128712872,0.598700495049505,0.9266707920792079,0.5758044554455446,0.26639851485148514,0.21967821782178218,0.7249381188118812,0.072
55021,Columbia County,Wisconsin,WI,0.0993,0.052629630094210456,0.8142493638676843,0.8418935643564357,0.239821883,0.912531806615776,0.7267945544554455,0.3369430693069307,0.7639232673267327,0.8112623762376238,0.8329207920792079,0.40470297029702973,0.40439356435643564,0.43873762376237624,0.38892326732673266,0.0528
55023,Crawford County,Wisconsin,WI,0.2905,1.6647989421745384e-06,0.4621501272264631,0.48948019801980197,0.4328880407,0.7379134860050891,0.494740099009901,0.3186881188118812,0.5956064356435643,0.7670173267326733,0.6738861386138614,0.49195544554455445,0.36417079207920794,0.16274752475247525,0.25866336633663367,0.0286
55025,Dane County,Wisconsin,WI,0.1855,2.198314981797606e-06,0.9386132315521628,0.9526608910891088,0.159351145,0.9780534351145039,0.9266707920792079,0.4746287128712871,0.9764851485148515,0.9551361386138614,0.9900990099009901,0.8462252475247525,0.41491336633663367,0.6132425742574258,0.906559405940594,0.0641
55027,Dodge County,Wisconsin,WI,0.1584,0.058806394094601186,0.6991094147582697,0.7599009900990099,0.1940203562,0.9277989821882952,0.7840346534653465,0.39511138613861385,0.8573638613861386,0.7370049504950495,0.8762376237623762,0.46132425742574257,0.47617574257425743,0.4900990099009901,0.6055074257425742,0.0454
55029,Door County,Wisconsin,WI,0.0525,2.562308827251192e-06,0.4688295165394402,0.4975247524752475,0.45260814250000003,0.9977735368956744,0.4771039603960396,0.1551670792079208,0.48978960396039606,0.12840346534653466,0.8601485148514851,0.4439975247524752,0.07317450495049505,0.4152227722772277,0.4975247524752475,0.0187
55031,Douglas County,Wisconsin,WI,0.2946,2.3001711339768173e-06,0.6237277353689568,0.6788366336633663,0.256043257,0.4440203562340967,0.3025990099009901,0.1551670792079208,0.2933168316831683,0.6284034653465347,0.9483292079207921,0.31280940594059403,0.1797648514851485,0.4087252475247525,0.7388613861386139,0.0459
55033,Dunn County,Wisconsin,WI,0.188,0.06663162072108236,0.48791348600508905,0.6367574257425743,0.10623409669999999,0.5671119592875318,0.8016707920792079,0.1551670792079208,0.6915222772277227,0.5643564356435643,0.7954826732673267,0.3963490099009901,0.19399752475247525,0.14294554455445543,0.650680693069307,0.0365
55035,Eau Claire County,Wisconsin,WI,0.1616,2.3516155762744957e-06,0.7830788804071247,0.8301361386138614,0.1698473282,0.8501908396946563,0.8920173267326733,0.1551670792079208,0.8112623762376238,0.6856435643564357,0.9415222772277227,0.6488242574257426,0.18688118811881188,0.32023514851485146,0.7175123762376238,0.0487
55037,Florence County,Wisconsin,WI,0.112,2.0949348951321296e-06,0.5419847328244276,0.5587871287128713,0.41189567429999996,0.4688295165394402,0.11293316831683169,0.1551670792079208,0.1342821782178218,0.08168316831683169,0.9715346534653465,0.07673267326732673,0.15594059405940594,0.11107673267326733,0.21070544554455445,0.0319
55039,Fond du Lac County,Wisconsin,WI,0.1887,2.1718984846988872e-06,0.7630407124681934,0.8162128712871286,0.1657124682,0.94147582697201,0.8573638613861386,0.411509900990099,0.8879950495049505,0.724009900990099,0.911819306930693,0.3465346534653465,0.25433168316831684,0.5204207920792079,0.6333539603960396,0.0474
55041,Forest County,Wisconsin,WI,0.3799,0.002083965962862962,0.47391857506361323,0.41491336633663367,0.7185114504000001,0.5305343511450382,0.21008663366336633,0.1551670792079208,0.24102722772277227,0.10922029702970297,0.9523514851485149,0.09096534653465346,0.19801980198019803,0.1577970297029703,0.422029702970297,0.0349
55043,Grant County,Wisconsin,WI,0.2224,2.4808172112233485e-06,0.6106870229007634,0.619740099009901,0.47137404580000003,0.638676844783715,0.8313737623762376,0.3719059405940594,0.7701113861386139,0.6432549504950495,0.8146658415841584,0.567450495049505,0.65625,0.18935643564356436,0.7571163366336634,0.0377
55045,Green County,Wisconsin,WI,0.0684,2.183958566744044e-06,0.464058524173028,0.5637376237623762,0.1777989822,0.8190203562340967,0.5860148514851485,0.3378712871287129,0.6652227722772277,0.5408415841584159,0.8233292079207921,0.46410891089108913,0.35767326732673266,0.3301361386138614,0.31745049504950495,0.0209
55047,Green Lake County,Wisconsin,WI,0.4228,2.129146141856062e-06,0.580470737913486,0.4885519801980198,0.8610050891000001,0.7792620865139949,0.6887376237623762,0.35241336633663367,0.7574257425742574,0.5655940594059405,0.7784653465346535,0.2756806930693069,0.44832920792079206,0.48514851485148514,0.2979579207920792,0.0392
55049,Iowa County,Wisconsin,WI,0.0051,2.282350823395956e-06,0.23377862595419846,0.38273514851485146,0.12181933839999999,0.9316157760814248,0.39139851485148514,0.3189975247524752,0.5071163366336634,0.4588490099009901,0.6135519801980198,0.34220297029702973,0.2995049504950495,0.21658415841584158,0.17574257425742573,0.0065
55051,Iron County,Wisconsin,WI,0.0926,1.4172372180653065e-06,0.11482188295165396,0.07673267326732673,0.7604961831999999,0.31583969465648853,0.17202970297029702,0.1551670792079208,0.1463490099009901,0.14665841584158415,0.7298886138613861,0.17543316831683167,0.1791460396039604,0.09931930693069307,0.4718440594059406,0.0146
55053,Jackson County,Wisconsin,WI,0.5231,2.307638367824652e-06,0.4805979643765903,0.4501856435643564,0.6195928753,0.5041348600508906,0.7141089108910891,0.1551670792079208,0.5287747524752475,0.5507425742574258,0.8109529702970297,0.5114480198019802,0.4656559405940594,0.3285891089108911,0.43285891089108913,0.0412
55055,Jefferson County,Wisconsin,WI,0.1276,2.3001711339768173e-06,0.7579516539440203,0.807240099009901,0.1981552163,0.9214376590330786,0.6788366336633663,0.3650990099009901,0.8650990099009901,0.7233910891089109,0.8570544554455446,0.47926980198019803,0.3932549504950495,0.4155321782178218,0.8134282178217822,0.0447
55057,Juneau County,Wisconsin,WI,0.4273,1.8518935274496232e-06,0.7080152671755725,0.6655321782178217,0.6405852417,0.4907760814249364,0.5532178217821783,0.3217821782178218,0.6624381188118812,0.9529702970297029,0.8505569306930693,0.30445544554455445,0.36169554455445546,0.47988861386138615,0.5436262376237624,0.0549
55059,Kenosha County,Wisconsin,WI,0.5215,1.7383040965785832e-06,0.8495547073791349,0.8678836633663366,0.2369592875,0.9732824427480916,0.9232673267326733,0.39294554455445546,0.9288366336633663,0.8109529702970297,0.9829826732673267,0.45482673267326734,0.45389851485148514,0.3103341584158416,0.9313118811881188,0.0669
55061,Kewaunee County,Wisconsin,WI,0.0064,1.9271498286586313e-06,0.17302798982188292,0.286509900990099,0.1405852417,0.9910941475826972,0.3499381188118812,0.3811881188118812,0.4130569306930693,0.2255569306930693,0.6748143564356436,0.19337871287128713,0.07317450495049505,0.12314356435643564,0.42667079207920794,0.0038
55063,La Crosse County,Wisconsin,WI,0.182,1.758219935592573e-06,0.8053435114503816,0.8474628712871286,0.1628498728,0.924618320610687,0.7750618811881188,0.1551670792079208,0.8499381188118812,0.8889232673267327,0.96875,0.4656559405940594,0.28991336633663367,0.14232673267326731,0.5643564356435643,0.051
55065,Lafayette County,Wisconsin,WI,0.1339,1.8048068040448826e-06,0.33142493638676845,0.42264851485148514,0.2414122137,0.5814249363867684,0.5006188118811881,0.35767326732673266,0.46070544554455445,0.4068688118811881,0.8350866336633663,0.4282178217821782,0.4746287128712871,0.17048267326732675,0.17233910891089108,0.0188
55067,Langlade County,Wisconsin,WI,0.1607,1.5153409864999188e-06,0.4955470737913486,0.5089727722772277,0.4790076336,0.7258269720101781,0.4749381188118812,0.1551670792079208,0.4709158415841584,0.19028465346534654,0.9306930693069307,0.3777846534653465,0.3041460396039604,0.22772277227722773,0.7382425742574258,0.026
55069,Lincoln County,Wisconsin,WI,0.1775,0.05242460732592896,0.5263994910941476,0.5909653465346534,0.2589058524,0.7646310432569975,0.40160891089108913,0.1551670792079208,0.45544554455445546,0.21596534653465346,0.9025371287128713,0.3589108910891089,0.32363861386138615,0.3152846534653465,0.6404702970297029,0.0332
55071,Manitowoc County,Wisconsin,WI,0.1346,6.801590159458303e-05,0.6892493638676843,0.7465965346534653,0.22964376590000002,0.9936386768447837,0.6126237623762376,0.41955445544554454,0.7787747524752475,0.8066212871287128,0.8623143564356436,0.3310643564356436,0.07317450495049505,0.2141089108910891,0.6661509900990099,0.0387
55073,Marathon County,Wisconsin,WI,0.1473,0.03992966156384321,0.871501272264631,0.8836633663366337,0.24618320610000002,0.8673664122137404,0.5816831683168316,0.1551670792079208,0.8422029702970297,0.6413985148514851,0.9845297029702971,0.619430693069307,0.07317450495049505,0.41707920792079206,0.9529702970297029,0.0593
55075,Marinette County,Wisconsin,WI,0.1088,2.3001711339768173e-06,0.8002544529262089,0.8044554455445545,0.4188931298,0.6119592875318066,0.5603341584158416,0.1551670792079208,0.5043316831683168,0.265470297029703,0.9839108910891089,0.5068069306930693,0.21008663366336633,0.4817450495049505,0.8254950495049505,0.0505
55077,Marquette County,Wisconsin,WI,0.2227,2.3792797996346415e-06,0.4758269720101781,0.4662747524752475,0.5467557252,0.5489821882951654,0.44152227722772275,0.3146658415841584,0.5420792079207921,0.6404702970297029,0.8728341584158416,0.1478960396039604,0.3694306930693069,0.3845915841584158,0.1943069306930693,0.0295
55078,Menominee County,Wisconsin,WI,0.5743,2.9164213808569066e-06,0.09128498727735368,0.04888613861386139,0.9408396947,0.4856870229007634,0.21503712871287128,0.1551670792079208,0.23607673267326731,0.1775990099009901,0.7267945544554455,0.22122524752475248,0.07317450495049505,0.05724009900990099,0.7639232673267327,0.0275
55079,Milwaukee County,Wisconsin,WI,0.8276,0.105233020114791,0.9837786259541984,0.9811262376237625,0.6383587786,0.9860050890585242,0.9495668316831684,0.39758663366336633,0.9897896039603961,0.9907178217821783,0.999690594059406,0.7874381188118812,0.18935643564356436,0.31435643564356436,0.6277846534653465,0.1003
55081,Monroe County,Wisconsin,WI,0.4432,2.4178139761525018e-06,0.7884860050890584,0.7277227722772277,0.7573155216,0.65235368956743,0.8391089108910891,0.34251237623762376,0.7698019801980198,0.7698019801980198,0.9588490099009901,0.5126856435643564,0.3155940594059406,0.35086633663366334,0.48978960396039606,0.0594
55083,Oconto County,Wisconsin,WI,0.0204,2.546671232728853e-06,0.6145038167938931,0.6432549504950495,0.39344783720000004,0.8695928753180663,0.5352722772277227,0.1551670792079208,0.6138613861386139,0.30816831683168316,0.8709777227722773,0.3694306930693069,0.15501237623762376,0.40470297029702973,0.8688118811881188,0.0284
55085,Oneida County,Wisconsin,WI,0.036,0.4999685077347605,0.6253180661577608,0.661819306930693,0.3374681934,0.840966921119593,0.317759900990099,0.1551670792079208,0.4817450495049505,0.1791460396039604,0.9464727722772277,0.3415841584158416,0.31157178217821785,0.29176980198019803,0.7670173267326733,0.0702
55087,Outagamie County,Wisconsin,WI,0.0671,2.3001711339768173e-06,0.7967557251908397,0.8595297029702971,0.1138676845,0.9672391857506362,0.7038985148514851,0.3932549504950495,0.8719059405940595,0.7215346534653465,0.9563737623762376,0.6259282178217822,0.07317450495049505,0.2868193069306931,0.9071782178217822,0.0463
55089,Ozaukee County,Wisconsin,WI,0.0395,3.507520301643764e-06,0.5031806615776081,0.7512376237623762,0.10623409669999999,1.0,0.32889851485148514,0.31373762376237624,0.6039603960396039,0.5761138613861386,0.8326113861386139,0.2623762376237624,0.23669554455445543,0.21689356435643564,0.43007425742574257,0.0243
55091,Pepin County,Wisconsin,WI,0.0442,2.645437999139049e-06,0.07188295165394402,0.08353960396039603,0.32029262090000005,0.5219465648854962,0.38675742574257427,0.1551670792079208,0.328279702970297,0.25711633663366334,0.3660272277227723,0.21844059405940594,0.3629331683168317,0.04857673267326733,0.1655321782178218,0.0075
55093,Pierce County,Wisconsin,WI,0.0216,2.1578489998065082e-06,0.42334605597964375,0.5829207920792079,0.10623409669999999,0.5381679389312977,0.8282797029702971,0.1551670792079208,0.7413366336633663,0.3771658415841584,0.594059405940594,0.2843440594059406,0.3818069306930693,0.20080445544554457,0.47926980198019803,0.0217
55095,Polk County,Wisconsin,WI,0.0703,0.14285071593490448,0.6329516539440203,0.6528465346534653,0.3998091603,0.5591603053435115,0.8917079207920792,0.1551670792079208,0.7713490099009901,0.6154084158415841,0.9068688118811881,0.47586633663366334,0.2926980198019802,0.43254950495049505,0.71875,0.047
55097,Portage County,Wisconsin,WI,0.1063,2.754348014472055e-06,0.6272264631043257,0.7722772277227723,0.10623409669999999,0.8520992366412213,0.6676980198019802,0.1551670792079208,0.7100866336633663,0.45142326732673266,0.880259900990099,0.3917079207920792,0.20544554455445543,0.34189356435643564,0.7397896039603961,0.0349
55099,Price County,Wisconsin,WI,0.2253,4.189904534485366e-06,0.3231552162849873,0.3165222772277227,0.56456743,0.5636132315521628,0.27382425742574257,0.1551670792079208,0.36107673267326734,0.23514851485148514,0.8369430693069307,0.32054455445544555,0.26330445544554454,0.16058168316831684,0.5377475247524752,0.0209
55101,Racine County,Wisconsin,WI,0.4674,2.3361296183667374e-06,0.8543256997455471,0.8681930693069307,0.268129771,0.9875954198473282,0.864480198019802,0.40191831683168316,0.932549504950495,0.8366336633663366,0.9619430693069307,0.5099009900990099,0.48298267326732675,0.31683168316831684,0.8372524752475248,0.0654
55103,Richland County,Wisconsin,WI,0.3764,2.547348496820516e-06,0.5155852417302799,0.4650371287128713,0.7000636132,0.6358142493638677,0.48514851485148514,0.3224009900990099,0.5232054455445545,0.6642945544554455,0.7648514851485149,0.5194925742574258,0.3771658415841584,0.17141089108910892,0.24907178217821782,0.0355
55105,Rock County,Wisconsin,WI,0.2988,2.3205046231757403e-06,0.8635496183206108,0.8814975247524752,0.18447837150000002,0.8120229007633588,0.8657178217821783,0.3691212871287129,0.9449257425742574,0.8149752475247525,0.9421410891089109,0.6095297029702971,0.4938118811881188,0.2880569306930693,0.8511757425742574,0.0613
55107,Rusk County,Wisconsin,WI,0.216,2.6320791873652132e-06,0.3727735368956743,0.36788366336633666,0.5467557252,0.6075063613231552,0.28125,0.1551670792079208,0.3620049504950495,0.3149752475247525,0.838799504950495,0.2660891089108911,0.3657178217821782,0.09158415841584158,0.4916460396039604,0.0223
55109,St. Croix County,Wisconsin,WI,0.0086,2.3248211438520206e-06,0.6412213740458015,0.7728960396039604,0.10623409669999999,0.773854961832061,0.937190594059406,0.1551670792079208,0.8521039603960396,0.5080445544554455,0.7701113861386139,0.3941831683168317,0.15717821782178218,0.46751237623762376,0.7667079207920792,0.033
55111,Sauk County,Wisconsin,WI,0.2323,2.4013504914937385e-06,0.7210559796437659,0.7710396039603961,0.21851145039999997,0.8256997455470738,0.5968440594059405,0.3251856435643564,0.7886757425742574,0.6865717821782178,0.8626237623762376,0.5386757425742574,0.3505569306930693,0.29146039603960394,0.5402227722772277,0.0457
55113,Sawyer County,Wisconsin,WI,0.3758,2.3331330780009106e-06,0.7449109414758268,0.6571782178217822,0.8470101781,0.5197201017811705,0.6673886138613861,0.1551670792079208,0.32116336633663367,0.3561262376237624,0.9820544554455446,0.4275990099009901,0.3561262376237624,0.1998762376237624,0.5900371287128713,0.0549
55115,Shawano County,Wisconsin,WI,0.1769,2.412216633409561e-06,0.6313613231552163,0.6909034653465347,0.2363231552,0.782442748091603,0.7076113861386139,0.1551670792079208,0.6683168316831684,0.43904702970297027,0.9344059405940595,0.4146039603960396,0.07317450495049505,0.24040841584158415,0.7750618811881188,0.0367
55117,Sheboygan County,Wisconsin,WI,0.16,2.3001711339768173e-06,0.7019720101781171,0.7750618811881188,0.159351145,0.9942748091603053,0.4993811881188119,0.41800742574257427,0.8483910891089109,0.6918316831683168,0.875309405940594,0.2933168316831683,0.07317450495049505,0.2908415841584158,0.6410891089108911,0.0411
55119,Taylor County,Wisconsin,WI,0.189,2.3001711339768173e-06,0.37181933842239184,0.3978960396039604,0.44592875319999997,0.5423027989821882,0.3149752475247525,0.1551670792079208,0.500309405940594,0.33879950495049505,0.8140470297029703,0.49226485148514854,0.2119430693069307,0.16738861386138615,0.7323638613861386,0.0228
55121,Trempealeau County,Wisconsin,WI,0.1989,2.3001711339768173e-06,0.5865139949109415,0.6064356435643564,0.4064885496,0.7019720101781171,0.6543935643564357,0.1551670792079208,0.6092202970297029,0.620049504950495,0.7967202970297029,0.49969059405940597,0.3972772277227723,0.15532178217821782,0.7694925742574258,0.0343
55123,Vernon County,Wisconsin,WI,0.4779,2.3613606616097497e-06,0.7496819338422391,0.6813118811881188,0.7938931298,0.6498091603053436,0.7626856435643564,0.32982673267326734,0.7026608910891089,0.6810024752475248,0.9613242574257426,0.520730198019802,0.45235148514851486,0.19492574257425743,0.34529702970297027,0.057
55125,Vilas County,Wisconsin,WI,0.0729,2.3001711339768173e-06,0.6326335877862596,0.5804455445544554,0.6886132316,0.6272264631043257,0.8109529702970297,0.1551670792079208,0.3100247524752475,0.15872524752475248,0.9467821782178217,0.4885519801980198,0.22246287128712872,0.24257425742574257,0.6698638613861386,0.0332
55127,Walworth County,Wisconsin,WI,0.2074,2.307063965220972e-06,0.7477735368956744,0.7957920792079208,0.207697201,0.8034351145038169,0.8162128712871287,0.35179455445544555,0.8852103960396039,0.7490717821782178,0.8836633663366337,0.4854579207920792,0.4520420792079208,0.2728960396039604,0.7608292079207921,0.0474
55129,Washburn County,Wisconsin,WI,0.119,2.576376491004462e-06,0.3276081424936387,0.3629331683168317,0.4134860051,0.585559796437659,0.3152846534653465,0.1551670792079208,0.3728341584158416,0.35086633663366334,0.8459158415841584,0.28589108910891087,0.30507425742574257,0.41120049504950495,0.7141089108910891,0.0173
55131,Washington County,Wisconsin,WI,0.008,0.44463736126448034,0.6832061068702289,0.8310643564356436,0.10623409669999999,0.9688295165394402,0.5971534653465347,0.3270420792079208,0.8449876237623762,0.7301980198019802,0.9050123762376238,0.3808787128712871,0.3496287128712871,0.5043316831683168,0.6048886138613861,0.0711
55133,Waukesha County,Wisconsin,WI,0.0191,0.0731320303766846,0.888676844783715,0.9362623762376237,0.10623409669999999,0.9736005089058524,0.5733292079207921,0.33044554455445546,0.958230198019802,0.9077970297029703,0.9746287128712872,0.8298267326732673,0.3347772277227723,0.510519801980198,0.6132425742574258,0.0594
55135,Waupaca County,Wisconsin,WI,0.1142,0.0714264285566375,0.6758905852417303,0.661200495049505,0.5575699746,0.7633587786259542,0.6707920792079208,0.1551670792079208,0.7744430693069307,0.562190594059406,0.9186262376237624,0.4650371287128713,0.19090346534653466,0.4248143564356436,0.8010519801980198,0.0427
55137,Waushara County,Wisconsin,WI,0.3917,2.3001711339768173e-06,0.43256997455470736,0.4879331683168317,0.33301526719999996,0.5022264631043257,0.6172648514851485,0.3245668316831683,0.6129331683168316,0.4619430693069307,0.7710396039603961,0.29238861386138615,0.44461633663366334,0.525990099009901,0.2973391089108911,0.0347
55139,Winnebago County,Wisconsin,WI,0.1549,2.3001711339768173e-06,0.8683206106870229,0.8842821782178217,0.207697201,0.9767811704834606,0.9455445544554455,0.38366336633663367,0.9149133663366337,0.7592821782178217,0.9545173267326733,0.5337252475247525,0.28125,0.41800742574257427,0.8338490099009901,0.0556
55141,Wood County,Wisconsin,WI,0.1791,2.3001711339768173e-06,0.7589058524173028,0.7933168316831682,0.26176844779999997,0.8441475826972009,0.3685024752475248,0.1551670792079208,0.7954826732673267,0.5142326732673267,0.9443069306930693,0.48669554455445546,0.1676980198019802,0.49566831683168316,0.6605816831683168,0.0468
56001,Albany County,Wyoming,WY,0.2533,2.3602669203374625e-06,0.4847328244274809,0.5686881188118812,0.2111959288,0.7471374045801527,0.23978960396039603,0.1551670792079208,0.3845915841584158,0.02645420792079208,0.8663366336633663,0.5423886138613861,0.07317450495049505,0.8508663366336634,0.8341584158415841,0.0295
56003,Big Horn County,Wyoming,WY,0.531,2.2881960271325234e-06,0.31138676844783714,0.3035272277227723,0.5260814249,0.07729007633587787,0.1438737623762376,0.1551670792079208,0.18997524752475248,0.12128712871287128,0.5900371287128713,0.15439356435643564,0.4099628712871287,0.6240717821782178,0.3873762376237624,0.0442
56005,Campbell County,Wyoming,WY,0.2367,2.3001711339768173e-06,0.5613867684478372,0.676361386138614,0.10623409669999999,0.08174300254452926,0.33323019801980197,0.1551670792079208,0.4780321782178218,0.15408415841584158,0.8780940594059405,0.21441831683168316,0.1958539603960396,0.9310024752475248,0.6349009900990099,0.0503
56007,Carbon County,Wyoming,WY,0.5377,2.291013699331181e-06,0.4268447837150127,0.43409653465346537,0.4783715013,0.25604325699745545,0.1203589108910891,0.1551670792079208,0.11107673267326733,0.02645420792079208,0.7094678217821783,0.5659034653465347,0.2264851485148515,0.8239480198019802,0.900680693069307,0.045
56009,Converse County,Wyoming,WY,0.2781,2.3561938836931892e-06,0.3142493638676845,0.33972772277227725,0.42430025450000003,0.12340966921119591,0.07549504950495049,0.1551670792079208,0.2626856435643564,0.10396039603960396,0.7283415841584159,0.23081683168316833,0.25154702970297027,0.9133663366336634,0.3876856435643564,0.034
56011,Crook County,Wyoming,WY,0.0722,2.3364211484991754e-06,0.1606234096692112,0.18780940594059406,0.33555979639999994,0.02385496183206107,0.20358910891089108,0.1551670792079208,0.2431930693069307,0.07704207920792079,0.5977722772277227,0.14232673267326731,0.2088490099009901,0.8545792079207921,0.33044554455445546,0.0243
56013,Fremont County,Wyoming,WY,0.7642,2.3138105590902353e-06,0.5973282442748091,0.5782797029702972,0.5276717557,0.11768447837150128,0.24721534653465346,0.1551670792079208,0.21782178217821782,0.18224009900990099,0.6862623762376238,0.23607673267326731,0.37469059405940597,0.9275990099009901,0.843440594059406,0.0685
56015,Goshen County,Wyoming,WY,0.2918,2.3052915229010467e-06,0.28466921119592875,0.3295173267326732,0.3552798982,0.2958015267175573,0.19461633663366337,0.1551670792079208,0.484529702970297,0.16800742574257427,0.7017326732673267,0.5383663366336634,0.5659034653465347,0.7336014851485149,0.42017326732673266,0.0283
56017,Hot Springs County,Wyoming,WY,0.1938,2.3001711339768173e-06,0.160941475826972,0.11509900990099013,0.7334605598,0.13072519083969467,0.07951732673267327,0.1551670792079208,0.1379950495049505,0.08818069306930693,0.3087871287128713,0.11540841584158416,0.18626237623762376,0.6735767326732673,0.39820544554455445,0.0247
56019,Johnson County,Wyoming,WY,0.1709,2.3001711339768173e-06,0.19306615776081426,0.20699257425742573,0.4277989822,0.11195928753180659,0.17233910891089108,0.1551670792079208,0.1791460396039604,0.10117574257425743,0.411509900990099,0.13025990099009901,0.21782178217821782,0.8818069306930693,0.2722772277227723,0.0257
56021,Laramie County,Wyoming,WY,0.2514,0.00013622611879793094,0.7668575063613232,0.807549504950495,0.2204198473,0.4901399491094148,0.7181311881188119,0.1551670792079208,0.8867574257425742,0.2218440594059406,0.9356435643564357,0.9207920792079208,0.29826732673267325,0.9207920792079208,0.8941831683168316,0.0555
56023,Lincoln County,Wyoming,WY,0.118,2.3001711339768173e-06,0.5190839694656488,0.567759900990099,0.2913486005,0.15076335877862596,0.13366336633663367,0.1551670792079208,0.15253712871287128,0.05662128712871287,0.1766707920792079,0.18347772277227722,0.23731435643564355,0.8406559405940595,0.7255569306930693,0.0396
56025,Natrona County,Wyoming,WY,0.3987,2.3001711339768173e-06,0.6886132315521628,0.7484529702970297,0.2051526718,0.5728371501272265,0.08199257425742575,0.1551670792079208,0.3864480198019802,0.20235148514851486,0.8301361386138614,0.45823019801980197,0.2317450495049505,0.932240099009901,0.681930693069307,0.0525
56027,Niobrara County,Wyoming,WY,0.419,2.652314132194011e-06,0.03339694656488549,0.01670792079207921,0.7907124682,0.10941475826972011,0.0594059405940594,0.1551670792079208,0.15872524752475248,0.0906559405940594,0.4458539603960396,0.10952970297029703,0.2716584158415842,0.8140470297029703,0.14016089108910892,0.0314
56029,Park County,Wyoming,WY,0.1072,2.3001711339768173e-06,0.5772900763358778,0.5999381188118812,0.3845419847,0.6014631043256997,0.31157178217821785,0.1551670792079208,0.2787747524752475,0.11571782178217822,0.8539603960396039,0.20513613861386137,0.3994430693069307,0.8319925742574258,0.8536509900990099,0.0319
56031,Platte County,Wyoming,WY,0.3309,2.3054421225752888e-06,0.25731552162849874,0.16584158415841585,0.8387404580000001,0.13931297709923662,0.2537128712871287,0.1551670792079208,0.35396039603960394,0.12592821782178218,0.6732673267326733,0.5232054455445545,0.38242574257425743,0.8793316831683168,0.47308168316831684,0.0321
56033,Sheridan County,Wyoming,WY,0.2211,2.3001711339768173e-06,0.6520356234096693,0.6862623762376238,0.3244274809,0.5089058524173028,0.18162128712871287,0.1551670792079208,0.24288366336633663,0.359220297029703,0.7769183168316832,0.20266089108910892,0.25123762376237624,0.9405940594059405,0.6970915841584159,0.0438
56035,Sublette County,Wyoming,WY,0.1225,2.3001711339768173e-06,0.21628498727735368,0.2682549504950495,0.2754452926,0.021310432569974547,0.0609529702970297,0.1551670792079208,0.08353960396039604,0.02645420792079208,0.21875,0.14294554455445543,0.2255569306930693,0.880569306930693,0.7970297029702971,0.0281
56037,Sweetwater County,Wyoming,WY,0.4722,2.351525321216825e-06,0.30629770992366406,0.4084158415841584,0.1933842239,0.16380407124681934,0.1265470297029703,0.1551670792079208,0.11819306930693069,0.02645420792079208,0.593440594059406,0.22060643564356436,0.21813118811881188,0.6707920792079208,0.5711633663366337,0.0402
56039,Teton County,Wyoming,WY,0.1693,2.6082962574168617e-06,0.7064249363867684,0.7991955445544554,0.10623409669999999,0.42461832061068705,0.11417079207920793,0.1551670792079208,0.21596534653465346,0.05724009900990099,0.24566831683168316,0.1844059405940594,0.18719059405940594,0.9090346534653465,0.9724628712871287,0.0496
56041,Uinta County,Wyoming,WY,0.2803,2.332605357496822e-06,0.1669847328244275,0.2620668316831683,0.1494910941,0.1253180661577608,0.22679455445544555,0.1551670792079208,0.12840346534653466,0.02645420792079208,0.22772277227722773,0.16058168316831684,0.20018564356435645,0.8394183168316832,0.6782178217821783,0.0291
56043,Washakie County,Wyoming,WY,0.2192,2.3001711339768173e-06,0.2436386768447837,0.1791460396039604,0.7945292621,0.5537531806615776,0.08663366336633663,0.1551670792079208,0.1729579207920792,0.10860148514851485,0.349009900990099,0.13830445544554457,0.31404702970297027,0.6763613861386139,0.24566831683168316,0.0171
56045,Weston County,Wyoming,WY,0.3331,2.3772024148368283e-06,0.07888040712468193,0.11540841584158416,0.21310432569999999,0.03339694656488549,0.1500618811881188,0.1551670792079208,0.2438118811881188,0.08446782178217822,0.5371287128712872,0.11602722772277228,0.16986386138613863,0.8418935643564357,0.2376237623762376,0.0316
