{"auc": 1.0, "accuracy": 1.0, "train_rows": 611, "test_rows": 153, "roc_curve": {"fpr": [0.0, 0.0, 1.0], "tpr": [0.0, 1.0, 1.0]}, "calibration": {"predicted": [1.4987441593666523e-05, 0.9999715729606818], "observed": [0.0, 1.0]}, "stability": [{"YEAR": 1950, "mean_pred": 0.34977558686082627, "mean_actual": 0.34977578475336324}, {"YEAR": 1951, "mean_pred": 0.2602267383201668, "mean_actual": 0.26022304832713755}, {"YEAR": 1952, "mean_pred": 0.4007328838444635, "mean_actual": 0.4007352941176471}]}